"Kelime";"Arama amacı";"Öncelik";"Hedef sayfa";"Nerede geçmeli";"Grup"
"malatya anahtar teslim daire";"ticari";"1";"https://cbinsaat.com/hizmetler/anahtar-teslim-daire/";"title ve H1";"Anahtar Teslim Tadilat"
"malatya apartman ortak alan tadilatı";"ticari";"1";"https://cbinsaat.com/hizmetler/apartman-ortak-alan-tadilati/";"title ve H1";"Anahtar Teslim Tadilat"
"malatya bina tesisat yenileme";"ticari";"1";"https://cbinsaat.com/hizmetler/bina-tesisat-yenileme/";"title ve H1";"Anahtar Teslim Tadilat"
"malatya daire tadilatı";"ticari";"1";"https://cbinsaat.com/hizmetler/daire-tadilati/";"title ve H1";"Anahtar Teslim Tadilat"
"malatya deprem sonrası iç mekân yenileme";"ticari";"1";"https://cbinsaat.com/hizmetler/deprem-sonrasi-tadilat/";"title ve H1";"Anahtar Teslim Tadilat"
"malatya eski ev tadilatı";"ticari";"1";"https://cbinsaat.com/hizmetler/eski-ev-tadilati/";"title ve H1";"Anahtar Teslim Tadilat"
"malatya kiralık ev hazırlama";"ticari";"1";"https://cbinsaat.com/hizmetler/kiralik-ev-yenileme/";"title ve H1";"Anahtar Teslim Tadilat"
"malatya satış öncesi ev yenileme";"ticari";"1";"https://cbinsaat.com/hizmetler/satis-oncesi-ev-yenileme/";"title ve H1";"Anahtar Teslim Tadilat"
"malatya villa ve dubleks tadilatı";"ticari";"1";"https://cbinsaat.com/hizmetler/villa-dubleks-tadilati/";"title ve H1";"Anahtar Teslim Tadilat"
"malatya anahtar teslim müstakil ev yapımı";"ticari";"1";"https://cbinsaat.com/hizmetler/anahtar-teslim-mustakil-ev/";"title ve H1";"Anahtar Teslim Yapım"
"malatya anahtar teslim villa yapımı";"ticari";"1";"https://cbinsaat.com/hizmetler/anahtar-teslim-villa/";"title ve H1";"Anahtar Teslim Yapım"
"malatya bağ evi ve köy evi yapımı";"ticari";"1";"https://cbinsaat.com/hizmetler/bag-evi-koy-evi/";"title ve H1";"Anahtar Teslim Yapım"
"malatya depo ve atölye yapımı";"ticari";"1";"https://cbinsaat.com/hizmetler/depo-atolye-yapimi/";"title ve H1";"Anahtar Teslim Yapım"
"malatya dükkan ve iş yeri yapımı";"ticari";"1";"https://cbinsaat.com/hizmetler/dukkan-is-yeri-yapimi/";"title ve H1";"Anahtar Teslim Yapım"
"malatya ofis ve ticari alan uygulamaları";"ticari";"1";"https://cbinsaat.com/hizmetler/ofis-ticari-alan/";"title ve H1";"Anahtar Teslim Yapım"
"malatya prefabrik ve hafif çelik yapı";"ticari";"1";"https://cbinsaat.com/hizmetler/prefabrik-hafif-celik/";"title ve H1";"Anahtar Teslim Yapım"
"malatya bahçe ve çevre düzenleme";"ticari";"1";"https://cbinsaat.com/hizmetler/bahce-cevre-duzenleme/";"title ve H1";"Bahçe ve Çevre"
"malatya demir korkuluk, bahçe kapısı ve sundurma";"ticari";"1";"https://cbinsaat.com/hizmetler/demir-korkuluk/";"title ve H1";"Bahçe ve Çevre"
"malatya çatı yapımı ve yenileme";"ticari";"1";"https://cbinsaat.com/hizmetler/cati-yapimi/";"title ve H1";"Çatı ve Dış Cephe"
"malatya çatı, teras ve balkon su yalıtımı";"ticari";"1";"https://cbinsaat.com/hizmetler/cati-izolasyonu/";"title ve H1";"Çatı ve Dış Cephe"
"malatya dış cephe boya ve cephe yenileme";"ticari";"1";"https://cbinsaat.com/hizmetler/dis-cephe-boya/";"title ve H1";"Çatı ve Dış Cephe"
"malatya dış cephe mantolama";"ticari";"1";"https://cbinsaat.com/hizmetler/dis-cephe-mantolama/";"title ve H1";"Çatı ve Dış Cephe"
"malatya doğalgaz iç tesisatı";"ticari";"1";"https://cbinsaat.com/hizmetler/dogalgaz-ic-tesisat/";"title ve H1";"Doğalgaz"
"malatya kombi bakımı ve arıza";"ticari";"1";"https://cbinsaat.com/hizmetler/kombi-bakim-ariza/";"title ve H1";"Doğalgaz"
"malatya kombi ve petek montajı";"ticari";"1";"https://cbinsaat.com/hizmetler/kombi-petek-montaji/";"title ve H1";"Doğalgaz"
"malatya yerden ısıtma sistemi";"ticari";"1";"https://cbinsaat.com/hizmetler/yerden-isitma/";"title ve H1";"Doğalgaz"
"malatya deprem sonrası ev tadilatı";"ticari";"1";"https://cbinsaat.com/hizmetler/deprem-sonrasi-tadilat/";"title ve H1";"Durum"
"malatya kayısı bahçesi sulama";"ticari";"1";"https://cbinsaat.com/hizmetler/kayisi-bahcesi-sulama/";"title ve H1";"Durum"
"malatya kiralık ev yenileme";"ticari";"1";"https://cbinsaat.com/hizmetler/kiralik-ev-yenileme/";"title ve H1";"Durum"
"malatya komple ev yenileme";"ticari";"1";"https://cbinsaat.com/hizmetler/komple-ev-tadilati/";"title ve H1";"Durum"
"malatya restoran tadilatı";"ticari";"1";"https://cbinsaat.com/hizmetler/kafe-restoran-tadilati/";"title ve H1";"Durum"
"malatya sera sulama sistemi";"ticari";"1";"https://cbinsaat.com/hizmetler/sera-elektrik-sulama/";"title ve H1";"Durum"
"malatya uzaktan pompa çalıştırma";"ticari";"1";"https://cbinsaat.com/hizmetler/uzaktan-kumanda-otomasyon/";"title ve H1";"Durum"
"malatya yeni alınan daire tadilatı";"ticari";"1";"https://cbinsaat.com/hizmetler/anahtar-teslim-daire/";"title ve H1";"Durum"
"malatya avize ve aydınlatma";"ticari";"1";"https://cbinsaat.com/hizmetler/avize-aydinlatma/";"title ve H1";"Elektrik"
"malatya diafon ve görüntülü konuşma";"ticari";"1";"https://cbinsaat.com/hizmetler/diafon-goruntulu-konusma/";"title ve H1";"Elektrik"
"malatya elektrik arıza";"ticari";"1";"https://cbinsaat.com/hizmetler/elektrik-ariza/";"title ve H1";"Elektrik"
"malatya elektrik panosu";"ticari";"1";"https://cbinsaat.com/hizmetler/elektrik-panosu/";"title ve H1";"Elektrik"
"malatya elektrik tesisatı";"ticari";"1";"https://cbinsaat.com/hizmetler/elektrik-tesisati/";"title ve H1";"Elektrik"
"malatya fabrika elektrik tesisatı";"ticari";"1";"https://cbinsaat.com/hizmetler/fabrika-elektrik-tesisati/";"title ve H1";"Elektrik"
"malatya jeneratör ve ups";"ticari";"1";"https://cbinsaat.com/hizmetler/jenerator-ups/";"title ve H1";"Elektrik"
"malatya kamera ve güvenlik sistemleri";"ticari";"1";"https://cbinsaat.com/hizmetler/kamera-guvenlik-sistemleri/";"title ve H1";"Elektrik"
"malatya kompanzasyon panosu";"ticari";"1";"https://cbinsaat.com/hizmetler/kompanzasyon-panosu/";"title ve H1";"Elektrik"
"malatya priz tamiri ve montajı";"ticari";"1";"https://cbinsaat.com/hizmetler/priz-tamiri/";"title ve H1";"Elektrik"
"malatya topraklama ve paratoner";"ticari";"1";"https://cbinsaat.com/hizmetler/topraklama-paratoner/";"title ve H1";"Elektrik"
"malatya uzaktan kumanda ve otomasyon";"ticari";"1";"https://cbinsaat.com/hizmetler/uzaktan-kumanda-otomasyon/";"title ve H1";"Elektrik"
"malatya alçıpan bölme ve asma tavan";"ticari";"1";"https://cbinsaat.com/hizmetler/alcipan-asma-tavan/";"title ve H1";"İnce İnşaat"
"malatya boya, badana ve alçı";"ticari";"1";"https://cbinsaat.com/hizmetler/boya-badana/";"title ve H1";"İnce İnşaat"
"malatya ince inşaat işleri";"ticari";"1";"https://cbinsaat.com/hizmetler/ince-insaat-isleri/";"title ve H1";"İnce İnşaat"
"malatya kapı, pencere ve doğrama montajı";"ticari";"1";"https://cbinsaat.com/hizmetler/kapi-pencere-dograma/";"title ve H1";"İnce İnşaat"
"malatya mermer ve granit uygulamaları";"ticari";"1";"https://cbinsaat.com/hizmetler/mermer-granit/";"title ve H1";"İnce İnşaat"
"malatya parke ve laminat döşeme";"ticari";"1";"https://cbinsaat.com/hizmetler/parke-laminat/";"title ve H1";"İnce İnşaat"
"malatya seramik ve fayans döşeme";"ticari";"1";"https://cbinsaat.com/hizmetler/seramik-fayans/";"title ve H1";"İnce İnşaat"
"malatya anahtar teslim tadilat teklifi";"islem";"1";"https://cbinsaat.com/teklif/";"title, CTA ve SSS";"İşlem"
"malatya işçilik dahil tadilat";"islem";"1";"https://cbinsaat.com/hizmetler/anahtar-teslim-tadilat/";"title, CTA ve SSS";"İşlem"
"malatya malzemeli tadilat";"islem";"1";"https://cbinsaat.com/hizmetler/anahtar-teslim-tadilat/";"title, CTA ve SSS";"İşlem"
"malatya sözleşmeli tadilat firması";"islem";"1";"https://cbinsaat.com/hakkimizda/";"title, CTA ve SSS";"İşlem"
"malatya tadilat firması telefon";"islem";"1";"https://cbinsaat.com/iletisim/";"title, CTA ve SSS";"İşlem"
"malatya tadilat firması whatsapp";"islem";"1";"https://cbinsaat.com/iletisim/";"title, CTA ve SSS";"İşlem"
"malatya tadilat metrekare fiyatı";"islem";"1";"https://cbinsaat.com/hizmetler/anahtar-teslim-tadilat/";"title, CTA ve SSS";"İşlem"
"malatya tadilat ustası tavsiye";"islem";"1";"https://cbinsaat.com/hakkimizda/";"title, CTA ve SSS";"İşlem"
"malatya ücretsiz tadilat keşfi";"islem";"1";"https://cbinsaat.com/teklif/";"title, CTA ve SSS";"İşlem"
"malatya yakın tadilat firması";"islem";"1";"https://cbinsaat.com/bolgeler/";"title, CTA ve SSS";"İşlem"
"malatya duvar örme ve kırım işleri";"ticari";"1";"https://cbinsaat.com/hizmetler/duvar-orme/";"title ve H1";"Kaba İnşaat"
"malatya kaba inşaat işleri";"ticari";"1";"https://cbinsaat.com/hizmetler/kaba-insaat/";"title ve H1";"Kaba İnşaat"
"malatya şap ve zemin hazırlığı";"ticari";"1";"https://cbinsaat.com/hizmetler/sap-zemin-hazirligi/";"title ve H1";"Kaba İnşaat"
"cb inşaat malatya";"marka";"1";"https://cbinsaat.com/";"title ve footer";"Marka"
"malatya anahtar teslim inşaat";"ticari";"1";"https://cbinsaat.com/hizmetler/anahtar-teslim-insaat/";"title";"Marka"
"malatya anahtar teslim tadilat";"ticari";"1";"https://cbinsaat.com/";"H1 ve title";"Marka"
"malatya tadilat";"ticari";"1";"https://cbinsaat.com/";"title ve giriş paragrafı";"Marka"
"malatya tadilat firması";"ticari";"1";"https://cbinsaat.com/";"H1 çevresi, hakkımızda";"Marka"
"malatya banyo tadilatı";"ticari";"1";"https://cbinsaat.com/hizmetler/banyo-tadilati/";"title ve H1";"Mutfak ve Banyo"
"malatya duşakabin ve duş teknesi montajı";"ticari";"1";"https://cbinsaat.com/hizmetler/dusakabin-montaji/";"title ve H1";"Mutfak ve Banyo"
"malatya mutfak tadilatı";"ticari";"1";"https://cbinsaat.com/hizmetler/mutfak-tadilati/";"title ve H1";"Mutfak ve Banyo"
"malatya vitrifiye ve armatür montajı";"ticari";"1";"https://cbinsaat.com/hizmetler/vitrifiye-armatur-montaji/";"title ve H1";"Mutfak ve Banyo"
"malatya acil elektrikçi";"islem";"1";"https://cbinsaat.com/acil-elektrikci/";"title ve H1";"Niyet"
"malatya acil su kaçağı tespiti";"islem";"1";"https://cbinsaat.com/acil-su-kacagi/";"title ve H1";"Niyet"
"malatya acil tesisatçı";"islem";"1";"https://cbinsaat.com/acil-tesisatci/";"title ve H1";"Niyet"
"malatya en yakın elektrikçi";"islem";"1";"https://cbinsaat.com/en-yakin-elektrikci/";"title ve H1";"Niyet"
"malatya en yakın sulama ustası";"islem";"1";"https://cbinsaat.com/en-yakin-sulama-ustasi/";"title ve H1";"Niyet"
"malatya en yakın tesisatçı";"islem";"1";"https://cbinsaat.com/en-yakin-tesisatci/";"title ve H1";"Niyet"
"malatya anahtar teslim sulama sistemi";"ticari";"1";"https://cbinsaat.com/hizmetler/anahtar-teslim-sulama-sistemi/";"title ve H1";"Pompa ve Sulama"
"malatya bahçe sulama sistemleri";"ticari";"1";"https://cbinsaat.com/hizmetler/bahce-sulama/";"title ve H1";"Pompa ve Sulama"
"malatya güneş enerjisi su sistemi";"ticari";"1";"https://cbinsaat.com/hizmetler/gunes-enerjisi-su-sistemi/";"title ve H1";"Pompa ve Sulama"
"malatya hidrofor tamiri";"ticari";"1";"https://cbinsaat.com/hizmetler/hidrofor-tamiri/";"title ve H1";"Pompa ve Sulama"
"malatya hidrofor ve pompa sistemleri";"ticari";"1";"https://cbinsaat.com/hizmetler/hidrofor-pompa-sistemleri/";"title ve H1";"Pompa ve Sulama"
"malatya kayısı bahçesi sulama sistemi";"ticari";"1";"https://cbinsaat.com/hizmetler/kayisi-bahcesi-sulama/";"title ve H1";"Pompa ve Sulama"
"malatya sera elektrik ve sulama sistemi";"ticari";"1";"https://cbinsaat.com/hizmetler/sera-elektrik-sulama/";"title ve H1";"Pompa ve Sulama"
"malatya tarımsal sulama sistemleri";"ticari";"1";"https://cbinsaat.com/hizmetler/tarimsal-sulama-sistemleri/";"title ve H1";"Pompa ve Sulama"
"malatya proje ve uygulama yönetimi";"ticari";"1";"https://cbinsaat.com/hizmetler/proje-uygulama-yonetimi/";"title ve H1";"Proje Yönetimi"
"malatya mekanik tesisat";"ticari";"1";"https://cbinsaat.com/hizmetler/mekanik-tesisat/";"title ve H1";"Su ve Tesisat"
"malatya petek temizliği";"ticari";"1";"https://cbinsaat.com/hizmetler/petek-temizligi/";"title ve H1";"Su ve Tesisat"
"malatya sıhhi tesisat";"ticari";"1";"https://cbinsaat.com/hizmetler/sihhi-tesisat/";"title ve H1";"Su ve Tesisat"
"malatya su deposu temizliği";"ticari";"1";"https://cbinsaat.com/hizmetler/su-deposu-temizligi/";"title ve H1";"Su ve Tesisat"
"malatya su kaçağı tespiti";"ticari";"1";"https://cbinsaat.com/hizmetler/su-kacagi-tespiti/";"title ve H1";"Su ve Tesisat"
"malatya tıkalı gider açma";"ticari";"1";"https://cbinsaat.com/hizmetler/tikali-gider-acma/";"title ve H1";"Su ve Tesisat"
"malatya yangın tesisatı";"ticari";"1";"https://cbinsaat.com/hizmetler/yangin-tesisati/";"title ve H1";"Su ve Tesisat"
"malatya anahtar teslim iş yeri";"ticari";"1";"https://cbinsaat.com/hizmetler/anahtar-teslim-is-yeri/";"title ve H1";"Ticari Tadilat"
"malatya dükkan ve ofis tadilatı";"ticari";"1";"https://cbinsaat.com/hizmetler/dukkan-ofis-tadilati/";"title ve H1";"Ticari Tadilat"
"malatya kafe ve restoran tadilatı";"ticari";"1";"https://cbinsaat.com/hizmetler/kafe-restoran-tadilati/";"title ve H1";"Ticari Tadilat"
"2+1 daire yenileme";"ticari";"2";"https://cbinsaat.com/hizmetler/daire-tadilati/";"gövde ve SSS";"Anahtar Teslim Tadilat"
"3+1 daire tadilatı";"ticari";"2";"https://cbinsaat.com/hizmetler/daire-tadilati/";"gövde ve SSS";"Anahtar Teslim Tadilat"
"akçadağ anahtar teslim daire";"yerel";"2";"https://cbinsaat.com/hizmetler/anahtar-teslim-daire/akcadag/";"title ve H1";"Anahtar Teslim Tadilat"
"akçadağ anahtar teslim tadilat";"yerel";"2";"https://cbinsaat.com/hizmetler/anahtar-teslim-tadilat/akcadag/";"title ve H1";"Anahtar Teslim Tadilat"
"akçadağ apartman ortak alan tadilatı";"yerel";"2";"https://cbinsaat.com/hizmetler/apartman-ortak-alan-tadilati/akcadag/";"title ve H1";"Anahtar Teslim Tadilat"
"akçadağ bina tesisat yenileme";"yerel";"2";"https://cbinsaat.com/hizmetler/bina-tesisat-yenileme/akcadag/";"title ve H1";"Anahtar Teslim Tadilat"
"akçadağ daire tadilatı";"yerel";"2";"https://cbinsaat.com/hizmetler/daire-tadilati/akcadag/";"title ve H1";"Anahtar Teslim Tadilat"
"akçadağ deprem sonrası iç mekân yenileme";"yerel";"2";"https://cbinsaat.com/hizmetler/deprem-sonrasi-tadilat/akcadag/";"title ve H1";"Anahtar Teslim Tadilat"
"akçadağ eski ev tadilatı";"yerel";"2";"https://cbinsaat.com/hizmetler/eski-ev-tadilati/akcadag/";"title ve H1";"Anahtar Teslim Tadilat"
"akçadağ kiralık ev hazırlama";"yerel";"2";"https://cbinsaat.com/hizmetler/kiralik-ev-yenileme/akcadag/";"title ve H1";"Anahtar Teslim Tadilat"
"akçadağ komple ev tadilatı";"yerel";"2";"https://cbinsaat.com/hizmetler/komple-ev-tadilati/akcadag/";"title ve H1";"Anahtar Teslim Tadilat"
"akçadağ satış öncesi ev yenileme";"yerel";"2";"https://cbinsaat.com/hizmetler/satis-oncesi-ev-yenileme/akcadag/";"title ve H1";"Anahtar Teslim Tadilat"
"akçadağ villa ve dubleks tadilatı";"yerel";"2";"https://cbinsaat.com/hizmetler/villa-dubleks-tadilati/akcadag/";"title ve H1";"Anahtar Teslim Tadilat"
"anahtar teslim daire malatya";"ticari";"2";"https://cbinsaat.com/hizmetler/anahtar-teslim-daire/";"gövde metni";"Anahtar Teslim Tadilat"
"anahtar teslim daire tadilatı";"ticari";"2";"https://cbinsaat.com/hizmetler/anahtar-teslim-tadilat/";"gövde ve SSS";"Anahtar Teslim Tadilat"
"anahtar teslim ev";"ticari";"2";"https://cbinsaat.com/hizmetler/anahtar-teslim-daire/";"gövde ve SSS";"Anahtar Teslim Tadilat"
"anahtar teslim konut";"ticari";"2";"https://cbinsaat.com/hizmetler/anahtar-teslim-daire/";"gövde ve SSS";"Anahtar Teslim Tadilat"
"anahtar teslim tadilat malatya";"ticari";"2";"https://cbinsaat.com/hizmetler/anahtar-teslim-tadilat/";"gövde metni";"Anahtar Teslim Tadilat"
"apartman dairesi tadilat";"ticari";"2";"https://cbinsaat.com/hizmetler/daire-tadilati/";"gövde ve SSS";"Anahtar Teslim Tadilat"
"apartman elektrik yenileme";"ticari";"2";"https://cbinsaat.com/hizmetler/bina-tesisat-yenileme/";"gövde ve SSS";"Anahtar Teslim Tadilat"
"apartman giriş yenileme";"ticari";"2";"https://cbinsaat.com/hizmetler/apartman-ortak-alan-tadilati/";"gövde ve SSS";"Anahtar Teslim Tadilat"
"apartman kolon hattı";"ticari";"2";"https://cbinsaat.com/hizmetler/bina-tesisat-yenileme/";"gövde ve SSS";"Anahtar Teslim Tadilat"
"apartman ortak alan tadilatı";"ticari";"2";"https://cbinsaat.com/hizmetler/apartman-ortak-alan-tadilati/";"gövde ve SSS";"Anahtar Teslim Tadilat"
"apartman ortak alan tadilatı malatya";"ticari";"2";"https://cbinsaat.com/hizmetler/apartman-ortak-alan-tadilati/";"gövde metni";"Anahtar Teslim Tadilat"
"apartman yönetimi tadilat";"ticari";"2";"https://cbinsaat.com/hizmetler/apartman-ortak-alan-tadilati/";"gövde ve SSS";"Anahtar Teslim Tadilat"
"arapgir anahtar teslim daire";"yerel";"2";"https://cbinsaat.com/hizmetler/anahtar-teslim-daire/arapgir/";"title ve H1";"Anahtar Teslim Tadilat"
"arapgir anahtar teslim tadilat";"yerel";"2";"https://cbinsaat.com/hizmetler/anahtar-teslim-tadilat/arapgir/";"title ve H1";"Anahtar Teslim Tadilat"
"arapgir apartman ortak alan tadilatı";"yerel";"2";"https://cbinsaat.com/hizmetler/apartman-ortak-alan-tadilati/arapgir/";"title ve H1";"Anahtar Teslim Tadilat"
"arapgir bina tesisat yenileme";"yerel";"2";"https://cbinsaat.com/hizmetler/bina-tesisat-yenileme/arapgir/";"title ve H1";"Anahtar Teslim Tadilat"
"arapgir daire tadilatı";"yerel";"2";"https://cbinsaat.com/hizmetler/daire-tadilati/arapgir/";"title ve H1";"Anahtar Teslim Tadilat"
"arapgir deprem sonrası iç mekân yenileme";"yerel";"2";"https://cbinsaat.com/hizmetler/deprem-sonrasi-tadilat/arapgir/";"title ve H1";"Anahtar Teslim Tadilat"
"arapgir eski ev tadilatı";"yerel";"2";"https://cbinsaat.com/hizmetler/eski-ev-tadilati/arapgir/";"title ve H1";"Anahtar Teslim Tadilat"
"arapgir kiralık ev hazırlama";"yerel";"2";"https://cbinsaat.com/hizmetler/kiralik-ev-yenileme/arapgir/";"title ve H1";"Anahtar Teslim Tadilat"
"arapgir komple ev tadilatı";"yerel";"2";"https://cbinsaat.com/hizmetler/komple-ev-tadilati/arapgir/";"title ve H1";"Anahtar Teslim Tadilat"
"arapgir satış öncesi ev yenileme";"yerel";"2";"https://cbinsaat.com/hizmetler/satis-oncesi-ev-yenileme/arapgir/";"title ve H1";"Anahtar Teslim Tadilat"
"arapgir villa ve dubleks tadilatı";"yerel";"2";"https://cbinsaat.com/hizmetler/villa-dubleks-tadilati/arapgir/";"title ve H1";"Anahtar Teslim Tadilat"
"arguvan anahtar teslim daire";"yerel";"2";"https://cbinsaat.com/hizmetler/anahtar-teslim-daire/arguvan/";"title ve H1";"Anahtar Teslim Tadilat"
"arguvan anahtar teslim tadilat";"yerel";"2";"https://cbinsaat.com/hizmetler/anahtar-teslim-tadilat/arguvan/";"title ve H1";"Anahtar Teslim Tadilat"
"arguvan apartman ortak alan tadilatı";"yerel";"2";"https://cbinsaat.com/hizmetler/apartman-ortak-alan-tadilati/arguvan/";"title ve H1";"Anahtar Teslim Tadilat"
"arguvan bina tesisat yenileme";"yerel";"2";"https://cbinsaat.com/hizmetler/bina-tesisat-yenileme/arguvan/";"title ve H1";"Anahtar Teslim Tadilat"
"arguvan daire tadilatı";"yerel";"2";"https://cbinsaat.com/hizmetler/daire-tadilati/arguvan/";"title ve H1";"Anahtar Teslim Tadilat"
"arguvan deprem sonrası iç mekân yenileme";"yerel";"2";"https://cbinsaat.com/hizmetler/deprem-sonrasi-tadilat/arguvan/";"title ve H1";"Anahtar Teslim Tadilat"
"arguvan eski ev tadilatı";"yerel";"2";"https://cbinsaat.com/hizmetler/eski-ev-tadilati/arguvan/";"title ve H1";"Anahtar Teslim Tadilat"
"arguvan kiralık ev hazırlama";"yerel";"2";"https://cbinsaat.com/hizmetler/kiralik-ev-yenileme/arguvan/";"title ve H1";"Anahtar Teslim Tadilat"
"arguvan komple ev tadilatı";"yerel";"2";"https://cbinsaat.com/hizmetler/komple-ev-tadilati/arguvan/";"title ve H1";"Anahtar Teslim Tadilat"
"arguvan satış öncesi ev yenileme";"yerel";"2";"https://cbinsaat.com/hizmetler/satis-oncesi-ev-yenileme/arguvan/";"title ve H1";"Anahtar Teslim Tadilat"
"arguvan villa ve dubleks tadilatı";"yerel";"2";"https://cbinsaat.com/hizmetler/villa-dubleks-tadilati/arguvan/";"title ve H1";"Anahtar Teslim Tadilat"
"bahçeli ev tadilatı";"ticari";"2";"https://cbinsaat.com/hizmetler/villa-dubleks-tadilati/";"gövde ve SSS";"Anahtar Teslim Tadilat"
"battalgazi anahtar teslim daire";"yerel";"2";"https://cbinsaat.com/hizmetler/anahtar-teslim-daire/battalgazi/";"title ve H1";"Anahtar Teslim Tadilat"
"battalgazi anahtar teslim tadilat";"yerel";"2";"https://cbinsaat.com/hizmetler/anahtar-teslim-tadilat/battalgazi/";"title ve H1";"Anahtar Teslim Tadilat"
"battalgazi apartman ortak alan tadilatı";"yerel";"2";"https://cbinsaat.com/hizmetler/apartman-ortak-alan-tadilati/battalgazi/";"title ve H1";"Anahtar Teslim Tadilat"
"battalgazi bina tesisat yenileme";"yerel";"2";"https://cbinsaat.com/hizmetler/bina-tesisat-yenileme/battalgazi/";"title ve H1";"Anahtar Teslim Tadilat"
"battalgazi daire tadilatı";"yerel";"2";"https://cbinsaat.com/hizmetler/daire-tadilati/battalgazi/";"title ve H1";"Anahtar Teslim Tadilat"
"battalgazi deprem sonrası iç mekân yenileme";"yerel";"2";"https://cbinsaat.com/hizmetler/deprem-sonrasi-tadilat/battalgazi/";"title ve H1";"Anahtar Teslim Tadilat"
"battalgazi eski ev tadilatı";"yerel";"2";"https://cbinsaat.com/hizmetler/eski-ev-tadilati/battalgazi/";"title ve H1";"Anahtar Teslim Tadilat"
"battalgazi kiralık ev hazırlama";"yerel";"2";"https://cbinsaat.com/hizmetler/kiralik-ev-yenileme/battalgazi/";"title ve H1";"Anahtar Teslim Tadilat"
"battalgazi komple ev tadilatı";"yerel";"2";"https://cbinsaat.com/hizmetler/komple-ev-tadilati/battalgazi/";"title ve H1";"Anahtar Teslim Tadilat"
"battalgazi satış öncesi ev yenileme";"yerel";"2";"https://cbinsaat.com/hizmetler/satis-oncesi-ev-yenileme/battalgazi/";"title ve H1";"Anahtar Teslim Tadilat"
"battalgazi villa ve dubleks tadilatı";"yerel";"2";"https://cbinsaat.com/hizmetler/villa-dubleks-tadilati/battalgazi/";"title ve H1";"Anahtar Teslim Tadilat"
"bina su tesisatı yenileme";"ticari";"2";"https://cbinsaat.com/hizmetler/bina-tesisat-yenileme/";"gövde ve SSS";"Anahtar Teslim Tadilat"
"bina tadilatı";"ticari";"2";"https://cbinsaat.com/hizmetler/apartman-ortak-alan-tadilati/";"gövde ve SSS";"Anahtar Teslim Tadilat"
"bina tesisat yenileme malatya";"ticari";"2";"https://cbinsaat.com/hizmetler/bina-tesisat-yenileme/";"gövde metni";"Anahtar Teslim Tadilat"
"daire satışı öncesi yenileme";"ticari";"2";"https://cbinsaat.com/hizmetler/satis-oncesi-ev-yenileme/";"gövde ve SSS";"Anahtar Teslim Tadilat"
"daire tadilatı malatya";"ticari";"2";"https://cbinsaat.com/hizmetler/daire-tadilati/";"gövde metni";"Anahtar Teslim Tadilat"
"daire teslim paketi";"ticari";"2";"https://cbinsaat.com/hizmetler/anahtar-teslim-daire/";"gövde ve SSS";"Anahtar Teslim Tadilat"
"darende anahtar teslim daire";"yerel";"2";"https://cbinsaat.com/hizmetler/anahtar-teslim-daire/darende/";"title ve H1";"Anahtar Teslim Tadilat"
"darende anahtar teslim tadilat";"yerel";"2";"https://cbinsaat.com/hizmetler/anahtar-teslim-tadilat/darende/";"title ve H1";"Anahtar Teslim Tadilat"
"darende apartman ortak alan tadilatı";"yerel";"2";"https://cbinsaat.com/hizmetler/apartman-ortak-alan-tadilati/darende/";"title ve H1";"Anahtar Teslim Tadilat"
"darende bina tesisat yenileme";"yerel";"2";"https://cbinsaat.com/hizmetler/bina-tesisat-yenileme/darende/";"title ve H1";"Anahtar Teslim Tadilat"
"darende daire tadilatı";"yerel";"2";"https://cbinsaat.com/hizmetler/daire-tadilati/darende/";"title ve H1";"Anahtar Teslim Tadilat"
"darende deprem sonrası iç mekân yenileme";"yerel";"2";"https://cbinsaat.com/hizmetler/deprem-sonrasi-tadilat/darende/";"title ve H1";"Anahtar Teslim Tadilat"
"darende eski ev tadilatı";"yerel";"2";"https://cbinsaat.com/hizmetler/eski-ev-tadilati/darende/";"title ve H1";"Anahtar Teslim Tadilat"
"darende kiralık ev hazırlama";"yerel";"2";"https://cbinsaat.com/hizmetler/kiralik-ev-yenileme/darende/";"title ve H1";"Anahtar Teslim Tadilat"
"darende komple ev tadilatı";"yerel";"2";"https://cbinsaat.com/hizmetler/komple-ev-tadilati/darende/";"title ve H1";"Anahtar Teslim Tadilat"
"darende satış öncesi ev yenileme";"yerel";"2";"https://cbinsaat.com/hizmetler/satis-oncesi-ev-yenileme/darende/";"title ve H1";"Anahtar Teslim Tadilat"
"darende villa ve dubleks tadilatı";"yerel";"2";"https://cbinsaat.com/hizmetler/villa-dubleks-tadilati/darende/";"title ve H1";"Anahtar Teslim Tadilat"
"deprem sonrası ev yenileme";"ticari";"2";"https://cbinsaat.com/hizmetler/deprem-sonrasi-tadilat/";"gövde ve SSS";"Anahtar Teslim Tadilat"
"deprem sonrası iç mekân yenileme malatya";"ticari";"2";"https://cbinsaat.com/hizmetler/deprem-sonrasi-tadilat/";"gövde metni";"Anahtar Teslim Tadilat"
"doğanşehir anahtar teslim daire";"yerel";"2";"https://cbinsaat.com/hizmetler/anahtar-teslim-daire/dogansehir/";"title ve H1";"Anahtar Teslim Tadilat"
"doğanşehir anahtar teslim tadilat";"yerel";"2";"https://cbinsaat.com/hizmetler/anahtar-teslim-tadilat/dogansehir/";"title ve H1";"Anahtar Teslim Tadilat"
"doğanşehir apartman ortak alan tadilatı";"yerel";"2";"https://cbinsaat.com/hizmetler/apartman-ortak-alan-tadilati/dogansehir/";"title ve H1";"Anahtar Teslim Tadilat"
"doğanşehir bina tesisat yenileme";"yerel";"2";"https://cbinsaat.com/hizmetler/bina-tesisat-yenileme/dogansehir/";"title ve H1";"Anahtar Teslim Tadilat"
"doğanşehir daire tadilatı";"yerel";"2";"https://cbinsaat.com/hizmetler/daire-tadilati/dogansehir/";"title ve H1";"Anahtar Teslim Tadilat"
"doğanşehir deprem sonrası iç mekân yenileme";"yerel";"2";"https://cbinsaat.com/hizmetler/deprem-sonrasi-tadilat/dogansehir/";"title ve H1";"Anahtar Teslim Tadilat"
"doğanşehir eski ev tadilatı";"yerel";"2";"https://cbinsaat.com/hizmetler/eski-ev-tadilati/dogansehir/";"title ve H1";"Anahtar Teslim Tadilat"
"doğanşehir kiralık ev hazırlama";"yerel";"2";"https://cbinsaat.com/hizmetler/kiralik-ev-yenileme/dogansehir/";"title ve H1";"Anahtar Teslim Tadilat"
"doğanşehir komple ev tadilatı";"yerel";"2";"https://cbinsaat.com/hizmetler/komple-ev-tadilati/dogansehir/";"title ve H1";"Anahtar Teslim Tadilat"
"doğanşehir satış öncesi ev yenileme";"yerel";"2";"https://cbinsaat.com/hizmetler/satis-oncesi-ev-yenileme/dogansehir/";"title ve H1";"Anahtar Teslim Tadilat"
"doğanşehir villa ve dubleks tadilatı";"yerel";"2";"https://cbinsaat.com/hizmetler/villa-dubleks-tadilati/dogansehir/";"title ve H1";"Anahtar Teslim Tadilat"
"doğanyol anahtar teslim daire";"yerel";"2";"https://cbinsaat.com/hizmetler/anahtar-teslim-daire/doganyol/";"title ve H1";"Anahtar Teslim Tadilat"
"doğanyol anahtar teslim tadilat";"yerel";"2";"https://cbinsaat.com/hizmetler/anahtar-teslim-tadilat/doganyol/";"title ve H1";"Anahtar Teslim Tadilat"
"doğanyol apartman ortak alan tadilatı";"yerel";"2";"https://cbinsaat.com/hizmetler/apartman-ortak-alan-tadilati/doganyol/";"title ve H1";"Anahtar Teslim Tadilat"
"doğanyol bina tesisat yenileme";"yerel";"2";"https://cbinsaat.com/hizmetler/bina-tesisat-yenileme/doganyol/";"title ve H1";"Anahtar Teslim Tadilat"
"doğanyol daire tadilatı";"yerel";"2";"https://cbinsaat.com/hizmetler/daire-tadilati/doganyol/";"title ve H1";"Anahtar Teslim Tadilat"
"doğanyol deprem sonrası iç mekân yenileme";"yerel";"2";"https://cbinsaat.com/hizmetler/deprem-sonrasi-tadilat/doganyol/";"title ve H1";"Anahtar Teslim Tadilat"
"doğanyol eski ev tadilatı";"yerel";"2";"https://cbinsaat.com/hizmetler/eski-ev-tadilati/doganyol/";"title ve H1";"Anahtar Teslim Tadilat"
"doğanyol kiralık ev hazırlama";"yerel";"2";"https://cbinsaat.com/hizmetler/kiralik-ev-yenileme/doganyol/";"title ve H1";"Anahtar Teslim Tadilat"
"doğanyol komple ev tadilatı";"yerel";"2";"https://cbinsaat.com/hizmetler/komple-ev-tadilati/doganyol/";"title ve H1";"Anahtar Teslim Tadilat"
"doğanyol satış öncesi ev yenileme";"yerel";"2";"https://cbinsaat.com/hizmetler/satis-oncesi-ev-yenileme/doganyol/";"title ve H1";"Anahtar Teslim Tadilat"
"doğanyol villa ve dubleks tadilatı";"yerel";"2";"https://cbinsaat.com/hizmetler/villa-dubleks-tadilati/doganyol/";"title ve H1";"Anahtar Teslim Tadilat"
"dubleks tadilat";"ticari";"2";"https://cbinsaat.com/hizmetler/villa-dubleks-tadilati/";"gövde ve SSS";"Anahtar Teslim Tadilat"
"eski bina tadilatı";"ticari";"2";"https://cbinsaat.com/hizmetler/eski-ev-tadilati/";"gövde ve SSS";"Anahtar Teslim Tadilat"
"eski daire yenileme";"ticari";"2";"https://cbinsaat.com/hizmetler/eski-ev-tadilati/";"gövde ve SSS";"Anahtar Teslim Tadilat"
"eski ev tadilatı malatya";"ticari";"2";"https://cbinsaat.com/hizmetler/eski-ev-tadilati/";"gövde metni";"Anahtar Teslim Tadilat"
"ev sahibi tadilat";"ticari";"2";"https://cbinsaat.com/hizmetler/kiralik-ev-yenileme/";"gövde ve SSS";"Anahtar Teslim Tadilat"
"ev satmadan önce tadilat";"ticari";"2";"https://cbinsaat.com/hizmetler/satis-oncesi-ev-yenileme/";"gövde ve SSS";"Anahtar Teslim Tadilat"
"güçlendirme sonrası iç mekan";"ticari";"2";"https://cbinsaat.com/hizmetler/deprem-sonrasi-tadilat/";"gövde ve SSS";"Anahtar Teslim Tadilat"
"hasarlı daire tadilatı";"ticari";"2";"https://cbinsaat.com/hizmetler/deprem-sonrasi-tadilat/";"gövde ve SSS";"Anahtar Teslim Tadilat"
"hekimhan anahtar teslim daire";"yerel";"2";"https://cbinsaat.com/hizmetler/anahtar-teslim-daire/hekimhan/";"title ve H1";"Anahtar Teslim Tadilat"
"hekimhan anahtar teslim tadilat";"yerel";"2";"https://cbinsaat.com/hizmetler/anahtar-teslim-tadilat/hekimhan/";"title ve H1";"Anahtar Teslim Tadilat"
"hekimhan apartman ortak alan tadilatı";"yerel";"2";"https://cbinsaat.com/hizmetler/apartman-ortak-alan-tadilati/hekimhan/";"title ve H1";"Anahtar Teslim Tadilat"
"hekimhan bina tesisat yenileme";"yerel";"2";"https://cbinsaat.com/hizmetler/bina-tesisat-yenileme/hekimhan/";"title ve H1";"Anahtar Teslim Tadilat"
"hekimhan daire tadilatı";"yerel";"2";"https://cbinsaat.com/hizmetler/daire-tadilati/hekimhan/";"title ve H1";"Anahtar Teslim Tadilat"
"hekimhan deprem sonrası iç mekân yenileme";"yerel";"2";"https://cbinsaat.com/hizmetler/deprem-sonrasi-tadilat/hekimhan/";"title ve H1";"Anahtar Teslim Tadilat"
"hekimhan eski ev tadilatı";"yerel";"2";"https://cbinsaat.com/hizmetler/eski-ev-tadilati/hekimhan/";"title ve H1";"Anahtar Teslim Tadilat"
"hekimhan kiralık ev hazırlama";"yerel";"2";"https://cbinsaat.com/hizmetler/kiralik-ev-yenileme/hekimhan/";"title ve H1";"Anahtar Teslim Tadilat"
"hekimhan komple ev tadilatı";"yerel";"2";"https://cbinsaat.com/hizmetler/komple-ev-tadilati/hekimhan/";"title ve H1";"Anahtar Teslim Tadilat"
"hekimhan satış öncesi ev yenileme";"yerel";"2";"https://cbinsaat.com/hizmetler/satis-oncesi-ev-yenileme/hekimhan/";"title ve H1";"Anahtar Teslim Tadilat"
"hekimhan villa ve dubleks tadilatı";"yerel";"2";"https://cbinsaat.com/hizmetler/villa-dubleks-tadilati/hekimhan/";"title ve H1";"Anahtar Teslim Tadilat"
"hızlı daire yenileme";"ticari";"2";"https://cbinsaat.com/hizmetler/kiralik-ev-yenileme/";"gövde ve SSS";"Anahtar Teslim Tadilat"
"kale anahtar teslim daire";"yerel";"2";"https://cbinsaat.com/hizmetler/anahtar-teslim-daire/kale/";"title ve H1";"Anahtar Teslim Tadilat"
"kale anahtar teslim tadilat";"yerel";"2";"https://cbinsaat.com/hizmetler/anahtar-teslim-tadilat/kale/";"title ve H1";"Anahtar Teslim Tadilat"
"kale apartman ortak alan tadilatı";"yerel";"2";"https://cbinsaat.com/hizmetler/apartman-ortak-alan-tadilati/kale/";"title ve H1";"Anahtar Teslim Tadilat"
"kale bina tesisat yenileme";"yerel";"2";"https://cbinsaat.com/hizmetler/bina-tesisat-yenileme/kale/";"title ve H1";"Anahtar Teslim Tadilat"
"kale daire tadilatı";"yerel";"2";"https://cbinsaat.com/hizmetler/daire-tadilati/kale/";"title ve H1";"Anahtar Teslim Tadilat"
"kale deprem sonrası iç mekân yenileme";"yerel";"2";"https://cbinsaat.com/hizmetler/deprem-sonrasi-tadilat/kale/";"title ve H1";"Anahtar Teslim Tadilat"
"kale eski ev tadilatı";"yerel";"2";"https://cbinsaat.com/hizmetler/eski-ev-tadilati/kale/";"title ve H1";"Anahtar Teslim Tadilat"
"kale kiralık ev hazırlama";"yerel";"2";"https://cbinsaat.com/hizmetler/kiralik-ev-yenileme/kale/";"title ve H1";"Anahtar Teslim Tadilat"
"kale komple ev tadilatı";"yerel";"2";"https://cbinsaat.com/hizmetler/komple-ev-tadilati/kale/";"title ve H1";"Anahtar Teslim Tadilat"
"kale satış öncesi ev yenileme";"yerel";"2";"https://cbinsaat.com/hizmetler/satis-oncesi-ev-yenileme/kale/";"title ve H1";"Anahtar Teslim Tadilat"
"kale villa ve dubleks tadilatı";"yerel";"2";"https://cbinsaat.com/hizmetler/villa-dubleks-tadilati/kale/";"title ve H1";"Anahtar Teslim Tadilat"
"kiralık ev hazırlama malatya";"ticari";"2";"https://cbinsaat.com/hizmetler/kiralik-ev-yenileme/";"gövde metni";"Anahtar Teslim Tadilat"
"kiraya verilecek ev tadilatı";"ticari";"2";"https://cbinsaat.com/hizmetler/kiralik-ev-yenileme/";"gövde ve SSS";"Anahtar Teslim Tadilat"
"komple ev tadilatı malatya";"ticari";"2";"https://cbinsaat.com/hizmetler/komple-ev-tadilati/";"gövde metni";"Anahtar Teslim Tadilat"
"komple tadilat";"ticari";"2";"https://cbinsaat.com/hizmetler/komple-ev-tadilati/";"gövde ve SSS";"Anahtar Teslim Tadilat"
"kuluncak anahtar teslim daire";"yerel";"2";"https://cbinsaat.com/hizmetler/anahtar-teslim-daire/kuluncak/";"title ve H1";"Anahtar Teslim Tadilat"
"kuluncak anahtar teslim tadilat";"yerel";"2";"https://cbinsaat.com/hizmetler/anahtar-teslim-tadilat/kuluncak/";"title ve H1";"Anahtar Teslim Tadilat"
"kuluncak apartman ortak alan tadilatı";"yerel";"2";"https://cbinsaat.com/hizmetler/apartman-ortak-alan-tadilati/kuluncak/";"title ve H1";"Anahtar Teslim Tadilat"
"kuluncak bina tesisat yenileme";"yerel";"2";"https://cbinsaat.com/hizmetler/bina-tesisat-yenileme/kuluncak/";"title ve H1";"Anahtar Teslim Tadilat"
"kuluncak daire tadilatı";"yerel";"2";"https://cbinsaat.com/hizmetler/daire-tadilati/kuluncak/";"title ve H1";"Anahtar Teslim Tadilat"
"kuluncak deprem sonrası iç mekân yenileme";"yerel";"2";"https://cbinsaat.com/hizmetler/deprem-sonrasi-tadilat/kuluncak/";"title ve H1";"Anahtar Teslim Tadilat"
"kuluncak eski ev tadilatı";"yerel";"2";"https://cbinsaat.com/hizmetler/eski-ev-tadilati/kuluncak/";"title ve H1";"Anahtar Teslim Tadilat"
"kuluncak kiralık ev hazırlama";"yerel";"2";"https://cbinsaat.com/hizmetler/kiralik-ev-yenileme/kuluncak/";"title ve H1";"Anahtar Teslim Tadilat"
"kuluncak komple ev tadilatı";"yerel";"2";"https://cbinsaat.com/hizmetler/komple-ev-tadilati/kuluncak/";"title ve H1";"Anahtar Teslim Tadilat"
"kuluncak satış öncesi ev yenileme";"yerel";"2";"https://cbinsaat.com/hizmetler/satis-oncesi-ev-yenileme/kuluncak/";"title ve H1";"Anahtar Teslim Tadilat"
"kuluncak villa ve dubleks tadilatı";"yerel";"2";"https://cbinsaat.com/hizmetler/villa-dubleks-tadilati/kuluncak/";"title ve H1";"Anahtar Teslim Tadilat"
"malatya anahtar teslim daire firması";"ticari";"2";"https://cbinsaat.com/hizmetler/anahtar-teslim-daire/";"gövde metni";"Anahtar Teslim Tadilat"
"malatya anahtar teslim daire fiyatları";"ticari";"2";"https://cbinsaat.com/hizmetler/anahtar-teslim-daire/";"fiyatı ne belirler bölümü";"Anahtar Teslim Tadilat"
"malatya anahtar teslim tadilat firması";"ticari";"2";"https://cbinsaat.com/hizmetler/anahtar-teslim-tadilat/";"gövde metni";"Anahtar Teslim Tadilat"
"malatya anahtar teslim tadilat fiyatları";"ticari";"2";"https://cbinsaat.com/hizmetler/anahtar-teslim-tadilat/";"fiyatı ne belirler bölümü";"Anahtar Teslim Tadilat"
"malatya apartman ortak alan tadilatı firması";"ticari";"2";"https://cbinsaat.com/hizmetler/apartman-ortak-alan-tadilati/";"gövde metni";"Anahtar Teslim Tadilat"
"malatya apartman ortak alan tadilatı fiyatları";"ticari";"2";"https://cbinsaat.com/hizmetler/apartman-ortak-alan-tadilati/";"fiyatı ne belirler bölümü";"Anahtar Teslim Tadilat"
"malatya bina tesisat yenileme firması";"ticari";"2";"https://cbinsaat.com/hizmetler/bina-tesisat-yenileme/";"gövde metni";"Anahtar Teslim Tadilat"
"malatya bina tesisat yenileme fiyatları";"ticari";"2";"https://cbinsaat.com/hizmetler/bina-tesisat-yenileme/";"fiyatı ne belirler bölümü";"Anahtar Teslim Tadilat"
"malatya daire tadilatı firması";"ticari";"2";"https://cbinsaat.com/hizmetler/daire-tadilati/";"gövde metni";"Anahtar Teslim Tadilat"
"malatya daire tadilatı fiyatları";"ticari";"2";"https://cbinsaat.com/hizmetler/daire-tadilati/";"fiyatı ne belirler bölümü";"Anahtar Teslim Tadilat"
"malatya daire yenileme";"ticari";"2";"https://cbinsaat.com/hizmetler/daire-tadilati/";"gövde ve SSS";"Anahtar Teslim Tadilat"
"malatya deprem sonrası iç mekân yenileme firması";"ticari";"2";"https://cbinsaat.com/hizmetler/deprem-sonrasi-tadilat/";"gövde metni";"Anahtar Teslim Tadilat"
"malatya deprem sonrası iç mekân yenileme fiyatları";"ticari";"2";"https://cbinsaat.com/hizmetler/deprem-sonrasi-tadilat/";"fiyatı ne belirler bölümü";"Anahtar Teslim Tadilat"
"malatya deprem sonrası tadilat";"ticari";"2";"https://cbinsaat.com/hizmetler/deprem-sonrasi-tadilat/";"gövde ve SSS";"Anahtar Teslim Tadilat"
"malatya eski ev tadilatı firması";"ticari";"2";"https://cbinsaat.com/hizmetler/eski-ev-tadilati/";"gövde metni";"Anahtar Teslim Tadilat"
"malatya eski ev tadilatı fiyatları";"ticari";"2";"https://cbinsaat.com/hizmetler/eski-ev-tadilati/";"fiyatı ne belirler bölümü";"Anahtar Teslim Tadilat"
"malatya ev değer artırma";"ticari";"2";"https://cbinsaat.com/hizmetler/satis-oncesi-ev-yenileme/";"gövde ve SSS";"Anahtar Teslim Tadilat"
"malatya ev tadilatı";"ticari";"2";"https://cbinsaat.com/hizmetler/komple-ev-tadilati/";"gövde ve SSS";"Anahtar Teslim Tadilat"
"malatya ev yenileme";"ticari";"2";"https://cbinsaat.com/hizmetler/eski-ev-tadilati/";"gövde ve SSS";"Anahtar Teslim Tadilat"
"malatya kiralık daire yenileme";"ticari";"2";"https://cbinsaat.com/hizmetler/kiralik-ev-yenileme/";"gövde ve SSS";"Anahtar Teslim Tadilat"
"malatya kiralık ev hazırlama firması";"ticari";"2";"https://cbinsaat.com/hizmetler/kiralik-ev-yenileme/";"gövde metni";"Anahtar Teslim Tadilat"
"malatya kiralık ev hazırlama fiyatları";"ticari";"2";"https://cbinsaat.com/hizmetler/kiralik-ev-yenileme/";"fiyatı ne belirler bölümü";"Anahtar Teslim Tadilat"
"malatya komple ev tadilatı";"ticari";"2";"https://cbinsaat.com/hizmetler/anahtar-teslim-tadilat/";"gövde ve SSS";"Anahtar Teslim Tadilat"
"malatya komple ev tadilatı firması";"ticari";"2";"https://cbinsaat.com/hizmetler/komple-ev-tadilati/";"gövde metni";"Anahtar Teslim Tadilat"
"malatya komple ev tadilatı fiyatları";"ticari";"2";"https://cbinsaat.com/hizmetler/komple-ev-tadilati/";"fiyatı ne belirler bölümü";"Anahtar Teslim Tadilat"
"malatya satış öncesi ev yenileme firması";"ticari";"2";"https://cbinsaat.com/hizmetler/satis-oncesi-ev-yenileme/";"gövde metni";"Anahtar Teslim Tadilat"
"malatya satış öncesi ev yenileme fiyatları";"ticari";"2";"https://cbinsaat.com/hizmetler/satis-oncesi-ev-yenileme/";"fiyatı ne belirler bölümü";"Anahtar Teslim Tadilat"
"malatya villa tadilatı";"ticari";"2";"https://cbinsaat.com/hizmetler/villa-dubleks-tadilati/";"gövde ve SSS";"Anahtar Teslim Tadilat"
"malatya villa ve dubleks tadilatı firması";"ticari";"2";"https://cbinsaat.com/hizmetler/villa-dubleks-tadilati/";"gövde metni";"Anahtar Teslim Tadilat"
"malatya villa ve dubleks tadilatı fiyatları";"ticari";"2";"https://cbinsaat.com/hizmetler/villa-dubleks-tadilati/";"fiyatı ne belirler bölümü";"Anahtar Teslim Tadilat"
"merdiven boyası malatya";"ticari";"2";"https://cbinsaat.com/hizmetler/apartman-ortak-alan-tadilati/";"gövde ve SSS";"Anahtar Teslim Tadilat"
"mutfak tadilatı";"ticari";"2";"https://cbinsaat.com/hizmetler/komple-ev-tadilati/";"gövde ve SSS";"Anahtar Teslim Tadilat"
"müstakil ev tadilatı";"ticari";"2";"https://cbinsaat.com/hizmetler/villa-dubleks-tadilati/";"gövde ve SSS";"Anahtar Teslim Tadilat"
"pütürge anahtar teslim daire";"yerel";"2";"https://cbinsaat.com/hizmetler/anahtar-teslim-daire/puturge/";"title ve H1";"Anahtar Teslim Tadilat"
"pütürge anahtar teslim tadilat";"yerel";"2";"https://cbinsaat.com/hizmetler/anahtar-teslim-tadilat/puturge/";"title ve H1";"Anahtar Teslim Tadilat"
"pütürge apartman ortak alan tadilatı";"yerel";"2";"https://cbinsaat.com/hizmetler/apartman-ortak-alan-tadilati/puturge/";"title ve H1";"Anahtar Teslim Tadilat"
"pütürge bina tesisat yenileme";"yerel";"2";"https://cbinsaat.com/hizmetler/bina-tesisat-yenileme/puturge/";"title ve H1";"Anahtar Teslim Tadilat"
"pütürge daire tadilatı";"yerel";"2";"https://cbinsaat.com/hizmetler/daire-tadilati/puturge/";"title ve H1";"Anahtar Teslim Tadilat"
"pütürge deprem sonrası iç mekân yenileme";"yerel";"2";"https://cbinsaat.com/hizmetler/deprem-sonrasi-tadilat/puturge/";"title ve H1";"Anahtar Teslim Tadilat"
"pütürge eski ev tadilatı";"yerel";"2";"https://cbinsaat.com/hizmetler/eski-ev-tadilati/puturge/";"title ve H1";"Anahtar Teslim Tadilat"
"pütürge kiralık ev hazırlama";"yerel";"2";"https://cbinsaat.com/hizmetler/kiralik-ev-yenileme/puturge/";"title ve H1";"Anahtar Teslim Tadilat"
"pütürge komple ev tadilatı";"yerel";"2";"https://cbinsaat.com/hizmetler/komple-ev-tadilati/puturge/";"title ve H1";"Anahtar Teslim Tadilat"
"pütürge satış öncesi ev yenileme";"yerel";"2";"https://cbinsaat.com/hizmetler/satis-oncesi-ev-yenileme/puturge/";"title ve H1";"Anahtar Teslim Tadilat"
"pütürge villa ve dubleks tadilatı";"yerel";"2";"https://cbinsaat.com/hizmetler/villa-dubleks-tadilati/puturge/";"title ve H1";"Anahtar Teslim Tadilat"
"satış öncesi ev tadilatı";"ticari";"2";"https://cbinsaat.com/hizmetler/satis-oncesi-ev-yenileme/";"gövde ve SSS";"Anahtar Teslim Tadilat"
"satış öncesi ev yenileme malatya";"ticari";"2";"https://cbinsaat.com/hizmetler/satis-oncesi-ev-yenileme/";"gövde metni";"Anahtar Teslim Tadilat"
"sayaç panosu yenileme";"ticari";"2";"https://cbinsaat.com/hizmetler/bina-tesisat-yenileme/";"gövde ve SSS";"Anahtar Teslim Tadilat"
"tesisat yenileme tadilat";"ticari";"2";"https://cbinsaat.com/hizmetler/eski-ev-tadilati/";"gövde ve SSS";"Anahtar Teslim Tadilat"
"villa ve dubleks tadilatı malatya";"ticari";"2";"https://cbinsaat.com/hizmetler/villa-dubleks-tadilati/";"gövde metni";"Anahtar Teslim Tadilat"
"villa yenileme malatya";"ticari";"2";"https://cbinsaat.com/hizmetler/villa-dubleks-tadilati/";"gövde ve SSS";"Anahtar Teslim Tadilat"
"yazıhan anahtar teslim daire";"yerel";"2";"https://cbinsaat.com/hizmetler/anahtar-teslim-daire/yazihan/";"title ve H1";"Anahtar Teslim Tadilat"
"yazıhan anahtar teslim tadilat";"yerel";"2";"https://cbinsaat.com/hizmetler/anahtar-teslim-tadilat/yazihan/";"title ve H1";"Anahtar Teslim Tadilat"
"yazıhan apartman ortak alan tadilatı";"yerel";"2";"https://cbinsaat.com/hizmetler/apartman-ortak-alan-tadilati/yazihan/";"title ve H1";"Anahtar Teslim Tadilat"
"yazıhan bina tesisat yenileme";"yerel";"2";"https://cbinsaat.com/hizmetler/bina-tesisat-yenileme/yazihan/";"title ve H1";"Anahtar Teslim Tadilat"
"yazıhan daire tadilatı";"yerel";"2";"https://cbinsaat.com/hizmetler/daire-tadilati/yazihan/";"title ve H1";"Anahtar Teslim Tadilat"
"yazıhan deprem sonrası iç mekân yenileme";"yerel";"2";"https://cbinsaat.com/hizmetler/deprem-sonrasi-tadilat/yazihan/";"title ve H1";"Anahtar Teslim Tadilat"
"yazıhan eski ev tadilatı";"yerel";"2";"https://cbinsaat.com/hizmetler/eski-ev-tadilati/yazihan/";"title ve H1";"Anahtar Teslim Tadilat"
"yazıhan kiralık ev hazırlama";"yerel";"2";"https://cbinsaat.com/hizmetler/kiralik-ev-yenileme/yazihan/";"title ve H1";"Anahtar Teslim Tadilat"
"yazıhan komple ev tadilatı";"yerel";"2";"https://cbinsaat.com/hizmetler/komple-ev-tadilati/yazihan/";"title ve H1";"Anahtar Teslim Tadilat"
"yazıhan satış öncesi ev yenileme";"yerel";"2";"https://cbinsaat.com/hizmetler/satis-oncesi-ev-yenileme/yazihan/";"title ve H1";"Anahtar Teslim Tadilat"
"yazıhan villa ve dubleks tadilatı";"yerel";"2";"https://cbinsaat.com/hizmetler/villa-dubleks-tadilati/yazihan/";"title ve H1";"Anahtar Teslim Tadilat"
"yeni daire tadilat";"ticari";"2";"https://cbinsaat.com/hizmetler/anahtar-teslim-daire/";"gövde ve SSS";"Anahtar Teslim Tadilat"
"yeşilyurt anahtar teslim daire";"yerel";"2";"https://cbinsaat.com/hizmetler/anahtar-teslim-daire/yesilyurt/";"title ve H1";"Anahtar Teslim Tadilat"
"yeşilyurt anahtar teslim tadilat";"yerel";"2";"https://cbinsaat.com/hizmetler/anahtar-teslim-tadilat/yesilyurt/";"title ve H1";"Anahtar Teslim Tadilat"
"yeşilyurt apartman ortak alan tadilatı";"yerel";"2";"https://cbinsaat.com/hizmetler/apartman-ortak-alan-tadilati/yesilyurt/";"title ve H1";"Anahtar Teslim Tadilat"
"yeşilyurt bina tesisat yenileme";"yerel";"2";"https://cbinsaat.com/hizmetler/bina-tesisat-yenileme/yesilyurt/";"title ve H1";"Anahtar Teslim Tadilat"
"yeşilyurt daire tadilatı";"yerel";"2";"https://cbinsaat.com/hizmetler/daire-tadilati/yesilyurt/";"title ve H1";"Anahtar Teslim Tadilat"
"yeşilyurt deprem sonrası iç mekân yenileme";"yerel";"2";"https://cbinsaat.com/hizmetler/deprem-sonrasi-tadilat/yesilyurt/";"title ve H1";"Anahtar Teslim Tadilat"
"yeşilyurt eski ev tadilatı";"yerel";"2";"https://cbinsaat.com/hizmetler/eski-ev-tadilati/yesilyurt/";"title ve H1";"Anahtar Teslim Tadilat"
"yeşilyurt kiralık ev hazırlama";"yerel";"2";"https://cbinsaat.com/hizmetler/kiralik-ev-yenileme/yesilyurt/";"title ve H1";"Anahtar Teslim Tadilat"
"yeşilyurt komple ev tadilatı";"yerel";"2";"https://cbinsaat.com/hizmetler/komple-ev-tadilati/yesilyurt/";"title ve H1";"Anahtar Teslim Tadilat"
"yeşilyurt satış öncesi ev yenileme";"yerel";"2";"https://cbinsaat.com/hizmetler/satis-oncesi-ev-yenileme/yesilyurt/";"title ve H1";"Anahtar Teslim Tadilat"
"yeşilyurt villa ve dubleks tadilatı";"yerel";"2";"https://cbinsaat.com/hizmetler/villa-dubleks-tadilati/yesilyurt/";"title ve H1";"Anahtar Teslim Tadilat"
"akçadağ anahtar teslim inşaat";"yerel";"2";"https://cbinsaat.com/hizmetler/anahtar-teslim-insaat/akcadag/";"title ve H1";"Anahtar Teslim Yapım"
"akçadağ anahtar teslim müstakil ev yapımı";"yerel";"2";"https://cbinsaat.com/hizmetler/anahtar-teslim-mustakil-ev/akcadag/";"title ve H1";"Anahtar Teslim Yapım"
"akçadağ anahtar teslim villa yapımı";"yerel";"2";"https://cbinsaat.com/hizmetler/anahtar-teslim-villa/akcadag/";"title ve H1";"Anahtar Teslim Yapım"
"akçadağ bağ evi ve köy evi yapımı";"yerel";"2";"https://cbinsaat.com/hizmetler/bag-evi-koy-evi/akcadag/";"title ve H1";"Anahtar Teslim Yapım"
"akçadağ depo ve atölye yapımı";"yerel";"2";"https://cbinsaat.com/hizmetler/depo-atolye-yapimi/akcadag/";"title ve H1";"Anahtar Teslim Yapım"
"akçadağ dükkan ve iş yeri yapımı";"yerel";"2";"https://cbinsaat.com/hizmetler/dukkan-is-yeri-yapimi/akcadag/";"title ve H1";"Anahtar Teslim Yapım"
"akçadağ ofis ve ticari alan uygulamaları";"yerel";"2";"https://cbinsaat.com/hizmetler/ofis-ticari-alan/akcadag/";"title ve H1";"Anahtar Teslim Yapım"
"akçadağ prefabrik ve hafif çelik yapı";"yerel";"2";"https://cbinsaat.com/hizmetler/prefabrik-hafif-celik/akcadag/";"title ve H1";"Anahtar Teslim Yapım"
"anahtar teslim ev fiyatları malatya";"ticari";"2";"https://cbinsaat.com/hizmetler/anahtar-teslim-mustakil-ev/";"gövde ve SSS";"Anahtar Teslim Yapım"
"anahtar teslim inşaat malatya";"ticari";"2";"https://cbinsaat.com/hizmetler/anahtar-teslim-insaat/";"gövde metni";"Anahtar Teslim Yapım"
"anahtar teslim müstakil ev yapımı malatya";"ticari";"2";"https://cbinsaat.com/hizmetler/anahtar-teslim-mustakil-ev/";"gövde metni";"Anahtar Teslim Yapım"
"anahtar teslim tadilat";"ticari";"2";"https://cbinsaat.com/hizmetler/anahtar-teslim-insaat/";"gövde ve SSS";"Anahtar Teslim Yapım"
"anahtar teslim villa yapımı malatya";"ticari";"2";"https://cbinsaat.com/hizmetler/anahtar-teslim-villa/";"gövde metni";"Anahtar Teslim Yapım"
"arapgir anahtar teslim inşaat";"yerel";"2";"https://cbinsaat.com/hizmetler/anahtar-teslim-insaat/arapgir/";"title ve H1";"Anahtar Teslim Yapım"
"arapgir anahtar teslim müstakil ev yapımı";"yerel";"2";"https://cbinsaat.com/hizmetler/anahtar-teslim-mustakil-ev/arapgir/";"title ve H1";"Anahtar Teslim Yapım"
"arapgir anahtar teslim villa yapımı";"yerel";"2";"https://cbinsaat.com/hizmetler/anahtar-teslim-villa/arapgir/";"title ve H1";"Anahtar Teslim Yapım"
"arapgir bağ evi ve köy evi yapımı";"yerel";"2";"https://cbinsaat.com/hizmetler/bag-evi-koy-evi/arapgir/";"title ve H1";"Anahtar Teslim Yapım"
"arapgir depo ve atölye yapımı";"yerel";"2";"https://cbinsaat.com/hizmetler/depo-atolye-yapimi/arapgir/";"title ve H1";"Anahtar Teslim Yapım"
"arapgir dükkan ve iş yeri yapımı";"yerel";"2";"https://cbinsaat.com/hizmetler/dukkan-is-yeri-yapimi/arapgir/";"title ve H1";"Anahtar Teslim Yapım"
"arapgir ofis ve ticari alan uygulamaları";"yerel";"2";"https://cbinsaat.com/hizmetler/ofis-ticari-alan/arapgir/";"title ve H1";"Anahtar Teslim Yapım"
"arapgir prefabrik ve hafif çelik yapı";"yerel";"2";"https://cbinsaat.com/hizmetler/prefabrik-hafif-celik/arapgir/";"title ve H1";"Anahtar Teslim Yapım"
"arguvan anahtar teslim inşaat";"yerel";"2";"https://cbinsaat.com/hizmetler/anahtar-teslim-insaat/arguvan/";"title ve H1";"Anahtar Teslim Yapım"
"arguvan anahtar teslim müstakil ev yapımı";"yerel";"2";"https://cbinsaat.com/hizmetler/anahtar-teslim-mustakil-ev/arguvan/";"title ve H1";"Anahtar Teslim Yapım"
"arguvan anahtar teslim villa yapımı";"yerel";"2";"https://cbinsaat.com/hizmetler/anahtar-teslim-villa/arguvan/";"title ve H1";"Anahtar Teslim Yapım"
"arguvan bağ evi ve köy evi yapımı";"yerel";"2";"https://cbinsaat.com/hizmetler/bag-evi-koy-evi/arguvan/";"title ve H1";"Anahtar Teslim Yapım"
"arguvan depo ve atölye yapımı";"yerel";"2";"https://cbinsaat.com/hizmetler/depo-atolye-yapimi/arguvan/";"title ve H1";"Anahtar Teslim Yapım"
"arguvan dükkan ve iş yeri yapımı";"yerel";"2";"https://cbinsaat.com/hizmetler/dukkan-is-yeri-yapimi/arguvan/";"title ve H1";"Anahtar Teslim Yapım"
"arguvan ofis ve ticari alan uygulamaları";"yerel";"2";"https://cbinsaat.com/hizmetler/ofis-ticari-alan/arguvan/";"title ve H1";"Anahtar Teslim Yapım"
"arguvan prefabrik ve hafif çelik yapı";"yerel";"2";"https://cbinsaat.com/hizmetler/prefabrik-hafif-celik/arguvan/";"title ve H1";"Anahtar Teslim Yapım"
"bağ evi fiyatları";"ticari";"2";"https://cbinsaat.com/hizmetler/bag-evi-koy-evi/";"gövde ve SSS";"Anahtar Teslim Yapım"
"bağ evi ve köy evi yapımı malatya";"ticari";"2";"https://cbinsaat.com/hizmetler/bag-evi-koy-evi/";"gövde metni";"Anahtar Teslim Yapım"
"battalgazi anahtar teslim inşaat";"yerel";"2";"https://cbinsaat.com/hizmetler/anahtar-teslim-insaat/battalgazi/";"title ve H1";"Anahtar Teslim Yapım"
"battalgazi anahtar teslim müstakil ev yapımı";"yerel";"2";"https://cbinsaat.com/hizmetler/anahtar-teslim-mustakil-ev/battalgazi/";"title ve H1";"Anahtar Teslim Yapım"
"battalgazi anahtar teslim villa yapımı";"yerel";"2";"https://cbinsaat.com/hizmetler/anahtar-teslim-villa/battalgazi/";"title ve H1";"Anahtar Teslim Yapım"
"battalgazi bağ evi ve köy evi yapımı";"yerel";"2";"https://cbinsaat.com/hizmetler/bag-evi-koy-evi/battalgazi/";"title ve H1";"Anahtar Teslim Yapım"
"battalgazi depo ve atölye yapımı";"yerel";"2";"https://cbinsaat.com/hizmetler/depo-atolye-yapimi/battalgazi/";"title ve H1";"Anahtar Teslim Yapım"
"battalgazi dükkan ve iş yeri yapımı";"yerel";"2";"https://cbinsaat.com/hizmetler/dukkan-is-yeri-yapimi/battalgazi/";"title ve H1";"Anahtar Teslim Yapım"
"battalgazi ofis ve ticari alan uygulamaları";"yerel";"2";"https://cbinsaat.com/hizmetler/ofis-ticari-alan/battalgazi/";"title ve H1";"Anahtar Teslim Yapım"
"battalgazi prefabrik ve hafif çelik yapı";"yerel";"2";"https://cbinsaat.com/hizmetler/prefabrik-hafif-celik/battalgazi/";"title ve H1";"Anahtar Teslim Yapım"
"çelik depo malatya";"ticari";"2";"https://cbinsaat.com/hizmetler/depo-atolye-yapimi/";"gövde ve SSS";"Anahtar Teslim Yapım"
"darende anahtar teslim inşaat";"yerel";"2";"https://cbinsaat.com/hizmetler/anahtar-teslim-insaat/darende/";"title ve H1";"Anahtar Teslim Yapım"
"darende anahtar teslim müstakil ev yapımı";"yerel";"2";"https://cbinsaat.com/hizmetler/anahtar-teslim-mustakil-ev/darende/";"title ve H1";"Anahtar Teslim Yapım"
"darende anahtar teslim villa yapımı";"yerel";"2";"https://cbinsaat.com/hizmetler/anahtar-teslim-villa/darende/";"title ve H1";"Anahtar Teslim Yapım"
"darende bağ evi ve köy evi yapımı";"yerel";"2";"https://cbinsaat.com/hizmetler/bag-evi-koy-evi/darende/";"title ve H1";"Anahtar Teslim Yapım"
"darende depo ve atölye yapımı";"yerel";"2";"https://cbinsaat.com/hizmetler/depo-atolye-yapimi/darende/";"title ve H1";"Anahtar Teslim Yapım"
"darende dükkan ve iş yeri yapımı";"yerel";"2";"https://cbinsaat.com/hizmetler/dukkan-is-yeri-yapimi/darende/";"title ve H1";"Anahtar Teslim Yapım"
"darende ofis ve ticari alan uygulamaları";"yerel";"2";"https://cbinsaat.com/hizmetler/ofis-ticari-alan/darende/";"title ve H1";"Anahtar Teslim Yapım"
"darende prefabrik ve hafif çelik yapı";"yerel";"2";"https://cbinsaat.com/hizmetler/prefabrik-hafif-celik/darende/";"title ve H1";"Anahtar Teslim Yapım"
"depo ve atölye yapımı malatya";"ticari";"2";"https://cbinsaat.com/hizmetler/depo-atolye-yapimi/";"gövde metni";"Anahtar Teslim Yapım"
"doğanşehir anahtar teslim inşaat";"yerel";"2";"https://cbinsaat.com/hizmetler/anahtar-teslim-insaat/dogansehir/";"title ve H1";"Anahtar Teslim Yapım"
"doğanşehir anahtar teslim müstakil ev yapımı";"yerel";"2";"https://cbinsaat.com/hizmetler/anahtar-teslim-mustakil-ev/dogansehir/";"title ve H1";"Anahtar Teslim Yapım"
"doğanşehir anahtar teslim villa yapımı";"yerel";"2";"https://cbinsaat.com/hizmetler/anahtar-teslim-villa/dogansehir/";"title ve H1";"Anahtar Teslim Yapım"
"doğanşehir bağ evi ve köy evi yapımı";"yerel";"2";"https://cbinsaat.com/hizmetler/bag-evi-koy-evi/dogansehir/";"title ve H1";"Anahtar Teslim Yapım"
"doğanşehir depo ve atölye yapımı";"yerel";"2";"https://cbinsaat.com/hizmetler/depo-atolye-yapimi/dogansehir/";"title ve H1";"Anahtar Teslim Yapım"
"doğanşehir dükkan ve iş yeri yapımı";"yerel";"2";"https://cbinsaat.com/hizmetler/dukkan-is-yeri-yapimi/dogansehir/";"title ve H1";"Anahtar Teslim Yapım"
"doğanşehir ofis ve ticari alan uygulamaları";"yerel";"2";"https://cbinsaat.com/hizmetler/ofis-ticari-alan/dogansehir/";"title ve H1";"Anahtar Teslim Yapım"
"doğanşehir prefabrik ve hafif çelik yapı";"yerel";"2";"https://cbinsaat.com/hizmetler/prefabrik-hafif-celik/dogansehir/";"title ve H1";"Anahtar Teslim Yapım"
"doğanyol anahtar teslim inşaat";"yerel";"2";"https://cbinsaat.com/hizmetler/anahtar-teslim-insaat/doganyol/";"title ve H1";"Anahtar Teslim Yapım"
"doğanyol anahtar teslim müstakil ev yapımı";"yerel";"2";"https://cbinsaat.com/hizmetler/anahtar-teslim-mustakil-ev/doganyol/";"title ve H1";"Anahtar Teslim Yapım"
"doğanyol anahtar teslim villa yapımı";"yerel";"2";"https://cbinsaat.com/hizmetler/anahtar-teslim-villa/doganyol/";"title ve H1";"Anahtar Teslim Yapım"
"doğanyol bağ evi ve köy evi yapımı";"yerel";"2";"https://cbinsaat.com/hizmetler/bag-evi-koy-evi/doganyol/";"title ve H1";"Anahtar Teslim Yapım"
"doğanyol depo ve atölye yapımı";"yerel";"2";"https://cbinsaat.com/hizmetler/depo-atolye-yapimi/doganyol/";"title ve H1";"Anahtar Teslim Yapım"
"doğanyol dükkan ve iş yeri yapımı";"yerel";"2";"https://cbinsaat.com/hizmetler/dukkan-is-yeri-yapimi/doganyol/";"title ve H1";"Anahtar Teslim Yapım"
"doğanyol ofis ve ticari alan uygulamaları";"yerel";"2";"https://cbinsaat.com/hizmetler/ofis-ticari-alan/doganyol/";"title ve H1";"Anahtar Teslim Yapım"
"doğanyol prefabrik ve hafif çelik yapı";"yerel";"2";"https://cbinsaat.com/hizmetler/prefabrik-hafif-celik/doganyol/";"title ve H1";"Anahtar Teslim Yapım"
"dubleks villa inşaat malatya";"ticari";"2";"https://cbinsaat.com/hizmetler/anahtar-teslim-villa/";"gövde ve SSS";"Anahtar Teslim Yapım"
"dükkan ve iş yeri yapımı malatya";"ticari";"2";"https://cbinsaat.com/hizmetler/dukkan-is-yeri-yapimi/";"gövde metni";"Anahtar Teslim Yapım"
"hafif çelik yapı malatya";"ticari";"2";"https://cbinsaat.com/hizmetler/prefabrik-hafif-celik/";"gövde ve SSS";"Anahtar Teslim Yapım"
"hekimhan anahtar teslim inşaat";"yerel";"2";"https://cbinsaat.com/hizmetler/anahtar-teslim-insaat/hekimhan/";"title ve H1";"Anahtar Teslim Yapım"
"hekimhan anahtar teslim müstakil ev yapımı";"yerel";"2";"https://cbinsaat.com/hizmetler/anahtar-teslim-mustakil-ev/hekimhan/";"title ve H1";"Anahtar Teslim Yapım"
"hekimhan anahtar teslim villa yapımı";"yerel";"2";"https://cbinsaat.com/hizmetler/anahtar-teslim-villa/hekimhan/";"title ve H1";"Anahtar Teslim Yapım"
"hekimhan bağ evi ve köy evi yapımı";"yerel";"2";"https://cbinsaat.com/hizmetler/bag-evi-koy-evi/hekimhan/";"title ve H1";"Anahtar Teslim Yapım"
"hekimhan depo ve atölye yapımı";"yerel";"2";"https://cbinsaat.com/hizmetler/depo-atolye-yapimi/hekimhan/";"title ve H1";"Anahtar Teslim Yapım"
"hekimhan dükkan ve iş yeri yapımı";"yerel";"2";"https://cbinsaat.com/hizmetler/dukkan-is-yeri-yapimi/hekimhan/";"title ve H1";"Anahtar Teslim Yapım"
"hekimhan ofis ve ticari alan uygulamaları";"yerel";"2";"https://cbinsaat.com/hizmetler/ofis-ticari-alan/hekimhan/";"title ve H1";"Anahtar Teslim Yapım"
"hekimhan prefabrik ve hafif çelik yapı";"yerel";"2";"https://cbinsaat.com/hizmetler/prefabrik-hafif-celik/hekimhan/";"title ve H1";"Anahtar Teslim Yapım"
"iş yeri inşaatı";"ticari";"2";"https://cbinsaat.com/hizmetler/anahtar-teslim-insaat/";"gövde ve SSS";"Anahtar Teslim Yapım"
"kale anahtar teslim inşaat";"yerel";"2";"https://cbinsaat.com/hizmetler/anahtar-teslim-insaat/kale/";"title ve H1";"Anahtar Teslim Yapım"
"kale anahtar teslim müstakil ev yapımı";"yerel";"2";"https://cbinsaat.com/hizmetler/anahtar-teslim-mustakil-ev/kale/";"title ve H1";"Anahtar Teslim Yapım"
"kale anahtar teslim villa yapımı";"yerel";"2";"https://cbinsaat.com/hizmetler/anahtar-teslim-villa/kale/";"title ve H1";"Anahtar Teslim Yapım"
"kale bağ evi ve köy evi yapımı";"yerel";"2";"https://cbinsaat.com/hizmetler/bag-evi-koy-evi/kale/";"title ve H1";"Anahtar Teslim Yapım"
"kale depo ve atölye yapımı";"yerel";"2";"https://cbinsaat.com/hizmetler/depo-atolye-yapimi/kale/";"title ve H1";"Anahtar Teslim Yapım"
"kale dükkan ve iş yeri yapımı";"yerel";"2";"https://cbinsaat.com/hizmetler/dukkan-is-yeri-yapimi/kale/";"title ve H1";"Anahtar Teslim Yapım"
"kale ofis ve ticari alan uygulamaları";"yerel";"2";"https://cbinsaat.com/hizmetler/ofis-ticari-alan/kale/";"title ve H1";"Anahtar Teslim Yapım"
"kale prefabrik ve hafif çelik yapı";"yerel";"2";"https://cbinsaat.com/hizmetler/prefabrik-hafif-celik/kale/";"title ve H1";"Anahtar Teslim Yapım"
"köy evi inşaatı malatya";"ticari";"2";"https://cbinsaat.com/hizmetler/bag-evi-koy-evi/";"gövde ve SSS";"Anahtar Teslim Yapım"
"kuluncak anahtar teslim inşaat";"yerel";"2";"https://cbinsaat.com/hizmetler/anahtar-teslim-insaat/kuluncak/";"title ve H1";"Anahtar Teslim Yapım"
"kuluncak anahtar teslim müstakil ev yapımı";"yerel";"2";"https://cbinsaat.com/hizmetler/anahtar-teslim-mustakil-ev/kuluncak/";"title ve H1";"Anahtar Teslim Yapım"
"kuluncak anahtar teslim villa yapımı";"yerel";"2";"https://cbinsaat.com/hizmetler/anahtar-teslim-villa/kuluncak/";"title ve H1";"Anahtar Teslim Yapım"
"kuluncak bağ evi ve köy evi yapımı";"yerel";"2";"https://cbinsaat.com/hizmetler/bag-evi-koy-evi/kuluncak/";"title ve H1";"Anahtar Teslim Yapım"
"kuluncak depo ve atölye yapımı";"yerel";"2";"https://cbinsaat.com/hizmetler/depo-atolye-yapimi/kuluncak/";"title ve H1";"Anahtar Teslim Yapım"
"kuluncak dükkan ve iş yeri yapımı";"yerel";"2";"https://cbinsaat.com/hizmetler/dukkan-is-yeri-yapimi/kuluncak/";"title ve H1";"Anahtar Teslim Yapım"
"kuluncak ofis ve ticari alan uygulamaları";"yerel";"2";"https://cbinsaat.com/hizmetler/ofis-ticari-alan/kuluncak/";"title ve H1";"Anahtar Teslim Yapım"
"kuluncak prefabrik ve hafif çelik yapı";"yerel";"2";"https://cbinsaat.com/hizmetler/prefabrik-hafif-celik/kuluncak/";"title ve H1";"Anahtar Teslim Yapım"
"mağaza inşaatı malatya";"ticari";"2";"https://cbinsaat.com/hizmetler/dukkan-is-yeri-yapimi/";"gövde ve SSS";"Anahtar Teslim Yapım"
"malatya anahtar teslim ev yapımı";"ticari";"2";"https://cbinsaat.com/hizmetler/anahtar-teslim-mustakil-ev/";"gövde ve SSS";"Anahtar Teslim Yapım"
"malatya anahtar teslim inşaat firması";"ticari";"2";"https://cbinsaat.com/hizmetler/anahtar-teslim-insaat/";"gövde metni";"Anahtar Teslim Yapım"
"malatya anahtar teslim inşaat fiyatları";"ticari";"2";"https://cbinsaat.com/hizmetler/anahtar-teslim-insaat/";"fiyatı ne belirler bölümü";"Anahtar Teslim Yapım"
"malatya anahtar teslim müstakil ev yapımı firması";"ticari";"2";"https://cbinsaat.com/hizmetler/anahtar-teslim-mustakil-ev/";"gövde metni";"Anahtar Teslim Yapım"
"malatya anahtar teslim müstakil ev yapımı fiyatları";"ticari";"2";"https://cbinsaat.com/hizmetler/anahtar-teslim-mustakil-ev/";"fiyatı ne belirler bölümü";"Anahtar Teslim Yapım"
"malatya anahtar teslim villa";"ticari";"2";"https://cbinsaat.com/hizmetler/anahtar-teslim-villa/";"gövde ve SSS";"Anahtar Teslim Yapım"
"malatya anahtar teslim villa yapımı firması";"ticari";"2";"https://cbinsaat.com/hizmetler/anahtar-teslim-villa/";"gövde metni";"Anahtar Teslim Yapım"
"malatya anahtar teslim villa yapımı fiyatları";"ticari";"2";"https://cbinsaat.com/hizmetler/anahtar-teslim-villa/";"fiyatı ne belirler bölümü";"Anahtar Teslim Yapım"
"malatya atölye inşaatı";"ticari";"2";"https://cbinsaat.com/hizmetler/depo-atolye-yapimi/";"gövde ve SSS";"Anahtar Teslim Yapım"
"malatya bağ evi ve köy evi yapımı firması";"ticari";"2";"https://cbinsaat.com/hizmetler/bag-evi-koy-evi/";"gövde metni";"Anahtar Teslim Yapım"
"malatya bağ evi ve köy evi yapımı fiyatları";"ticari";"2";"https://cbinsaat.com/hizmetler/bag-evi-koy-evi/";"fiyatı ne belirler bölümü";"Anahtar Teslim Yapım"
"malatya bağ evi yapımı";"ticari";"2";"https://cbinsaat.com/hizmetler/bag-evi-koy-evi/";"gövde ve SSS";"Anahtar Teslim Yapım"
"malatya depo ve atölye yapımı firması";"ticari";"2";"https://cbinsaat.com/hizmetler/depo-atolye-yapimi/";"gövde metni";"Anahtar Teslim Yapım"
"malatya depo ve atölye yapımı fiyatları";"ticari";"2";"https://cbinsaat.com/hizmetler/depo-atolye-yapimi/";"fiyatı ne belirler bölümü";"Anahtar Teslim Yapım"
"malatya depo yapımı";"ticari";"2";"https://cbinsaat.com/hizmetler/depo-atolye-yapimi/";"gövde ve SSS";"Anahtar Teslim Yapım"
"malatya dükkan ve iş yeri yapımı firması";"ticari";"2";"https://cbinsaat.com/hizmetler/dukkan-is-yeri-yapimi/";"gövde metni";"Anahtar Teslim Yapım"
"malatya dükkan ve iş yeri yapımı fiyatları";"ticari";"2";"https://cbinsaat.com/hizmetler/dukkan-is-yeri-yapimi/";"fiyatı ne belirler bölümü";"Anahtar Teslim Yapım"
"malatya dükkan yapımı";"ticari";"2";"https://cbinsaat.com/hizmetler/dukkan-is-yeri-yapimi/";"gövde ve SSS";"Anahtar Teslim Yapım"
"malatya ev yaptırmak";"ticari";"2";"https://cbinsaat.com/hizmetler/anahtar-teslim-mustakil-ev/";"gövde ve SSS";"Anahtar Teslim Yapım"
"malatya iş yeri inşaatı";"ticari";"2";"https://cbinsaat.com/hizmetler/dukkan-is-yeri-yapimi/";"gövde ve SSS";"Anahtar Teslim Yapım"
"malatya müstakil ev inşaatı";"ticari";"2";"https://cbinsaat.com/hizmetler/anahtar-teslim-mustakil-ev/";"gövde ve SSS";"Anahtar Teslim Yapım"
"malatya müteahhit";"ticari";"2";"https://cbinsaat.com/hizmetler/anahtar-teslim-insaat/";"gövde ve SSS";"Anahtar Teslim Yapım"
"malatya ofis ve ticari alan uygulamaları firması";"ticari";"2";"https://cbinsaat.com/hizmetler/ofis-ticari-alan/";"gövde metni";"Anahtar Teslim Yapım"
"malatya ofis ve ticari alan uygulamaları fiyatları";"ticari";"2";"https://cbinsaat.com/hizmetler/ofis-ticari-alan/";"fiyatı ne belirler bölümü";"Anahtar Teslim Yapım"
"malatya prefabrik ev";"ticari";"2";"https://cbinsaat.com/hizmetler/prefabrik-hafif-celik/";"gövde ve SSS";"Anahtar Teslim Yapım"
"malatya prefabrik ve hafif çelik yapı firması";"ticari";"2";"https://cbinsaat.com/hizmetler/prefabrik-hafif-celik/";"gövde metni";"Anahtar Teslim Yapım"
"malatya prefabrik ve hafif çelik yapı fiyatları";"ticari";"2";"https://cbinsaat.com/hizmetler/prefabrik-hafif-celik/";"fiyatı ne belirler bölümü";"Anahtar Teslim Yapım"
"malatya villa yapımı";"ticari";"2";"https://cbinsaat.com/hizmetler/anahtar-teslim-villa/";"gövde ve SSS";"Anahtar Teslim Yapım"
"ofis bölme duvar malatya";"ticari";"2";"https://cbinsaat.com/hizmetler/ofis-ticari-alan/";"gövde ve SSS";"Anahtar Teslim Yapım"
"ofis kurulumu malatya";"ticari";"2";"https://cbinsaat.com/hizmetler/ofis-ticari-alan/";"gövde ve SSS";"Anahtar Teslim Yapım"
"ofis ve ticari alan uygulamaları malatya";"ticari";"2";"https://cbinsaat.com/hizmetler/ofis-ticari-alan/";"gövde metni";"Anahtar Teslim Yapım"
"prefabrik bağ evi";"ticari";"2";"https://cbinsaat.com/hizmetler/prefabrik-hafif-celik/";"gövde ve SSS";"Anahtar Teslim Yapım"
"prefabrik bağ evi malatya";"ticari";"2";"https://cbinsaat.com/hizmetler/bag-evi-koy-evi/";"gövde ve SSS";"Anahtar Teslim Yapım"
"prefabrik ofis malatya";"ticari";"2";"https://cbinsaat.com/hizmetler/prefabrik-hafif-celik/";"gövde ve SSS";"Anahtar Teslim Yapım"
"prefabrik ve hafif çelik yapı malatya";"ticari";"2";"https://cbinsaat.com/hizmetler/prefabrik-hafif-celik/";"gövde metni";"Anahtar Teslim Yapım"
"pütürge anahtar teslim inşaat";"yerel";"2";"https://cbinsaat.com/hizmetler/anahtar-teslim-insaat/puturge/";"title ve H1";"Anahtar Teslim Yapım"
"pütürge anahtar teslim müstakil ev yapımı";"yerel";"2";"https://cbinsaat.com/hizmetler/anahtar-teslim-mustakil-ev/puturge/";"title ve H1";"Anahtar Teslim Yapım"
"pütürge anahtar teslim villa yapımı";"yerel";"2";"https://cbinsaat.com/hizmetler/anahtar-teslim-villa/puturge/";"title ve H1";"Anahtar Teslim Yapım"
"pütürge bağ evi ve köy evi yapımı";"yerel";"2";"https://cbinsaat.com/hizmetler/bag-evi-koy-evi/puturge/";"title ve H1";"Anahtar Teslim Yapım"
"pütürge depo ve atölye yapımı";"yerel";"2";"https://cbinsaat.com/hizmetler/depo-atolye-yapimi/puturge/";"title ve H1";"Anahtar Teslim Yapım"
"pütürge dükkan ve iş yeri yapımı";"yerel";"2";"https://cbinsaat.com/hizmetler/dukkan-is-yeri-yapimi/puturge/";"title ve H1";"Anahtar Teslim Yapım"
"pütürge ofis ve ticari alan uygulamaları";"yerel";"2";"https://cbinsaat.com/hizmetler/ofis-ticari-alan/puturge/";"title ve H1";"Anahtar Teslim Yapım"
"pütürge prefabrik ve hafif çelik yapı";"yerel";"2";"https://cbinsaat.com/hizmetler/prefabrik-hafif-celik/puturge/";"title ve H1";"Anahtar Teslim Yapım"
"sanayi yapısı malatya";"ticari";"2";"https://cbinsaat.com/hizmetler/depo-atolye-yapimi/";"gövde ve SSS";"Anahtar Teslim Yapım"
"showroom yapımı malatya";"ticari";"2";"https://cbinsaat.com/hizmetler/dukkan-is-yeri-yapimi/";"gövde ve SSS";"Anahtar Teslim Yapım"
"ticari alan uygulaması";"ticari";"2";"https://cbinsaat.com/hizmetler/ofis-ticari-alan/";"gövde ve SSS";"Anahtar Teslim Yapım"
"villa müteahhit malatya";"ticari";"2";"https://cbinsaat.com/hizmetler/anahtar-teslim-villa/";"gövde ve SSS";"Anahtar Teslim Yapım"
"villa yapımı malatya";"ticari";"2";"https://cbinsaat.com/hizmetler/anahtar-teslim-insaat/";"gövde ve SSS";"Anahtar Teslim Yapım"
"yazıhan anahtar teslim inşaat";"yerel";"2";"https://cbinsaat.com/hizmetler/anahtar-teslim-insaat/yazihan/";"title ve H1";"Anahtar Teslim Yapım"
"yazıhan anahtar teslim müstakil ev yapımı";"yerel";"2";"https://cbinsaat.com/hizmetler/anahtar-teslim-mustakil-ev/yazihan/";"title ve H1";"Anahtar Teslim Yapım"
"yazıhan anahtar teslim villa yapımı";"yerel";"2";"https://cbinsaat.com/hizmetler/anahtar-teslim-villa/yazihan/";"title ve H1";"Anahtar Teslim Yapım"
"yazıhan bağ evi ve köy evi yapımı";"yerel";"2";"https://cbinsaat.com/hizmetler/bag-evi-koy-evi/yazihan/";"title ve H1";"Anahtar Teslim Yapım"
"yazıhan depo ve atölye yapımı";"yerel";"2";"https://cbinsaat.com/hizmetler/depo-atolye-yapimi/yazihan/";"title ve H1";"Anahtar Teslim Yapım"
"yazıhan dükkan ve iş yeri yapımı";"yerel";"2";"https://cbinsaat.com/hizmetler/dukkan-is-yeri-yapimi/yazihan/";"title ve H1";"Anahtar Teslim Yapım"
"yazıhan ofis ve ticari alan uygulamaları";"yerel";"2";"https://cbinsaat.com/hizmetler/ofis-ticari-alan/yazihan/";"title ve H1";"Anahtar Teslim Yapım"
"yazıhan prefabrik ve hafif çelik yapı";"yerel";"2";"https://cbinsaat.com/hizmetler/prefabrik-hafif-celik/yazihan/";"title ve H1";"Anahtar Teslim Yapım"
"yeşilyurt anahtar teslim inşaat";"yerel";"2";"https://cbinsaat.com/hizmetler/anahtar-teslim-insaat/yesilyurt/";"title ve H1";"Anahtar Teslim Yapım"
"yeşilyurt anahtar teslim müstakil ev yapımı";"yerel";"2";"https://cbinsaat.com/hizmetler/anahtar-teslim-mustakil-ev/yesilyurt/";"title ve H1";"Anahtar Teslim Yapım"
"yeşilyurt anahtar teslim villa yapımı";"yerel";"2";"https://cbinsaat.com/hizmetler/anahtar-teslim-villa/yesilyurt/";"title ve H1";"Anahtar Teslim Yapım"
"yeşilyurt bağ evi ve köy evi yapımı";"yerel";"2";"https://cbinsaat.com/hizmetler/bag-evi-koy-evi/yesilyurt/";"title ve H1";"Anahtar Teslim Yapım"
"yeşilyurt depo ve atölye yapımı";"yerel";"2";"https://cbinsaat.com/hizmetler/depo-atolye-yapimi/yesilyurt/";"title ve H1";"Anahtar Teslim Yapım"
"yeşilyurt dükkan ve iş yeri yapımı";"yerel";"2";"https://cbinsaat.com/hizmetler/dukkan-is-yeri-yapimi/yesilyurt/";"title ve H1";"Anahtar Teslim Yapım"
"yeşilyurt ofis ve ticari alan uygulamaları";"yerel";"2";"https://cbinsaat.com/hizmetler/ofis-ticari-alan/yesilyurt/";"title ve H1";"Anahtar Teslim Yapım"
"yeşilyurt prefabrik ve hafif çelik yapı";"yerel";"2";"https://cbinsaat.com/hizmetler/prefabrik-hafif-celik/yesilyurt/";"title ve H1";"Anahtar Teslim Yapım"
"akçadağ bahçe ve çevre düzenleme";"yerel";"2";"https://cbinsaat.com/hizmetler/bahce-cevre-duzenleme/akcadag/";"title ve H1";"Bahçe ve Çevre"
"akçadağ demir korkuluk, bahçe kapısı ve sundurma";"yerel";"2";"https://cbinsaat.com/hizmetler/demir-korkuluk/akcadag/";"title ve H1";"Bahçe ve Çevre"
"arapgir bahçe ve çevre düzenleme";"yerel";"2";"https://cbinsaat.com/hizmetler/bahce-cevre-duzenleme/arapgir/";"title ve H1";"Bahçe ve Çevre"
"arapgir demir korkuluk, bahçe kapısı ve sundurma";"yerel";"2";"https://cbinsaat.com/hizmetler/demir-korkuluk/arapgir/";"title ve H1";"Bahçe ve Çevre"
"arguvan bahçe ve çevre düzenleme";"yerel";"2";"https://cbinsaat.com/hizmetler/bahce-cevre-duzenleme/arguvan/";"title ve H1";"Bahçe ve Çevre"
"arguvan demir korkuluk, bahçe kapısı ve sundurma";"yerel";"2";"https://cbinsaat.com/hizmetler/demir-korkuluk/arguvan/";"title ve H1";"Bahçe ve Çevre"
"bahçe aydınlatma malatya";"ticari";"2";"https://cbinsaat.com/hizmetler/bahce-cevre-duzenleme/";"gövde ve SSS";"Bahçe ve Çevre"
"bahçe duvarı malatya";"ticari";"2";"https://cbinsaat.com/hizmetler/bahce-cevre-duzenleme/";"gövde ve SSS";"Bahçe ve Çevre"
"bahçe kapısı malatya";"ticari";"2";"https://cbinsaat.com/hizmetler/demir-korkuluk/";"gövde ve SSS";"Bahçe ve Çevre"
"bahçe ve çevre düzenleme malatya";"ticari";"2";"https://cbinsaat.com/hizmetler/bahce-cevre-duzenleme/";"gövde metni";"Bahçe ve Çevre"
"battalgazi bahçe ve çevre düzenleme";"yerel";"2";"https://cbinsaat.com/hizmetler/bahce-cevre-duzenleme/battalgazi/";"title ve H1";"Bahçe ve Çevre"
"battalgazi demir korkuluk, bahçe kapısı ve sundurma";"yerel";"2";"https://cbinsaat.com/hizmetler/demir-korkuluk/battalgazi/";"title ve H1";"Bahçe ve Çevre"
"darende bahçe ve çevre düzenleme";"yerel";"2";"https://cbinsaat.com/hizmetler/bahce-cevre-duzenleme/darende/";"title ve H1";"Bahçe ve Çevre"
"darende demir korkuluk, bahçe kapısı ve sundurma";"yerel";"2";"https://cbinsaat.com/hizmetler/demir-korkuluk/darende/";"title ve H1";"Bahçe ve Çevre"
"demir korkuluk, bahçe kapısı ve sundurma malatya";"ticari";"2";"https://cbinsaat.com/hizmetler/demir-korkuluk/";"gövde metni";"Bahçe ve Çevre"
"doğanşehir bahçe ve çevre düzenleme";"yerel";"2";"https://cbinsaat.com/hizmetler/bahce-cevre-duzenleme/dogansehir/";"title ve H1";"Bahçe ve Çevre"
"doğanşehir demir korkuluk, bahçe kapısı ve sundurma";"yerel";"2";"https://cbinsaat.com/hizmetler/demir-korkuluk/dogansehir/";"title ve H1";"Bahçe ve Çevre"
"doğanyol bahçe ve çevre düzenleme";"yerel";"2";"https://cbinsaat.com/hizmetler/bahce-cevre-duzenleme/doganyol/";"title ve H1";"Bahçe ve Çevre"
"doğanyol demir korkuluk, bahçe kapısı ve sundurma";"yerel";"2";"https://cbinsaat.com/hizmetler/demir-korkuluk/doganyol/";"title ve H1";"Bahçe ve Çevre"
"ferforje korkuluk malatya";"ticari";"2";"https://cbinsaat.com/hizmetler/demir-korkuluk/";"gövde ve SSS";"Bahçe ve Çevre"
"hekimhan bahçe ve çevre düzenleme";"yerel";"2";"https://cbinsaat.com/hizmetler/bahce-cevre-duzenleme/hekimhan/";"title ve H1";"Bahçe ve Çevre"
"hekimhan demir korkuluk, bahçe kapısı ve sundurma";"yerel";"2";"https://cbinsaat.com/hizmetler/demir-korkuluk/hekimhan/";"title ve H1";"Bahçe ve Çevre"
"kale bahçe ve çevre düzenleme";"yerel";"2";"https://cbinsaat.com/hizmetler/bahce-cevre-duzenleme/kale/";"title ve H1";"Bahçe ve Çevre"
"kale demir korkuluk, bahçe kapısı ve sundurma";"yerel";"2";"https://cbinsaat.com/hizmetler/demir-korkuluk/kale/";"title ve H1";"Bahçe ve Çevre"
"kilit taşı döşeme malatya";"ticari";"2";"https://cbinsaat.com/hizmetler/bahce-cevre-duzenleme/";"gövde ve SSS";"Bahçe ve Çevre"
"kuluncak bahçe ve çevre düzenleme";"yerel";"2";"https://cbinsaat.com/hizmetler/bahce-cevre-duzenleme/kuluncak/";"title ve H1";"Bahçe ve Çevre"
"kuluncak demir korkuluk, bahçe kapısı ve sundurma";"yerel";"2";"https://cbinsaat.com/hizmetler/demir-korkuluk/kuluncak/";"title ve H1";"Bahçe ve Çevre"
"malatya bahçe düzenleme";"ticari";"2";"https://cbinsaat.com/hizmetler/bahce-cevre-duzenleme/";"gövde ve SSS";"Bahçe ve Çevre"
"malatya bahçe ve çevre düzenleme firması";"ticari";"2";"https://cbinsaat.com/hizmetler/bahce-cevre-duzenleme/";"gövde metni";"Bahçe ve Çevre"
"malatya bahçe ve çevre düzenleme fiyatları";"ticari";"2";"https://cbinsaat.com/hizmetler/bahce-cevre-duzenleme/";"fiyatı ne belirler bölümü";"Bahçe ve Çevre"
"malatya demir korkuluk";"ticari";"2";"https://cbinsaat.com/hizmetler/demir-korkuluk/";"gövde ve SSS";"Bahçe ve Çevre"
"malatya demir korkuluk, bahçe kapısı ve sundurma firması";"ticari";"2";"https://cbinsaat.com/hizmetler/demir-korkuluk/";"gövde metni";"Bahçe ve Çevre"
"malatya demir korkuluk, bahçe kapısı ve sundurma fiyatları";"ticari";"2";"https://cbinsaat.com/hizmetler/demir-korkuluk/";"fiyatı ne belirler bölümü";"Bahçe ve Çevre"
"pütürge bahçe ve çevre düzenleme";"yerel";"2";"https://cbinsaat.com/hizmetler/bahce-cevre-duzenleme/puturge/";"title ve H1";"Bahçe ve Çevre"
"pütürge demir korkuluk, bahçe kapısı ve sundurma";"yerel";"2";"https://cbinsaat.com/hizmetler/demir-korkuluk/puturge/";"title ve H1";"Bahçe ve Çevre"
"sundurma yapımı malatya";"ticari";"2";"https://cbinsaat.com/hizmetler/demir-korkuluk/";"gövde ve SSS";"Bahçe ve Çevre"
"yazıhan bahçe ve çevre düzenleme";"yerel";"2";"https://cbinsaat.com/hizmetler/bahce-cevre-duzenleme/yazihan/";"title ve H1";"Bahçe ve Çevre"
"yazıhan demir korkuluk, bahçe kapısı ve sundurma";"yerel";"2";"https://cbinsaat.com/hizmetler/demir-korkuluk/yazihan/";"title ve H1";"Bahçe ve Çevre"
"yeşilyurt bahçe ve çevre düzenleme";"yerel";"2";"https://cbinsaat.com/hizmetler/bahce-cevre-duzenleme/yesilyurt/";"title ve H1";"Bahçe ve Çevre"
"yeşilyurt demir korkuluk, bahçe kapısı ve sundurma";"yerel";"2";"https://cbinsaat.com/hizmetler/demir-korkuluk/yesilyurt/";"title ve H1";"Bahçe ve Çevre"
"acil elektrik arızasında ilk ne yapılmalı?";"bilgi";"2";"https://cbinsaat.com/blog/acil-elektrik-arizasinda-ne-yapilir/";"title ve H1";"Blog"
"alçıpan nerede kullanılır, nerede kullanılmaz?";"bilgi";"2";"https://cbinsaat.com/blog/alcipan-nerede-kullanilir/";"title ve H1";"Blog"
"anahtar teslim inşaat hangi işleri kapsar?";"bilgi";"2";"https://cbinsaat.com/blog/anahtar-teslim-insaat-kapsami/";"title ve H1";"Blog"
"apartman ortak alan yenilemesi: karardan teslime";"bilgi";"2";"https://cbinsaat.com/blog/apartman-ortak-alan-yenileme/";"title ve H1";"Blog"
"bağ evi yaparken önce su ve elektriği çözün";"bilgi";"2";"https://cbinsaat.com/blog/bag-evi-yapiminda-altyapi/";"title ve H1";"Blog"
"bahçe aydınlatması nasıl planlanır?";"bilgi";"2";"https://cbinsaat.com/blog/bahce-aydinlatmasi-nasil-planlanir/";"title ve H1";"Blog"
"bahçe düzenlemesinde doğru sıra: önce boru, sonra taş";"bilgi";"2";"https://cbinsaat.com/blog/bahce-duzenlemesinde-sira/";"title ve H1";"Blog"
"balkon yenilemede doğru sıra";"bilgi";"2";"https://cbinsaat.com/blog/balkon-yenilemede-sira/";"title ve H1";"Blog"
"banyo tadilatında doğru uygulama sırası";"bilgi";"2";"https://cbinsaat.com/blog/banyo-tadilati-siralama/";"title ve H1";"Blog"
"banyo tadilatında en pahalı hata: su yalıtımını atlamak";"bilgi";"2";"https://cbinsaat.com/blog/banyo-tadilatinda-su-yalitimi/";"title ve H1";"Blog"
"banyoda havlupan mı petek mi? ısıtma açısından fark";"bilgi";"2";"https://cbinsaat.com/blog/havlupan-mi-petek-mi/";"title ve H1";"Blog"
"betonarme mi hafif çelik mi? hangi işte hangisi";"bilgi";"2";"https://cbinsaat.com/blog/betonarme-mi-celik-mi/";"title ve H1";"Blog"
"bina için hidrofor seçimi nasıl yapılır?";"bilgi";"2";"https://cbinsaat.com/blog/hidrofor-secimi-nasil-yapilir/";"title ve H1";"Blog"
"boya neden kabarır, çatlar, dökülür?";"bilgi";"2";"https://cbinsaat.com/blog/boya-neden-kabarir/";"title ve H1";"Blog"
"çatı akıntısı nereden başlar? görünen yer ile giren yer aynı değil";"bilgi";"2";"https://cbinsaat.com/blog/cati-akintisi-nereden-baslar/";"title ve H1";"Blog"
"çatı yalıtımı: çatı arasına mı, eğim boyunca mı?";"bilgi";"2";"https://cbinsaat.com/blog/cati-yalitimi-nasil-yapilir/";"title ve H1";"Blog"
"daire tadilatında doğru iş sırası nedir?";"bilgi";"2";"https://cbinsaat.com/blog/daire-tadilati-is-sirasi/";"title ve H1";"Blog"
"dalgıç pompa neden çalışmaz? adım adım kontrol";"bilgi";"2";"https://cbinsaat.com/blog/dalgic-pompa-calismiyor/";"title ve H1";"Blog"
"damlama mı yağmurlama mı? bahçe ve arazi için karşılaştırma";"bilgi";"2";"https://cbinsaat.com/blog/damlama-mi-yagmurlama-mi/";"title ve H1";"Blog"
"damlama sulama hattı neden tıkanır?";"bilgi";"2";"https://cbinsaat.com/blog/damlama-sulama-tikaniklik/";"title ve H1";"Blog"
"depo ve atölye zemininde en pahalı hata";"bilgi";"2";"https://cbinsaat.com/blog/depo-atolye-zemini/";"title ve H1";"Blog"
"deprem sonrası iç mekân yenilemesinde nelere dikkat edilir?";"bilgi";"2";"https://cbinsaat.com/blog/deprem-sonrasi-ic-mekan-yenileme/";"title ve H1";"Blog"
"dış cephe boyası ne zaman yenilenmeli?";"bilgi";"2";"https://cbinsaat.com/blog/cephe-boyasi-ne-zaman-yenilenmeli/";"title ve H1";"Blog"
"doğalgaz faturası neden yüksek geliyor? sırayla kontrol listesi";"bilgi";"2";"https://cbinsaat.com/blog/dogalgaz-faturasi-neden-yuksek/";"title ve H1";"Blog"
"donmuş boruda ne yapılır, nasıl önlenir?";"bilgi";"2";"https://cbinsaat.com/blog/donmus-boru-ne-yapilir/";"title ve H1";"Blog"
"duvar dalgalı: nasıl anlaşılır, nasıl düzeltilir?";"bilgi";"2";"https://cbinsaat.com/blog/duvar-dalgali-nasil-duzeltilir/";"title ve H1";"Blog"
"duvar içeriden nem alıyor: sebebi dışarıda mı?";"bilgi";"2";"https://cbinsaat.com/blog/cepheden-nem-alan-duvar/";"title ve H1";"Blog"
"dükkan tadilatında açılış tarihine yetişmek";"bilgi";"2";"https://cbinsaat.com/blog/dukkan-tadilatinda-acilis-takvimi/";"title ve H1";"Blog"
"dükkan tadilatında elektrik ve aydınlatma planı";"bilgi";"2";"https://cbinsaat.com/blog/dukkan-tadilati-elektrik-aydinlatma/";"title ve H1";"Blog"
"elektrik panosu bakımı neden gereklidir ve nasıl yapılır?";"bilgi";"2";"https://cbinsaat.com/blog/elektrik-panosu-bakimi/";"title ve H1";"Blog"
"elektrik tesisatının yenilenmesi gerektiğini gösteren 7 işaret";"bilgi";"2";"https://cbinsaat.com/blog/elektrik-tesisati-yenileme-belirtileri/";"title ve H1";"Blog"
"eski ev tadilatında öncelik sırası nasıl kurulur?";"bilgi";"2";"https://cbinsaat.com/blog/eski-ev-tadilatinda-oncelik/";"title ve H1";"Blog"
"ev su tesisatı yenileme rehberi: hangi boru, hangi sıra?";"bilgi";"2";"https://cbinsaat.com/blog/ev-su-tesisati-yenileme/";"title ve H1";"Blog"
"ev tadilatına nereden başlanır?";"bilgi";"2";"https://cbinsaat.com/blog/ev-tadilati-nereden-baslanir/";"title ve H1";"Blog"
"ev yaptırmaya nereden başlanır? sıralı yol haritası";"bilgi";"2";"https://cbinsaat.com/blog/ev-yaptirmaya-nereden-baslanir/";"title ve H1";"Blog"
"fabrika elektrik tesisatı planlama rehberi";"bilgi";"2";"https://cbinsaat.com/blog/fabrika-elektrik-tesisati-planlama/";"title ve H1";"Blog"
"gizli su kaçağı nasıl anlaşılır? erken belirtiler ve ilk kontroller";"bilgi";"2";"https://cbinsaat.com/blog/su-kacagi-erken-belirtileri/";"title ve H1";"Blog"
"güneş enerjisiyle sulama: nerede mantıklı?";"bilgi";"2";"https://cbinsaat.com/blog/gunes-enerjisiyle-sulama/";"title ve H1";"Blog"
"güvenlik kamerası seçimi: kaç kamera, hangi çözünürlük?";"bilgi";"2";"https://cbinsaat.com/blog/guvenlik-kamerasi-secim-rehberi/";"title ve H1";"Blog"
"hidrofor neden sürekli çalışır?";"bilgi";"2";"https://cbinsaat.com/blog/hidrofor-surekli-calisiyor/";"title ve H1";"Blog"
"hidrofor sürekli çalışıyor ya da basınç düşük: sebepleri";"bilgi";"2";"https://cbinsaat.com/blog/hidrofor-basinc-sorunu/";"title ve H1";"Blog"
"iç mekân aydınlatması nasıl planlanır?";"bilgi";"2";"https://cbinsaat.com/blog/ic-mekan-aydinlatma-planlama/";"title ve H1";"Blog"
"inşaat bütçesi nasıl kurulur? kalem dağılımı";"bilgi";"2";"https://cbinsaat.com/blog/insaat-butcesi-nasil-kurulur/";"title ve H1";"Blog"
"istinat duvarı neden çatlar? drenajın rolü";"bilgi";"2";"https://cbinsaat.com/blog/istinat-duvari-neden-catlar/";"title ve H1";"Blog"
"iş yerinde elektrik gücü nasıl hesaplanır?";"bilgi";"2";"https://cbinsaat.com/blog/isyeri-elektrik-gucu-hesabi/";"title ve H1";"Blog"
"jeneratör transfer panosu nasıl çalışır?";"bilgi";"2";"https://cbinsaat.com/blog/jenerator-transfer-panosu/";"title ve H1";"Blog"
"kaba inşaatta gözden kaçmaması gereken 7 kontrol";"bilgi";"2";"https://cbinsaat.com/blog/kaba-insaatta-nelere-dikkat/";"title ve H1";"Blog"
"kaçak akım rölesi neden atar? kaynağı bulmanın adımları";"bilgi";"2";"https://cbinsaat.com/blog/kacak-akim-rolesi-neden-atar/";"title ve H1";"Blog"
"kapı sürtüyor, kendiliğinden kapanıyor: sebepleri";"bilgi";"2";"https://cbinsaat.com/blog/kapi-neden-surtuyor/";"title ve H1";"Blog"
"kapı ve pencere seçerken nelere bakmalı?";"bilgi";"2";"https://cbinsaat.com/blog/kapi-pencere-secerken/";"title ve H1";"Blog"
"kış gelmeden yapılacak 10 kontrol";"bilgi";"2";"https://cbinsaat.com/blog/kis-gelmeden-yapilacak-10-kontrol/";"title ve H1";"Blog"
"kiralık daireyi hazırlarken nereye para harcamalı?";"bilgi";"2";"https://cbinsaat.com/blog/kiralik-daire-hazirlama-rehberi/";"title ve H1";"Blog"
"kombi bakımı gerçekten gerekli mi? rakamlarla bakalım";"bilgi";"2";"https://cbinsaat.com/blog/kombi-bakimi-neden-gerekli/";"title ve H1";"Blog"
"kombi basıncı neden düşer? üç neden ve ayırt etme yolu";"bilgi";"2";"https://cbinsaat.com/blog/kombi-basinci-neden-duser/";"title ve H1";"Blog"
"kombi basıncı neden düşüyor? sık su takviyesi ne anlatır";"bilgi";"2";"https://cbinsaat.com/blog/kombi-basinci-neden-dusuyor/";"title ve H1";"Blog"
"kombi kilitlendi: hata kodu ne anlatıyor?";"bilgi";"2";"https://cbinsaat.com/blog/kombi-hata-kodlari-ne-anlama-gelir/";"title ve H1";"Blog"
"kombi tamir mi edilmeli değiştirilmeli mi? karar tablosu";"bilgi";"2";"https://cbinsaat.com/blog/kombi-mi-degistirmeli-tamir-mi/";"title ve H1";"Blog"
"kompanzasyon panosu nedir, reaktif ceza nasıl önlenir?";"bilgi";"2";"https://cbinsaat.com/blog/kompanzasyon-panosu-nedir/";"title ve H1";"Blog"
"korkuluk ve demir işleri neden paslanır?";"bilgi";"2";"https://cbinsaat.com/blog/demir-isleri-neden-paslanir/";"title ve H1";"Blog"
"kuyu pompası nasıl seçilir? önce kuyu ölçülür";"bilgi";"2";"https://cbinsaat.com/blog/kuyu-pompasi-secimi/";"title ve H1";"Blog"
"kuyu pompasında basınç neden düşer?";"bilgi";"2";"https://cbinsaat.com/blog/kuyu-pompasi-basinc-sorunu/";"title ve H1";"Blog"
"küçük banyoda alan kazandıran çözümler";"bilgi";"2";"https://cbinsaat.com/blog/kucuk-banyoda-cozumler/";"title ve H1";"Blog"
"küçük daireyi büyük göstermenin teknik yolları";"bilgi";"2";"https://cbinsaat.com/blog/kucuk-daireyi-buyuk-gostermek/";"title ve H1";"Blog"
"lavabo tıkanıklığı neden tekrarlar?";"bilgi";"2";"https://cbinsaat.com/blog/lavabo-tikanikligi-neden-olur/";"title ve H1";"Blog"
"malatya'da kar yükü çatı tasarımını nasıl etkiler?";"bilgi";"2";"https://cbinsaat.com/blog/kar-yuku-ve-cati-tasarimi/";"title ve H1";"Blog"
"mantolama gerçekte ne kazandırır? detaylar belirleyici";"bilgi";"2";"https://cbinsaat.com/blog/mantolama-ne-kazandirir/";"title ve H1";"Blog"
"mutfak tadilatında ölçüden montaja: doğru sıra";"bilgi";"2";"https://cbinsaat.com/blog/mutfak-tadilatinda-plan/";"title ve H1";"Blog"
"mutfak tezgâhı: granit mi mermer mi kompozit mi?";"bilgi";"2";"https://cbinsaat.com/blog/granit-mi-mermer-mi-tezgah/";"title ve H1";"Blog"
"müteahhit seçerken sorulması gereken 10 soru";"bilgi";"2";"https://cbinsaat.com/blog/muteahhit-secerken-sorulacak-sorular/";"title ve H1";"Blog"
"odaya göre doğru avize ve aydınlatma nasıl seçilir?";"bilgi";"2";"https://cbinsaat.com/blog/avize-secim-rehberi/";"title ve H1";"Blog"
"ofis kurulumunda altyapıyı doğru planlamak";"bilgi";"2";"https://cbinsaat.com/blog/ofis-kurulumunda-altyapi/";"title ve H1";"Blog"
"otomatik bahçe sulama sistemi nasıl kurulur?";"bilgi";"2";"https://cbinsaat.com/blog/otomatik-bahce-sulama/";"title ve H1";"Blog"
"otomatik sulama sistemi: zon planı ve kurulum";"bilgi";"2";"https://cbinsaat.com/blog/otomatik-sulama-kurulumu/";"title ve H1";"Blog"
"pencereden hava geliyor: conta mı montaj mı?";"bilgi";"2";"https://cbinsaat.com/blog/pencereden-hava-geliyor/";"title ve H1";"Blog"
"petek ısınmıyor: hangi belirti neyi gösterir?";"bilgi";"2";"https://cbinsaat.com/blog/petek-isinmiyor-ne-yapmali/";"title ve H1";"Blog"
"petek mi yerden ısıtma mı? karar verirken bakılacak 5 şey";"bilgi";"2";"https://cbinsaat.com/blog/petek-mi-yerden-isitma-mi/";"title ve H1";"Blog"
"peteklerin altı neden soğuk kalır?";"bilgi";"2";"https://cbinsaat.com/blog/peteklerin-alti-neden-soguk/";"title ve H1";"Blog"
"priz neden ısınır, ne zaman değiştirilmelidir?";"bilgi";"2";"https://cbinsaat.com/blog/priz-neden-isinir/";"title ve H1";"Blog"
"priz planı: kaç tane, nereye, hangi yükseklikte?";"bilgi";"2";"https://cbinsaat.com/blog/ic-mekan-priz-plani/";"title ve H1";"Blog"
"saten alçı mı macun mu? hangi yüzeyde hangisi";"bilgi";"2";"https://cbinsaat.com/blog/alci-mi-macun-mu/";"title ve H1";"Blog"
"satış öncesi ev yenileme: hangi işler değere yansır?";"bilgi";"2";"https://cbinsaat.com/blog/satis-oncesi-ev-yenileme-rehberi/";"title ve H1";"Blog"
"serada elektrik ve otomasyon: nelere dikkat edilir?";"bilgi";"2";"https://cbinsaat.com/blog/sera-elektrik-ve-otomasyon/";"title ve H1";"Blog"
"seramik boş ses veriyor: sebebi ve çözümü";"bilgi";"2";"https://cbinsaat.com/blog/seramik-bos-ses-veriyor/";"title ve H1";"Blog"
"seramik mi parke mi? oda oda karar rehberi";"bilgi";"2";"https://cbinsaat.com/blog/seramik-mi-parke-mi/";"title ve H1";"Blog"
"sıfırdan ev elektrik tesisatı nasıl planlanır?";"bilgi";"2";"https://cbinsaat.com/blog/ev-elektrik-tesisati-maliyeti/";"title ve H1";"Blog"
"sigorta sürekli neden atar? üç farklı neden ve ayırt etme yolu";"bilgi";"2";"https://cbinsaat.com/blog/sigorta-surekli-neden-atar/";"title ve H1";"Blog"
"sobadan doğalgaza geçerken atlanan 6 şey";"bilgi";"2";"https://cbinsaat.com/blog/dogalgaza-gecerken-dikkat/";"title ve H1";"Blog"
"söküm sonrası en sık çıkan 8 sürpriz";"bilgi";"2";"https://cbinsaat.com/blog/tadilatta-sonradan-cikan-kalemler/";"title ve H1";"Blog"
"su deposu ne sıklıkla temizlenmeli?";"bilgi";"2";"https://cbinsaat.com/blog/su-deposu-ne-zaman-temizlenmeli/";"title ve H1";"Blog"
"su deposu ve hidrofor birlikte nasıl çalışır?";"bilgi";"2";"https://cbinsaat.com/blog/su-deposu-hidrofor-birlikte/";"title ve H1";"Blog"
"su kaçağı nasıl bulunur? duvarı açmadan tespit";"bilgi";"2";"https://cbinsaat.com/blog/su-kacagi-nasil-bulunur-blog/";"title ve H1";"Blog"
"şap kurumadan parke döşenirse ne olur?";"bilgi";"2";"https://cbinsaat.com/blog/sap-kurumadan-parke-doseme/";"title ve H1";"Blog"
"tadilat bütçesi nasıl planlanır? metraj mantığı";"bilgi";"2";"https://cbinsaat.com/blog/tadilat-butcesi-nasil-planlanir/";"title ve H1";"Blog"
"tadilat sırasında komşularla sorun yaşamamak";"bilgi";"2";"https://cbinsaat.com/blog/tadilatta-komsu-iliskileri/";"title ve H1";"Blog"
"tarımsal sulama için pompa nasıl seçilir?";"bilgi";"2";"https://cbinsaat.com/blog/tarimsal-sulama-pompa-secimi/";"title ve H1";"Blog"
"temel tipi neye göre seçilir?";"bilgi";"2";"https://cbinsaat.com/blog/temel-tipi-nasil-secilir/";"title ve H1";"Blog"
"teras su yalıtımı: adım adım ve sık yapılan hatalar";"bilgi";"2";"https://cbinsaat.com/blog/teras-su-yalitimi-adimlari/";"title ve H1";"Blog"
"teslim öncesi kontrol listesi: neye bakmalı?";"bilgi";"2";"https://cbinsaat.com/blog/yapi-teslim-kontrol-listesi/";"title ve H1";"Blog"
"topraklama neden önemlidir ve evinizde var mı nasıl anlarsınız?";"bilgi";"2";"https://cbinsaat.com/blog/topraklama-neden-onemli/";"title ve H1";"Blog"
"yağmur oluğu neden taşar? kesit, eğim ve tıkanma";"bilgi";"2";"https://cbinsaat.com/blog/oluk-neden-tasar/";"title ve H1";"Blog"
"akçadağ çatı yapımı ve yenileme";"yerel";"2";"https://cbinsaat.com/hizmetler/cati-yapimi/akcadag/";"title ve H1";"Çatı ve Dış Cephe"
"akçadağ çatı, teras ve balkon su yalıtımı";"yerel";"2";"https://cbinsaat.com/hizmetler/cati-izolasyonu/akcadag/";"title ve H1";"Çatı ve Dış Cephe"
"akçadağ dış cephe boya ve cephe yenileme";"yerel";"2";"https://cbinsaat.com/hizmetler/dis-cephe-boya/akcadag/";"title ve H1";"Çatı ve Dış Cephe"
"akçadağ dış cephe mantolama";"yerel";"2";"https://cbinsaat.com/hizmetler/dis-cephe-mantolama/akcadag/";"title ve H1";"Çatı ve Dış Cephe"
"apartman dış boya";"ticari";"2";"https://cbinsaat.com/hizmetler/dis-cephe-boya/";"gövde ve SSS";"Çatı ve Dış Cephe"
"apartman mantolama malatya";"ticari";"2";"https://cbinsaat.com/hizmetler/dis-cephe-mantolama/";"gövde ve SSS";"Çatı ve Dış Cephe"
"arapgir çatı yapımı ve yenileme";"yerel";"2";"https://cbinsaat.com/hizmetler/cati-yapimi/arapgir/";"title ve H1";"Çatı ve Dış Cephe"
"arapgir çatı, teras ve balkon su yalıtımı";"yerel";"2";"https://cbinsaat.com/hizmetler/cati-izolasyonu/arapgir/";"title ve H1";"Çatı ve Dış Cephe"
"arapgir dış cephe boya ve cephe yenileme";"yerel";"2";"https://cbinsaat.com/hizmetler/dis-cephe-boya/arapgir/";"title ve H1";"Çatı ve Dış Cephe"
"arapgir dış cephe mantolama";"yerel";"2";"https://cbinsaat.com/hizmetler/dis-cephe-mantolama/arapgir/";"title ve H1";"Çatı ve Dış Cephe"
"arguvan çatı yapımı ve yenileme";"yerel";"2";"https://cbinsaat.com/hizmetler/cati-yapimi/arguvan/";"title ve H1";"Çatı ve Dış Cephe"
"arguvan çatı, teras ve balkon su yalıtımı";"yerel";"2";"https://cbinsaat.com/hizmetler/cati-izolasyonu/arguvan/";"title ve H1";"Çatı ve Dış Cephe"
"arguvan dış cephe boya ve cephe yenileme";"yerel";"2";"https://cbinsaat.com/hizmetler/dis-cephe-boya/arguvan/";"title ve H1";"Çatı ve Dış Cephe"
"arguvan dış cephe mantolama";"yerel";"2";"https://cbinsaat.com/hizmetler/dis-cephe-mantolama/arguvan/";"title ve H1";"Çatı ve Dış Cephe"
"balkon su yalıtımı";"ticari";"2";"https://cbinsaat.com/hizmetler/cati-izolasyonu/";"gövde ve SSS";"Çatı ve Dış Cephe"
"battalgazi çatı yapımı ve yenileme";"yerel";"2";"https://cbinsaat.com/hizmetler/cati-yapimi/battalgazi/";"title ve H1";"Çatı ve Dış Cephe"
"battalgazi çatı, teras ve balkon su yalıtımı";"yerel";"2";"https://cbinsaat.com/hizmetler/cati-izolasyonu/battalgazi/";"title ve H1";"Çatı ve Dış Cephe"
"battalgazi dış cephe boya ve cephe yenileme";"yerel";"2";"https://cbinsaat.com/hizmetler/dis-cephe-boya/battalgazi/";"title ve H1";"Çatı ve Dış Cephe"
"battalgazi dış cephe mantolama";"yerel";"2";"https://cbinsaat.com/hizmetler/dis-cephe-mantolama/battalgazi/";"title ve H1";"Çatı ve Dış Cephe"
"bina cephe boyası malatya";"ticari";"2";"https://cbinsaat.com/hizmetler/dis-cephe-boya/";"gövde ve SSS";"Çatı ve Dış Cephe"
"cephe yenileme malatya";"ticari";"2";"https://cbinsaat.com/hizmetler/dis-cephe-boya/";"gövde ve SSS";"Çatı ve Dış Cephe"
"çatı aktarma malatya";"ticari";"2";"https://cbinsaat.com/hizmetler/cati-yapimi/";"gövde ve SSS";"Çatı ve Dış Cephe"
"çatı izolasyonu malatya";"ticari";"2";"https://cbinsaat.com/hizmetler/cati-yapimi/";"gövde ve SSS";"Çatı ve Dış Cephe"
"çatı yapımı ve yenileme malatya";"ticari";"2";"https://cbinsaat.com/hizmetler/cati-yapimi/";"gövde metni";"Çatı ve Dış Cephe"
"çatı yenileme fiyatları malatya";"ticari";"2";"https://cbinsaat.com/hizmetler/cati-yapimi/";"gövde ve SSS";"Çatı ve Dış Cephe"
"çatı, teras ve balkon su yalıtımı malatya";"ticari";"2";"https://cbinsaat.com/hizmetler/cati-izolasyonu/";"gövde metni";"Çatı ve Dış Cephe"
"darende çatı yapımı ve yenileme";"yerel";"2";"https://cbinsaat.com/hizmetler/cati-yapimi/darende/";"title ve H1";"Çatı ve Dış Cephe"
"darende çatı, teras ve balkon su yalıtımı";"yerel";"2";"https://cbinsaat.com/hizmetler/cati-izolasyonu/darende/";"title ve H1";"Çatı ve Dış Cephe"
"darende dış cephe boya ve cephe yenileme";"yerel";"2";"https://cbinsaat.com/hizmetler/dis-cephe-boya/darende/";"title ve H1";"Çatı ve Dış Cephe"
"darende dış cephe mantolama";"yerel";"2";"https://cbinsaat.com/hizmetler/dis-cephe-mantolama/darende/";"title ve H1";"Çatı ve Dış Cephe"
"dış cephe boya ve cephe yenileme malatya";"ticari";"2";"https://cbinsaat.com/hizmetler/dis-cephe-boya/";"gövde metni";"Çatı ve Dış Cephe"
"dış cephe mantolama malatya";"ticari";"2";"https://cbinsaat.com/hizmetler/dis-cephe-mantolama/";"gövde metni";"Çatı ve Dış Cephe"
"dış cephe yalıtım malatya";"ticari";"2";"https://cbinsaat.com/hizmetler/dis-cephe-mantolama/";"gövde ve SSS";"Çatı ve Dış Cephe"
"doğanşehir çatı yapımı ve yenileme";"yerel";"2";"https://cbinsaat.com/hizmetler/cati-yapimi/dogansehir/";"title ve H1";"Çatı ve Dış Cephe"
"doğanşehir çatı, teras ve balkon su yalıtımı";"yerel";"2";"https://cbinsaat.com/hizmetler/cati-izolasyonu/dogansehir/";"title ve H1";"Çatı ve Dış Cephe"
"doğanşehir dış cephe boya ve cephe yenileme";"yerel";"2";"https://cbinsaat.com/hizmetler/dis-cephe-boya/dogansehir/";"title ve H1";"Çatı ve Dış Cephe"
"doğanşehir dış cephe mantolama";"yerel";"2";"https://cbinsaat.com/hizmetler/dis-cephe-mantolama/dogansehir/";"title ve H1";"Çatı ve Dış Cephe"
"doğanyol çatı yapımı ve yenileme";"yerel";"2";"https://cbinsaat.com/hizmetler/cati-yapimi/doganyol/";"title ve H1";"Çatı ve Dış Cephe"
"doğanyol çatı, teras ve balkon su yalıtımı";"yerel";"2";"https://cbinsaat.com/hizmetler/cati-izolasyonu/doganyol/";"title ve H1";"Çatı ve Dış Cephe"
"doğanyol dış cephe boya ve cephe yenileme";"yerel";"2";"https://cbinsaat.com/hizmetler/dis-cephe-boya/doganyol/";"title ve H1";"Çatı ve Dış Cephe"
"doğanyol dış cephe mantolama";"yerel";"2";"https://cbinsaat.com/hizmetler/dis-cephe-mantolama/doganyol/";"title ve H1";"Çatı ve Dış Cephe"
"hekimhan çatı yapımı ve yenileme";"yerel";"2";"https://cbinsaat.com/hizmetler/cati-yapimi/hekimhan/";"title ve H1";"Çatı ve Dış Cephe"
"hekimhan çatı, teras ve balkon su yalıtımı";"yerel";"2";"https://cbinsaat.com/hizmetler/cati-izolasyonu/hekimhan/";"title ve H1";"Çatı ve Dış Cephe"
"hekimhan dış cephe boya ve cephe yenileme";"yerel";"2";"https://cbinsaat.com/hizmetler/dis-cephe-boya/hekimhan/";"title ve H1";"Çatı ve Dış Cephe"
"hekimhan dış cephe mantolama";"yerel";"2";"https://cbinsaat.com/hizmetler/dis-cephe-mantolama/hekimhan/";"title ve H1";"Çatı ve Dış Cephe"
"kale çatı yapımı ve yenileme";"yerel";"2";"https://cbinsaat.com/hizmetler/cati-yapimi/kale/";"title ve H1";"Çatı ve Dış Cephe"
"kale çatı, teras ve balkon su yalıtımı";"yerel";"2";"https://cbinsaat.com/hizmetler/cati-izolasyonu/kale/";"title ve H1";"Çatı ve Dış Cephe"
"kale dış cephe boya ve cephe yenileme";"yerel";"2";"https://cbinsaat.com/hizmetler/dis-cephe-boya/kale/";"title ve H1";"Çatı ve Dış Cephe"
"kale dış cephe mantolama";"yerel";"2";"https://cbinsaat.com/hizmetler/dis-cephe-mantolama/kale/";"title ve H1";"Çatı ve Dış Cephe"
"kuluncak çatı yapımı ve yenileme";"yerel";"2";"https://cbinsaat.com/hizmetler/cati-yapimi/kuluncak/";"title ve H1";"Çatı ve Dış Cephe"
"kuluncak çatı, teras ve balkon su yalıtımı";"yerel";"2";"https://cbinsaat.com/hizmetler/cati-izolasyonu/kuluncak/";"title ve H1";"Çatı ve Dış Cephe"
"kuluncak dış cephe boya ve cephe yenileme";"yerel";"2";"https://cbinsaat.com/hizmetler/dis-cephe-boya/kuluncak/";"title ve H1";"Çatı ve Dış Cephe"
"kuluncak dış cephe mantolama";"yerel";"2";"https://cbinsaat.com/hizmetler/dis-cephe-mantolama/kuluncak/";"title ve H1";"Çatı ve Dış Cephe"
"malatya çatı yapımı";"ticari";"2";"https://cbinsaat.com/hizmetler/cati-yapimi/";"gövde ve SSS";"Çatı ve Dış Cephe"
"malatya çatı yapımı ve yenileme firması";"ticari";"2";"https://cbinsaat.com/hizmetler/cati-yapimi/";"gövde metni";"Çatı ve Dış Cephe"
"malatya çatı yapımı ve yenileme fiyatları";"ticari";"2";"https://cbinsaat.com/hizmetler/cati-yapimi/";"fiyatı ne belirler bölümü";"Çatı ve Dış Cephe"
"malatya çatı, teras ve balkon su yalıtımı firması";"ticari";"2";"https://cbinsaat.com/hizmetler/cati-izolasyonu/";"gövde metni";"Çatı ve Dış Cephe"
"malatya çatı, teras ve balkon su yalıtımı fiyatları";"ticari";"2";"https://cbinsaat.com/hizmetler/cati-izolasyonu/";"fiyatı ne belirler bölümü";"Çatı ve Dış Cephe"
"malatya dış cephe boya";"ticari";"2";"https://cbinsaat.com/hizmetler/dis-cephe-boya/";"gövde ve SSS";"Çatı ve Dış Cephe"
"malatya dış cephe boya ve cephe yenileme firması";"ticari";"2";"https://cbinsaat.com/hizmetler/dis-cephe-boya/";"gövde metni";"Çatı ve Dış Cephe"
"malatya dış cephe boya ve cephe yenileme fiyatları";"ticari";"2";"https://cbinsaat.com/hizmetler/dis-cephe-boya/";"fiyatı ne belirler bölümü";"Çatı ve Dış Cephe"
"malatya dış cephe mantolama firması";"ticari";"2";"https://cbinsaat.com/hizmetler/dis-cephe-mantolama/";"gövde metni";"Çatı ve Dış Cephe"
"malatya dış cephe mantolama fiyatları";"ticari";"2";"https://cbinsaat.com/hizmetler/dis-cephe-mantolama/";"fiyatı ne belirler bölümü";"Çatı ve Dış Cephe"
"malatya mantolama";"ticari";"2";"https://cbinsaat.com/hizmetler/dis-cephe-mantolama/";"gövde ve SSS";"Çatı ve Dış Cephe"
"malatya su yalıtımı";"ticari";"2";"https://cbinsaat.com/hizmetler/cati-izolasyonu/";"gövde ve SSS";"Çatı ve Dış Cephe"
"mantolama fiyatları malatya";"ticari";"2";"https://cbinsaat.com/hizmetler/dis-cephe-mantolama/";"gövde ve SSS";"Çatı ve Dış Cephe"
"pütürge çatı yapımı ve yenileme";"yerel";"2";"https://cbinsaat.com/hizmetler/cati-yapimi/puturge/";"title ve H1";"Çatı ve Dış Cephe"
"pütürge çatı, teras ve balkon su yalıtımı";"yerel";"2";"https://cbinsaat.com/hizmetler/cati-izolasyonu/puturge/";"title ve H1";"Çatı ve Dış Cephe"
"pütürge dış cephe boya ve cephe yenileme";"yerel";"2";"https://cbinsaat.com/hizmetler/dis-cephe-boya/puturge/";"title ve H1";"Çatı ve Dış Cephe"
"pütürge dış cephe mantolama";"yerel";"2";"https://cbinsaat.com/hizmetler/dis-cephe-mantolama/puturge/";"title ve H1";"Çatı ve Dış Cephe"
"teras izolasyon malatya";"ticari";"2";"https://cbinsaat.com/hizmetler/cati-izolasyonu/";"gövde ve SSS";"Çatı ve Dış Cephe"
"yazıhan çatı yapımı ve yenileme";"yerel";"2";"https://cbinsaat.com/hizmetler/cati-yapimi/yazihan/";"title ve H1";"Çatı ve Dış Cephe"
"yazıhan çatı, teras ve balkon su yalıtımı";"yerel";"2";"https://cbinsaat.com/hizmetler/cati-izolasyonu/yazihan/";"title ve H1";"Çatı ve Dış Cephe"
"yazıhan dış cephe boya ve cephe yenileme";"yerel";"2";"https://cbinsaat.com/hizmetler/dis-cephe-boya/yazihan/";"title ve H1";"Çatı ve Dış Cephe"
"yazıhan dış cephe mantolama";"yerel";"2";"https://cbinsaat.com/hizmetler/dis-cephe-mantolama/yazihan/";"title ve H1";"Çatı ve Dış Cephe"
"yeşilyurt çatı yapımı ve yenileme";"yerel";"2";"https://cbinsaat.com/hizmetler/cati-yapimi/yesilyurt/";"title ve H1";"Çatı ve Dış Cephe"
"yeşilyurt çatı, teras ve balkon su yalıtımı";"yerel";"2";"https://cbinsaat.com/hizmetler/cati-izolasyonu/yesilyurt/";"title ve H1";"Çatı ve Dış Cephe"
"yeşilyurt dış cephe boya ve cephe yenileme";"yerel";"2";"https://cbinsaat.com/hizmetler/dis-cephe-boya/yesilyurt/";"title ve H1";"Çatı ve Dış Cephe"
"yeşilyurt dış cephe mantolama";"yerel";"2";"https://cbinsaat.com/hizmetler/dis-cephe-mantolama/yesilyurt/";"title ve H1";"Çatı ve Dış Cephe"
"akçadağ doğalgaz iç tesisatı";"yerel";"2";"https://cbinsaat.com/hizmetler/dogalgaz-ic-tesisat/akcadag/";"title ve H1";"Doğalgaz"
"akçadağ kombi bakımı ve arıza";"yerel";"2";"https://cbinsaat.com/hizmetler/kombi-bakim-ariza/akcadag/";"title ve H1";"Doğalgaz"
"akçadağ kombi ve petek montajı";"yerel";"2";"https://cbinsaat.com/hizmetler/kombi-petek-montaji/akcadag/";"title ve H1";"Doğalgaz"
"akçadağ yerden ısıtma sistemi";"yerel";"2";"https://cbinsaat.com/hizmetler/yerden-isitma/akcadag/";"title ve H1";"Doğalgaz"
"arapgir doğalgaz iç tesisatı";"yerel";"2";"https://cbinsaat.com/hizmetler/dogalgaz-ic-tesisat/arapgir/";"title ve H1";"Doğalgaz"
"arapgir kombi bakımı ve arıza";"yerel";"2";"https://cbinsaat.com/hizmetler/kombi-bakim-ariza/arapgir/";"title ve H1";"Doğalgaz"
"arapgir kombi ve petek montajı";"yerel";"2";"https://cbinsaat.com/hizmetler/kombi-petek-montaji/arapgir/";"title ve H1";"Doğalgaz"
"arapgir yerden ısıtma sistemi";"yerel";"2";"https://cbinsaat.com/hizmetler/yerden-isitma/arapgir/";"title ve H1";"Doğalgaz"
"arguvan doğalgaz iç tesisatı";"yerel";"2";"https://cbinsaat.com/hizmetler/dogalgaz-ic-tesisat/arguvan/";"title ve H1";"Doğalgaz"
"arguvan kombi bakımı ve arıza";"yerel";"2";"https://cbinsaat.com/hizmetler/kombi-bakim-ariza/arguvan/";"title ve H1";"Doğalgaz"
"arguvan kombi ve petek montajı";"yerel";"2";"https://cbinsaat.com/hizmetler/kombi-petek-montaji/arguvan/";"title ve H1";"Doğalgaz"
"arguvan yerden ısıtma sistemi";"yerel";"2";"https://cbinsaat.com/hizmetler/yerden-isitma/arguvan/";"title ve H1";"Doğalgaz"
"battalgazi doğalgaz iç tesisatı";"yerel";"2";"https://cbinsaat.com/hizmetler/dogalgaz-ic-tesisat/battalgazi/";"title ve H1";"Doğalgaz"
"battalgazi kombi bakımı ve arıza";"yerel";"2";"https://cbinsaat.com/hizmetler/kombi-bakim-ariza/battalgazi/";"title ve H1";"Doğalgaz"
"battalgazi kombi ve petek montajı";"yerel";"2";"https://cbinsaat.com/hizmetler/kombi-petek-montaji/battalgazi/";"title ve H1";"Doğalgaz"
"battalgazi yerden ısıtma sistemi";"yerel";"2";"https://cbinsaat.com/hizmetler/yerden-isitma/battalgazi/";"title ve H1";"Doğalgaz"
"darende doğalgaz iç tesisatı";"yerel";"2";"https://cbinsaat.com/hizmetler/dogalgaz-ic-tesisat/darende/";"title ve H1";"Doğalgaz"
"darende kombi bakımı ve arıza";"yerel";"2";"https://cbinsaat.com/hizmetler/kombi-bakim-ariza/darende/";"title ve H1";"Doğalgaz"
"darende kombi ve petek montajı";"yerel";"2";"https://cbinsaat.com/hizmetler/kombi-petek-montaji/darende/";"title ve H1";"Doğalgaz"
"darende yerden ısıtma sistemi";"yerel";"2";"https://cbinsaat.com/hizmetler/yerden-isitma/darende/";"title ve H1";"Doğalgaz"
"doğalgaz iç tesisatı malatya";"ticari";"2";"https://cbinsaat.com/hizmetler/dogalgaz-ic-tesisat/";"gövde metni";"Doğalgaz"
"doğalgaz projesi malatya";"ticari";"2";"https://cbinsaat.com/hizmetler/dogalgaz-ic-tesisat/";"gövde ve SSS";"Doğalgaz"
"doğanşehir doğalgaz iç tesisatı";"yerel";"2";"https://cbinsaat.com/hizmetler/dogalgaz-ic-tesisat/dogansehir/";"title ve H1";"Doğalgaz"
"doğanşehir kombi bakımı ve arıza";"yerel";"2";"https://cbinsaat.com/hizmetler/kombi-bakim-ariza/dogansehir/";"title ve H1";"Doğalgaz"
"doğanşehir kombi ve petek montajı";"yerel";"2";"https://cbinsaat.com/hizmetler/kombi-petek-montaji/dogansehir/";"title ve H1";"Doğalgaz"
"doğanşehir yerden ısıtma sistemi";"yerel";"2";"https://cbinsaat.com/hizmetler/yerden-isitma/dogansehir/";"title ve H1";"Doğalgaz"
"doğanyol doğalgaz iç tesisatı";"yerel";"2";"https://cbinsaat.com/hizmetler/dogalgaz-ic-tesisat/doganyol/";"title ve H1";"Doğalgaz"
"doğanyol kombi bakımı ve arıza";"yerel";"2";"https://cbinsaat.com/hizmetler/kombi-bakim-ariza/doganyol/";"title ve H1";"Doğalgaz"
"doğanyol kombi ve petek montajı";"yerel";"2";"https://cbinsaat.com/hizmetler/kombi-petek-montaji/doganyol/";"title ve H1";"Doğalgaz"
"doğanyol yerden ısıtma sistemi";"yerel";"2";"https://cbinsaat.com/hizmetler/yerden-isitma/doganyol/";"title ve H1";"Doğalgaz"
"gaz açtırma malatya";"ticari";"2";"https://cbinsaat.com/hizmetler/dogalgaz-ic-tesisat/";"gövde ve SSS";"Doğalgaz"
"havlupan montajı";"ticari";"2";"https://cbinsaat.com/hizmetler/kombi-petek-montaji/";"gövde ve SSS";"Doğalgaz"
"hekimhan doğalgaz iç tesisatı";"yerel";"2";"https://cbinsaat.com/hizmetler/dogalgaz-ic-tesisat/hekimhan/";"title ve H1";"Doğalgaz"
"hekimhan kombi bakımı ve arıza";"yerel";"2";"https://cbinsaat.com/hizmetler/kombi-bakim-ariza/hekimhan/";"title ve H1";"Doğalgaz"
"hekimhan kombi ve petek montajı";"yerel";"2";"https://cbinsaat.com/hizmetler/kombi-petek-montaji/hekimhan/";"title ve H1";"Doğalgaz"
"hekimhan yerden ısıtma sistemi";"yerel";"2";"https://cbinsaat.com/hizmetler/yerden-isitma/hekimhan/";"title ve H1";"Doğalgaz"
"kale doğalgaz iç tesisatı";"yerel";"2";"https://cbinsaat.com/hizmetler/dogalgaz-ic-tesisat/kale/";"title ve H1";"Doğalgaz"
"kale kombi bakımı ve arıza";"yerel";"2";"https://cbinsaat.com/hizmetler/kombi-bakim-ariza/kale/";"title ve H1";"Doğalgaz"
"kale kombi ve petek montajı";"yerel";"2";"https://cbinsaat.com/hizmetler/kombi-petek-montaji/kale/";"title ve H1";"Doğalgaz"
"kale yerden ısıtma sistemi";"yerel";"2";"https://cbinsaat.com/hizmetler/yerden-isitma/kale/";"title ve H1";"Doğalgaz"
"kolektör montajı";"ticari";"2";"https://cbinsaat.com/hizmetler/yerden-isitma/";"gövde ve SSS";"Doğalgaz"
"kombi arıza malatya";"ticari";"2";"https://cbinsaat.com/hizmetler/kombi-bakim-ariza/";"gövde ve SSS";"Doğalgaz"
"kombi bağlantısı malatya";"ticari";"2";"https://cbinsaat.com/hizmetler/dogalgaz-ic-tesisat/";"gövde ve SSS";"Doğalgaz"
"kombi bakımı ve arıza malatya";"ticari";"2";"https://cbinsaat.com/hizmetler/kombi-bakim-ariza/";"gövde metni";"Doğalgaz"
"kombi basınç düşüyor";"ticari";"2";"https://cbinsaat.com/hizmetler/kombi-bakim-ariza/";"gövde ve SSS";"Doğalgaz"
"kombi tesisatı";"ticari";"2";"https://cbinsaat.com/hizmetler/kombi-petek-montaji/";"gövde ve SSS";"Doğalgaz"
"kombi ve petek montajı malatya";"ticari";"2";"https://cbinsaat.com/hizmetler/kombi-petek-montaji/";"gövde metni";"Doğalgaz"
"kuluncak doğalgaz iç tesisatı";"yerel";"2";"https://cbinsaat.com/hizmetler/dogalgaz-ic-tesisat/kuluncak/";"title ve H1";"Doğalgaz"
"kuluncak kombi bakımı ve arıza";"yerel";"2";"https://cbinsaat.com/hizmetler/kombi-bakim-ariza/kuluncak/";"title ve H1";"Doğalgaz"
"kuluncak kombi ve petek montajı";"yerel";"2";"https://cbinsaat.com/hizmetler/kombi-petek-montaji/kuluncak/";"title ve H1";"Doğalgaz"
"kuluncak yerden ısıtma sistemi";"yerel";"2";"https://cbinsaat.com/hizmetler/yerden-isitma/kuluncak/";"title ve H1";"Doğalgaz"
"malatya doğalgaz iç tesisat";"ticari";"2";"https://cbinsaat.com/hizmetler/dogalgaz-ic-tesisat/";"gövde ve SSS";"Doğalgaz"
"malatya doğalgaz iç tesisatı firması";"ticari";"2";"https://cbinsaat.com/hizmetler/dogalgaz-ic-tesisat/";"gövde metni";"Doğalgaz"
"malatya doğalgaz iç tesisatı fiyatları";"ticari";"2";"https://cbinsaat.com/hizmetler/dogalgaz-ic-tesisat/";"fiyatı ne belirler bölümü";"Doğalgaz"
"malatya doğalgaz tesisatçısı";"ticari";"2";"https://cbinsaat.com/hizmetler/dogalgaz-ic-tesisat/";"gövde ve SSS";"Doğalgaz"
"malatya kombi bakımı";"ticari";"2";"https://cbinsaat.com/hizmetler/kombi-bakim-ariza/";"gövde ve SSS";"Doğalgaz"
"malatya kombi bakımı ve arıza firması";"ticari";"2";"https://cbinsaat.com/hizmetler/kombi-bakim-ariza/";"gövde metni";"Doğalgaz"
"malatya kombi bakımı ve arıza fiyatları";"ticari";"2";"https://cbinsaat.com/hizmetler/kombi-bakim-ariza/";"fiyatı ne belirler bölümü";"Doğalgaz"
"malatya kombi ve petek montajı firması";"ticari";"2";"https://cbinsaat.com/hizmetler/kombi-petek-montaji/";"gövde metni";"Doğalgaz"
"malatya kombi ve petek montajı fiyatları";"ticari";"2";"https://cbinsaat.com/hizmetler/kombi-petek-montaji/";"fiyatı ne belirler bölümü";"Doğalgaz"
"malatya petek montajı";"ticari";"2";"https://cbinsaat.com/hizmetler/kombi-petek-montaji/";"gövde ve SSS";"Doğalgaz"
"malatya yerden ısıtma";"ticari";"2";"https://cbinsaat.com/hizmetler/yerden-isitma/";"gövde ve SSS";"Doğalgaz"
"malatya yerden ısıtma sistemi firması";"ticari";"2";"https://cbinsaat.com/hizmetler/yerden-isitma/";"gövde metni";"Doğalgaz"
"malatya yerden ısıtma sistemi fiyatları";"ticari";"2";"https://cbinsaat.com/hizmetler/yerden-isitma/";"fiyatı ne belirler bölümü";"Doğalgaz"
"panel radyatör montajı";"ticari";"2";"https://cbinsaat.com/hizmetler/kombi-petek-montaji/";"gövde ve SSS";"Doğalgaz"
"petek ısınmıyor malatya";"ticari";"2";"https://cbinsaat.com/hizmetler/kombi-bakim-ariza/";"gövde ve SSS";"Doğalgaz"
"petek yeri değiştirme";"ticari";"2";"https://cbinsaat.com/hizmetler/kombi-petek-montaji/";"gövde ve SSS";"Doğalgaz"
"pütürge doğalgaz iç tesisatı";"yerel";"2";"https://cbinsaat.com/hizmetler/dogalgaz-ic-tesisat/puturge/";"title ve H1";"Doğalgaz"
"pütürge kombi bakımı ve arıza";"yerel";"2";"https://cbinsaat.com/hizmetler/kombi-bakim-ariza/puturge/";"title ve H1";"Doğalgaz"
"pütürge kombi ve petek montajı";"yerel";"2";"https://cbinsaat.com/hizmetler/kombi-petek-montaji/puturge/";"title ve H1";"Doğalgaz"
"pütürge yerden ısıtma sistemi";"yerel";"2";"https://cbinsaat.com/hizmetler/yerden-isitma/puturge/";"title ve H1";"Doğalgaz"
"yazıhan doğalgaz iç tesisatı";"yerel";"2";"https://cbinsaat.com/hizmetler/dogalgaz-ic-tesisat/yazihan/";"title ve H1";"Doğalgaz"
"yazıhan kombi bakımı ve arıza";"yerel";"2";"https://cbinsaat.com/hizmetler/kombi-bakim-ariza/yazihan/";"title ve H1";"Doğalgaz"
"yazıhan kombi ve petek montajı";"yerel";"2";"https://cbinsaat.com/hizmetler/kombi-petek-montaji/yazihan/";"title ve H1";"Doğalgaz"
"yazıhan yerden ısıtma sistemi";"yerel";"2";"https://cbinsaat.com/hizmetler/yerden-isitma/yazihan/";"title ve H1";"Doğalgaz"
"yerden ısıtma fiyat malatya";"ticari";"2";"https://cbinsaat.com/hizmetler/yerden-isitma/";"gövde ve SSS";"Doğalgaz"
"yerden ısıtma kurulumu";"ticari";"2";"https://cbinsaat.com/hizmetler/yerden-isitma/";"gövde ve SSS";"Doğalgaz"
"yerden ısıtma sistemi malatya";"ticari";"2";"https://cbinsaat.com/hizmetler/yerden-isitma/";"gövde metni";"Doğalgaz"
"yeşilyurt doğalgaz iç tesisatı";"yerel";"2";"https://cbinsaat.com/hizmetler/dogalgaz-ic-tesisat/yesilyurt/";"title ve H1";"Doğalgaz"
"yeşilyurt kombi bakımı ve arıza";"yerel";"2";"https://cbinsaat.com/hizmetler/kombi-bakim-ariza/yesilyurt/";"title ve H1";"Doğalgaz"
"yeşilyurt kombi ve petek montajı";"yerel";"2";"https://cbinsaat.com/hizmetler/kombi-petek-montaji/yesilyurt/";"title ve H1";"Doğalgaz"
"yeşilyurt yerden ısıtma sistemi";"yerel";"2";"https://cbinsaat.com/hizmetler/yerden-isitma/yesilyurt/";"title ve H1";"Doğalgaz"
"apartman ortak alan tadilatı fiyatları";"ticari";"2";"https://cbinsaat.com/hizmetler/apartman-ortak-alan-tadilati/";"fiyatı ne belirler bölümü";"Durum"
"bina tesisat yenileme";"ticari";"2";"https://cbinsaat.com/hizmetler/bina-tesisat-yenileme/";"H1 ve gövde";"Durum"
"bina tesisat yenileme fiyatları";"ticari";"2";"https://cbinsaat.com/hizmetler/bina-tesisat-yenileme/";"fiyatı ne belirler bölümü";"Durum"
"deprem sonrası ev tadilatı";"ticari";"2";"https://cbinsaat.com/hizmetler/deprem-sonrasi-tadilat/";"H1 ve gövde";"Durum"
"deprem sonrası ev tadilatı fiyatları";"ticari";"2";"https://cbinsaat.com/hizmetler/deprem-sonrasi-tadilat/";"fiyatı ne belirler bölümü";"Durum"
"dükkan tadilatı fiyatları";"ticari";"2";"https://cbinsaat.com/hizmetler/anahtar-teslim-is-yeri/";"fiyatı ne belirler bölümü";"Durum"
"eski ev tadilatı";"ticari";"2";"https://cbinsaat.com/hizmetler/eski-ev-tadilati/";"H1 ve gövde";"Durum"
"eski ev tadilatı fiyatları";"ticari";"2";"https://cbinsaat.com/hizmetler/eski-ev-tadilati/";"fiyatı ne belirler bölümü";"Durum"
"kafe tadilatı";"ticari";"2";"https://cbinsaat.com/hizmetler/kafe-restoran-tadilati/";"H1 ve gövde";"Durum"
"kafe tadilatı fiyatları";"ticari";"2";"https://cbinsaat.com/hizmetler/kafe-restoran-tadilati/";"fiyatı ne belirler bölümü";"Durum"
"kayısı bahçesi sulama fiyatları";"ticari";"2";"https://cbinsaat.com/hizmetler/kayisi-bahcesi-sulama/";"fiyatı ne belirler bölümü";"Durum"
"kiralık ev yenileme";"ticari";"2";"https://cbinsaat.com/hizmetler/kiralik-ev-yenileme/";"H1 ve gövde";"Durum"
"kiralık ev yenileme fiyatları";"ticari";"2";"https://cbinsaat.com/hizmetler/kiralik-ev-yenileme/";"fiyatı ne belirler bölümü";"Durum"
"komple ev yenileme";"ticari";"2";"https://cbinsaat.com/hizmetler/komple-ev-tadilati/";"H1 ve gövde";"Durum"
"komple ev yenileme fiyatları";"ticari";"2";"https://cbinsaat.com/hizmetler/komple-ev-tadilati/";"fiyatı ne belirler bölümü";"Durum"
"ofis tadilatı";"ticari";"2";"https://cbinsaat.com/hizmetler/dukkan-ofis-tadilati/";"H1 ve gövde";"Durum"
"ofis tadilatı fiyatları";"ticari";"2";"https://cbinsaat.com/hizmetler/dukkan-ofis-tadilati/";"fiyatı ne belirler bölümü";"Durum"
"restoran tadilatı fiyatları";"ticari";"2";"https://cbinsaat.com/hizmetler/kafe-restoran-tadilati/";"fiyatı ne belirler bölümü";"Durum"
"satış öncesi ev yenileme";"ticari";"2";"https://cbinsaat.com/hizmetler/satis-oncesi-ev-yenileme/";"H1 ve gövde";"Durum"
"satış öncesi ev yenileme fiyatları";"ticari";"2";"https://cbinsaat.com/hizmetler/satis-oncesi-ev-yenileme/";"fiyatı ne belirler bölümü";"Durum"
"sera sulama sistemi fiyatları";"ticari";"2";"https://cbinsaat.com/hizmetler/sera-elektrik-sulama/";"fiyatı ne belirler bölümü";"Durum"
"uzaktan pompa çalıştırma fiyatları";"ticari";"2";"https://cbinsaat.com/hizmetler/uzaktan-kumanda-otomasyon/";"fiyatı ne belirler bölümü";"Durum"
"villa tadilatı";"ticari";"2";"https://cbinsaat.com/hizmetler/villa-dubleks-tadilati/";"H1 ve gövde";"Durum"
"yeni alınan daire tadilatı";"ticari";"2";"https://cbinsaat.com/hizmetler/anahtar-teslim-daire/";"H1 ve gövde";"Durum"
"yeni alınan daire tadilatı fiyatları";"ticari";"2";"https://cbinsaat.com/hizmetler/anahtar-teslim-daire/";"fiyatı ne belirler bölümü";"Durum"
"akçadağ avize ve aydınlatma";"yerel";"2";"https://cbinsaat.com/hizmetler/avize-aydinlatma/akcadag/";"title ve H1";"Elektrik"
"akçadağ diafon ve görüntülü konuşma";"yerel";"2";"https://cbinsaat.com/hizmetler/diafon-goruntulu-konusma/akcadag/";"title ve H1";"Elektrik"
"akçadağ elektrik arıza";"yerel";"2";"https://cbinsaat.com/hizmetler/elektrik-ariza/akcadag/";"title ve H1";"Elektrik"
"akçadağ elektrik panosu";"yerel";"2";"https://cbinsaat.com/hizmetler/elektrik-panosu/akcadag/";"title ve H1";"Elektrik"
"akçadağ elektrik tesisatı";"yerel";"2";"https://cbinsaat.com/hizmetler/elektrik-tesisati/akcadag/";"title ve H1";"Elektrik"
"akçadağ fabrika elektrik tesisatı";"yerel";"2";"https://cbinsaat.com/hizmetler/fabrika-elektrik-tesisati/akcadag/";"title ve H1";"Elektrik"
"akçadağ jeneratör ve ups";"yerel";"2";"https://cbinsaat.com/hizmetler/jenerator-ups/akcadag/";"title ve H1";"Elektrik"
"akçadağ kamera ve güvenlik sistemleri";"yerel";"2";"https://cbinsaat.com/hizmetler/kamera-guvenlik-sistemleri/akcadag/";"title ve H1";"Elektrik"
"akçadağ kompanzasyon panosu";"yerel";"2";"https://cbinsaat.com/hizmetler/kompanzasyon-panosu/akcadag/";"title ve H1";"Elektrik"
"akçadağ priz tamiri ve montajı";"yerel";"2";"https://cbinsaat.com/hizmetler/priz-tamiri/akcadag/";"title ve H1";"Elektrik"
"akçadağ topraklama ve paratoner";"yerel";"2";"https://cbinsaat.com/hizmetler/topraklama-paratoner/akcadag/";"title ve H1";"Elektrik"
"akçadağ uzaktan kumanda ve otomasyon";"yerel";"2";"https://cbinsaat.com/hizmetler/uzaktan-kumanda-otomasyon/akcadag/";"title ve H1";"Elektrik"
"anahtar değişimi";"ticari";"2";"https://cbinsaat.com/hizmetler/priz-tamiri/";"gövde ve SSS";"Elektrik"
"apartman diafon tamiri";"ticari";"2";"https://cbinsaat.com/hizmetler/diafon-goruntulu-konusma/";"gövde ve SSS";"Elektrik"
"apartman kamera";"ticari";"2";"https://cbinsaat.com/hizmetler/kamera-guvenlik-sistemleri/";"gövde ve SSS";"Elektrik"
"arapgir avize ve aydınlatma";"yerel";"2";"https://cbinsaat.com/hizmetler/avize-aydinlatma/arapgir/";"title ve H1";"Elektrik"
"arapgir diafon ve görüntülü konuşma";"yerel";"2";"https://cbinsaat.com/hizmetler/diafon-goruntulu-konusma/arapgir/";"title ve H1";"Elektrik"
"arapgir elektrik arıza";"yerel";"2";"https://cbinsaat.com/hizmetler/elektrik-ariza/arapgir/";"title ve H1";"Elektrik"
"arapgir elektrik panosu";"yerel";"2";"https://cbinsaat.com/hizmetler/elektrik-panosu/arapgir/";"title ve H1";"Elektrik"
"arapgir elektrik tesisatı";"yerel";"2";"https://cbinsaat.com/hizmetler/elektrik-tesisati/arapgir/";"title ve H1";"Elektrik"
"arapgir fabrika elektrik tesisatı";"yerel";"2";"https://cbinsaat.com/hizmetler/fabrika-elektrik-tesisati/arapgir/";"title ve H1";"Elektrik"
"arapgir jeneratör ve ups";"yerel";"2";"https://cbinsaat.com/hizmetler/jenerator-ups/arapgir/";"title ve H1";"Elektrik"
"arapgir kamera ve güvenlik sistemleri";"yerel";"2";"https://cbinsaat.com/hizmetler/kamera-guvenlik-sistemleri/arapgir/";"title ve H1";"Elektrik"
"arapgir kompanzasyon panosu";"yerel";"2";"https://cbinsaat.com/hizmetler/kompanzasyon-panosu/arapgir/";"title ve H1";"Elektrik"
"arapgir priz tamiri ve montajı";"yerel";"2";"https://cbinsaat.com/hizmetler/priz-tamiri/arapgir/";"title ve H1";"Elektrik"
"arapgir topraklama ve paratoner";"yerel";"2";"https://cbinsaat.com/hizmetler/topraklama-paratoner/arapgir/";"title ve H1";"Elektrik"
"arapgir uzaktan kumanda ve otomasyon";"yerel";"2";"https://cbinsaat.com/hizmetler/uzaktan-kumanda-otomasyon/arapgir/";"title ve H1";"Elektrik"
"arguvan avize ve aydınlatma";"yerel";"2";"https://cbinsaat.com/hizmetler/avize-aydinlatma/arguvan/";"title ve H1";"Elektrik"
"arguvan diafon ve görüntülü konuşma";"yerel";"2";"https://cbinsaat.com/hizmetler/diafon-goruntulu-konusma/arguvan/";"title ve H1";"Elektrik"
"arguvan elektrik arıza";"yerel";"2";"https://cbinsaat.com/hizmetler/elektrik-ariza/arguvan/";"title ve H1";"Elektrik"
"arguvan elektrik panosu";"yerel";"2";"https://cbinsaat.com/hizmetler/elektrik-panosu/arguvan/";"title ve H1";"Elektrik"
"arguvan elektrik tesisatı";"yerel";"2";"https://cbinsaat.com/hizmetler/elektrik-tesisati/arguvan/";"title ve H1";"Elektrik"
"arguvan fabrika elektrik tesisatı";"yerel";"2";"https://cbinsaat.com/hizmetler/fabrika-elektrik-tesisati/arguvan/";"title ve H1";"Elektrik"
"arguvan jeneratör ve ups";"yerel";"2";"https://cbinsaat.com/hizmetler/jenerator-ups/arguvan/";"title ve H1";"Elektrik"
"arguvan kamera ve güvenlik sistemleri";"yerel";"2";"https://cbinsaat.com/hizmetler/kamera-guvenlik-sistemleri/arguvan/";"title ve H1";"Elektrik"
"arguvan kompanzasyon panosu";"yerel";"2";"https://cbinsaat.com/hizmetler/kompanzasyon-panosu/arguvan/";"title ve H1";"Elektrik"
"arguvan priz tamiri ve montajı";"yerel";"2";"https://cbinsaat.com/hizmetler/priz-tamiri/arguvan/";"title ve H1";"Elektrik"
"arguvan topraklama ve paratoner";"yerel";"2";"https://cbinsaat.com/hizmetler/topraklama-paratoner/arguvan/";"title ve H1";"Elektrik"
"arguvan uzaktan kumanda ve otomasyon";"yerel";"2";"https://cbinsaat.com/hizmetler/uzaktan-kumanda-otomasyon/arguvan/";"title ve H1";"Elektrik"
"ats panosu";"ticari";"2";"https://cbinsaat.com/hizmetler/jenerator-ups/";"gövde ve SSS";"Elektrik"
"avize takma";"ticari";"2";"https://cbinsaat.com/hizmetler/avize-aydinlatma/";"gövde ve SSS";"Elektrik"
"avize ve aydınlatma malatya";"ticari";"2";"https://cbinsaat.com/hizmetler/avize-aydinlatma/";"gövde metni";"Elektrik"
"battalgazi avize ve aydınlatma";"yerel";"2";"https://cbinsaat.com/hizmetler/avize-aydinlatma/battalgazi/";"title ve H1";"Elektrik"
"battalgazi diafon ve görüntülü konuşma";"yerel";"2";"https://cbinsaat.com/hizmetler/diafon-goruntulu-konusma/battalgazi/";"title ve H1";"Elektrik"
"battalgazi elektrik arıza";"yerel";"2";"https://cbinsaat.com/hizmetler/elektrik-ariza/battalgazi/";"title ve H1";"Elektrik"
"battalgazi elektrik panosu";"yerel";"2";"https://cbinsaat.com/hizmetler/elektrik-panosu/battalgazi/";"title ve H1";"Elektrik"
"battalgazi elektrik tesisatı";"yerel";"2";"https://cbinsaat.com/hizmetler/elektrik-tesisati/battalgazi/";"title ve H1";"Elektrik"
"battalgazi fabrika elektrik tesisatı";"yerel";"2";"https://cbinsaat.com/hizmetler/fabrika-elektrik-tesisati/battalgazi/";"title ve H1";"Elektrik"
"battalgazi jeneratör ve ups";"yerel";"2";"https://cbinsaat.com/hizmetler/jenerator-ups/battalgazi/";"title ve H1";"Elektrik"
"battalgazi kamera ve güvenlik sistemleri";"yerel";"2";"https://cbinsaat.com/hizmetler/kamera-guvenlik-sistemleri/battalgazi/";"title ve H1";"Elektrik"
"battalgazi kompanzasyon panosu";"yerel";"2";"https://cbinsaat.com/hizmetler/kompanzasyon-panosu/battalgazi/";"title ve H1";"Elektrik"
"battalgazi priz tamiri ve montajı";"yerel";"2";"https://cbinsaat.com/hizmetler/priz-tamiri/battalgazi/";"title ve H1";"Elektrik"
"battalgazi topraklama ve paratoner";"yerel";"2";"https://cbinsaat.com/hizmetler/topraklama-paratoner/battalgazi/";"title ve H1";"Elektrik"
"battalgazi uzaktan kumanda ve otomasyon";"yerel";"2";"https://cbinsaat.com/hizmetler/uzaktan-kumanda-otomasyon/battalgazi/";"title ve H1";"Elektrik"
"bina kolon hattı";"ticari";"2";"https://cbinsaat.com/hizmetler/elektrik-tesisati/";"gövde ve SSS";"Elektrik"
"dağıtım panosu";"ticari";"2";"https://cbinsaat.com/hizmetler/elektrik-panosu/";"gövde ve SSS";"Elektrik"
"daire elektrik tesisatı";"ticari";"2";"https://cbinsaat.com/hizmetler/elektrik-tesisati/";"gövde ve SSS";"Elektrik"
"dalgıç pompa uzaktan kontrol";"ticari";"2";"https://cbinsaat.com/hizmetler/uzaktan-kumanda-otomasyon/";"gövde ve SSS";"Elektrik"
"darende avize ve aydınlatma";"yerel";"2";"https://cbinsaat.com/hizmetler/avize-aydinlatma/darende/";"title ve H1";"Elektrik"
"darende diafon ve görüntülü konuşma";"yerel";"2";"https://cbinsaat.com/hizmetler/diafon-goruntulu-konusma/darende/";"title ve H1";"Elektrik"
"darende elektrik arıza";"yerel";"2";"https://cbinsaat.com/hizmetler/elektrik-ariza/darende/";"title ve H1";"Elektrik"
"darende elektrik panosu";"yerel";"2";"https://cbinsaat.com/hizmetler/elektrik-panosu/darende/";"title ve H1";"Elektrik"
"darende elektrik tesisatı";"yerel";"2";"https://cbinsaat.com/hizmetler/elektrik-tesisati/darende/";"title ve H1";"Elektrik"
"darende fabrika elektrik tesisatı";"yerel";"2";"https://cbinsaat.com/hizmetler/fabrika-elektrik-tesisati/darende/";"title ve H1";"Elektrik"
"darende jeneratör ve ups";"yerel";"2";"https://cbinsaat.com/hizmetler/jenerator-ups/darende/";"title ve H1";"Elektrik"
"darende kamera ve güvenlik sistemleri";"yerel";"2";"https://cbinsaat.com/hizmetler/kamera-guvenlik-sistemleri/darende/";"title ve H1";"Elektrik"
"darende kompanzasyon panosu";"yerel";"2";"https://cbinsaat.com/hizmetler/kompanzasyon-panosu/darende/";"title ve H1";"Elektrik"
"darende priz tamiri ve montajı";"yerel";"2";"https://cbinsaat.com/hizmetler/priz-tamiri/darende/";"title ve H1";"Elektrik"
"darende topraklama ve paratoner";"yerel";"2";"https://cbinsaat.com/hizmetler/topraklama-paratoner/darende/";"title ve H1";"Elektrik"
"darende uzaktan kumanda ve otomasyon";"yerel";"2";"https://cbinsaat.com/hizmetler/uzaktan-kumanda-otomasyon/darende/";"title ve H1";"Elektrik"
"diafon ve görüntülü konuşma malatya";"ticari";"2";"https://cbinsaat.com/hizmetler/diafon-goruntulu-konusma/";"gövde metni";"Elektrik"
"doğanşehir avize ve aydınlatma";"yerel";"2";"https://cbinsaat.com/hizmetler/avize-aydinlatma/dogansehir/";"title ve H1";"Elektrik"
"doğanşehir diafon ve görüntülü konuşma";"yerel";"2";"https://cbinsaat.com/hizmetler/diafon-goruntulu-konusma/dogansehir/";"title ve H1";"Elektrik"
"doğanşehir elektrik arıza";"yerel";"2";"https://cbinsaat.com/hizmetler/elektrik-ariza/dogansehir/";"title ve H1";"Elektrik"
"doğanşehir elektrik panosu";"yerel";"2";"https://cbinsaat.com/hizmetler/elektrik-panosu/dogansehir/";"title ve H1";"Elektrik"
"doğanşehir elektrik tesisatı";"yerel";"2";"https://cbinsaat.com/hizmetler/elektrik-tesisati/dogansehir/";"title ve H1";"Elektrik"
"doğanşehir fabrika elektrik tesisatı";"yerel";"2";"https://cbinsaat.com/hizmetler/fabrika-elektrik-tesisati/dogansehir/";"title ve H1";"Elektrik"
"doğanşehir jeneratör ve ups";"yerel";"2";"https://cbinsaat.com/hizmetler/jenerator-ups/dogansehir/";"title ve H1";"Elektrik"
"doğanşehir kamera ve güvenlik sistemleri";"yerel";"2";"https://cbinsaat.com/hizmetler/kamera-guvenlik-sistemleri/dogansehir/";"title ve H1";"Elektrik"
"doğanşehir kompanzasyon panosu";"yerel";"2";"https://cbinsaat.com/hizmetler/kompanzasyon-panosu/dogansehir/";"title ve H1";"Elektrik"
"doğanşehir priz tamiri ve montajı";"yerel";"2";"https://cbinsaat.com/hizmetler/priz-tamiri/dogansehir/";"title ve H1";"Elektrik"
"doğanşehir topraklama ve paratoner";"yerel";"2";"https://cbinsaat.com/hizmetler/topraklama-paratoner/dogansehir/";"title ve H1";"Elektrik"
"doğanşehir uzaktan kumanda ve otomasyon";"yerel";"2";"https://cbinsaat.com/hizmetler/uzaktan-kumanda-otomasyon/dogansehir/";"title ve H1";"Elektrik"
"doğanyol avize ve aydınlatma";"yerel";"2";"https://cbinsaat.com/hizmetler/avize-aydinlatma/doganyol/";"title ve H1";"Elektrik"
"doğanyol diafon ve görüntülü konuşma";"yerel";"2";"https://cbinsaat.com/hizmetler/diafon-goruntulu-konusma/doganyol/";"title ve H1";"Elektrik"
"doğanyol elektrik arıza";"yerel";"2";"https://cbinsaat.com/hizmetler/elektrik-ariza/doganyol/";"title ve H1";"Elektrik"
"doğanyol elektrik panosu";"yerel";"2";"https://cbinsaat.com/hizmetler/elektrik-panosu/doganyol/";"title ve H1";"Elektrik"
"doğanyol elektrik tesisatı";"yerel";"2";"https://cbinsaat.com/hizmetler/elektrik-tesisati/doganyol/";"title ve H1";"Elektrik"
"doğanyol fabrika elektrik tesisatı";"yerel";"2";"https://cbinsaat.com/hizmetler/fabrika-elektrik-tesisati/doganyol/";"title ve H1";"Elektrik"
"doğanyol jeneratör ve ups";"yerel";"2";"https://cbinsaat.com/hizmetler/jenerator-ups/doganyol/";"title ve H1";"Elektrik"
"doğanyol kamera ve güvenlik sistemleri";"yerel";"2";"https://cbinsaat.com/hizmetler/kamera-guvenlik-sistemleri/doganyol/";"title ve H1";"Elektrik"
"doğanyol kompanzasyon panosu";"yerel";"2";"https://cbinsaat.com/hizmetler/kompanzasyon-panosu/doganyol/";"title ve H1";"Elektrik"
"doğanyol priz tamiri ve montajı";"yerel";"2";"https://cbinsaat.com/hizmetler/priz-tamiri/doganyol/";"title ve H1";"Elektrik"
"doğanyol topraklama ve paratoner";"yerel";"2";"https://cbinsaat.com/hizmetler/topraklama-paratoner/doganyol/";"title ve H1";"Elektrik"
"doğanyol uzaktan kumanda ve otomasyon";"yerel";"2";"https://cbinsaat.com/hizmetler/uzaktan-kumanda-otomasyon/doganyol/";"title ve H1";"Elektrik"
"elektrik arıza malatya";"ticari";"2";"https://cbinsaat.com/hizmetler/elektrik-ariza/";"gövde metni";"Elektrik"
"elektrik panosu malatya";"ticari";"2";"https://cbinsaat.com/hizmetler/elektrik-panosu/";"gövde metni";"Elektrik"
"elektrik tesisatı malatya";"ticari";"2";"https://cbinsaat.com/hizmetler/elektrik-tesisati/";"gövde metni";"Elektrik"
"elektrik tesisatı yenileme";"ticari";"2";"https://cbinsaat.com/hizmetler/elektrik-tesisati/";"gövde ve SSS";"Elektrik"
"eş potansiyel bağlantı";"ticari";"2";"https://cbinsaat.com/hizmetler/topraklama-paratoner/";"gövde ve SSS";"Elektrik"
"fabrika elektrik tesisatı malatya";"ticari";"2";"https://cbinsaat.com/hizmetler/fabrika-elektrik-tesisati/";"gövde metni";"Elektrik"
"görüntülü diafon";"ticari";"2";"https://cbinsaat.com/hizmetler/diafon-goruntulu-konusma/";"gövde ve SSS";"Elektrik"
"gsm pompa kumandası";"ticari";"2";"https://cbinsaat.com/hizmetler/uzaktan-kumanda-otomasyon/";"gövde ve SSS";"Elektrik"
"hekimhan avize ve aydınlatma";"yerel";"2";"https://cbinsaat.com/hizmetler/avize-aydinlatma/hekimhan/";"title ve H1";"Elektrik"
"hekimhan diafon ve görüntülü konuşma";"yerel";"2";"https://cbinsaat.com/hizmetler/diafon-goruntulu-konusma/hekimhan/";"title ve H1";"Elektrik"
"hekimhan elektrik arıza";"yerel";"2";"https://cbinsaat.com/hizmetler/elektrik-ariza/hekimhan/";"title ve H1";"Elektrik"
"hekimhan elektrik panosu";"yerel";"2";"https://cbinsaat.com/hizmetler/elektrik-panosu/hekimhan/";"title ve H1";"Elektrik"
"hekimhan elektrik tesisatı";"yerel";"2";"https://cbinsaat.com/hizmetler/elektrik-tesisati/hekimhan/";"title ve H1";"Elektrik"
"hekimhan fabrika elektrik tesisatı";"yerel";"2";"https://cbinsaat.com/hizmetler/fabrika-elektrik-tesisati/hekimhan/";"title ve H1";"Elektrik"
"hekimhan jeneratör ve ups";"yerel";"2";"https://cbinsaat.com/hizmetler/jenerator-ups/hekimhan/";"title ve H1";"Elektrik"
"hekimhan kamera ve güvenlik sistemleri";"yerel";"2";"https://cbinsaat.com/hizmetler/kamera-guvenlik-sistemleri/hekimhan/";"title ve H1";"Elektrik"
"hekimhan kompanzasyon panosu";"yerel";"2";"https://cbinsaat.com/hizmetler/kompanzasyon-panosu/hekimhan/";"title ve H1";"Elektrik"
"hekimhan priz tamiri ve montajı";"yerel";"2";"https://cbinsaat.com/hizmetler/priz-tamiri/hekimhan/";"title ve H1";"Elektrik"
"hekimhan topraklama ve paratoner";"yerel";"2";"https://cbinsaat.com/hizmetler/topraklama-paratoner/hekimhan/";"title ve H1";"Elektrik"
"hekimhan uzaktan kumanda ve otomasyon";"yerel";"2";"https://cbinsaat.com/hizmetler/uzaktan-kumanda-otomasyon/hekimhan/";"title ve H1";"Elektrik"
"ıp kamera kurulumu";"ticari";"2";"https://cbinsaat.com/hizmetler/kamera-guvenlik-sistemleri/";"gövde ve SSS";"Elektrik"
"iş yeri güvenlik sistemi";"ticari";"2";"https://cbinsaat.com/hizmetler/kamera-guvenlik-sistemleri/";"gövde ve SSS";"Elektrik"
"jeneratör ve ups malatya";"ticari";"2";"https://cbinsaat.com/hizmetler/jenerator-ups/";"gövde metni";"Elektrik"
"kablo tavası";"ticari";"2";"https://cbinsaat.com/hizmetler/fabrika-elektrik-tesisati/";"gövde ve SSS";"Elektrik"
"kaçak akım arızası";"ticari";"2";"https://cbinsaat.com/hizmetler/elektrik-ariza/";"gövde ve SSS";"Elektrik"
"kaçak akım rölesi";"ticari";"2";"https://cbinsaat.com/hizmetler/elektrik-panosu/";"gövde ve SSS";"Elektrik"
"kale avize ve aydınlatma";"yerel";"2";"https://cbinsaat.com/hizmetler/avize-aydinlatma/kale/";"title ve H1";"Elektrik"
"kale diafon ve görüntülü konuşma";"yerel";"2";"https://cbinsaat.com/hizmetler/diafon-goruntulu-konusma/kale/";"title ve H1";"Elektrik"
"kale elektrik arıza";"yerel";"2";"https://cbinsaat.com/hizmetler/elektrik-ariza/kale/";"title ve H1";"Elektrik"
"kale elektrik panosu";"yerel";"2";"https://cbinsaat.com/hizmetler/elektrik-panosu/kale/";"title ve H1";"Elektrik"
"kale elektrik tesisatı";"yerel";"2";"https://cbinsaat.com/hizmetler/elektrik-tesisati/kale/";"title ve H1";"Elektrik"
"kale fabrika elektrik tesisatı";"yerel";"2";"https://cbinsaat.com/hizmetler/fabrika-elektrik-tesisati/kale/";"title ve H1";"Elektrik"
"kale jeneratör ve ups";"yerel";"2";"https://cbinsaat.com/hizmetler/jenerator-ups/kale/";"title ve H1";"Elektrik"
"kale kamera ve güvenlik sistemleri";"yerel";"2";"https://cbinsaat.com/hizmetler/kamera-guvenlik-sistemleri/kale/";"title ve H1";"Elektrik"
"kale kompanzasyon panosu";"yerel";"2";"https://cbinsaat.com/hizmetler/kompanzasyon-panosu/kale/";"title ve H1";"Elektrik"
"kale priz tamiri ve montajı";"yerel";"2";"https://cbinsaat.com/hizmetler/priz-tamiri/kale/";"title ve H1";"Elektrik"
"kale topraklama ve paratoner";"yerel";"2";"https://cbinsaat.com/hizmetler/topraklama-paratoner/kale/";"title ve H1";"Elektrik"
"kale uzaktan kumanda ve otomasyon";"yerel";"2";"https://cbinsaat.com/hizmetler/uzaktan-kumanda-otomasyon/kale/";"title ve H1";"Elektrik"
"kamera ve güvenlik sistemleri malatya";"ticari";"2";"https://cbinsaat.com/hizmetler/kamera-guvenlik-sistemleri/";"gövde metni";"Elektrik"
"kapı otomatiği";"ticari";"2";"https://cbinsaat.com/hizmetler/diafon-goruntulu-konusma/";"gövde ve SSS";"Elektrik"
"kesintisiz güç kaynağı";"ticari";"2";"https://cbinsaat.com/hizmetler/jenerator-ups/";"gövde ve SSS";"Elektrik"
"kısa devre tespiti";"ticari";"2";"https://cbinsaat.com/hizmetler/elektrik-ariza/";"gövde ve SSS";"Elektrik"
"kompanzasyon panosu";"ticari";"2";"https://cbinsaat.com/hizmetler/kompanzasyon-panosu/";"gövde ve SSS";"Elektrik"
"kompanzasyon panosu malatya";"ticari";"2";"https://cbinsaat.com/hizmetler/kompanzasyon-panosu/";"gövde metni";"Elektrik"
"kondansatör değişimi";"ticari";"2";"https://cbinsaat.com/hizmetler/kompanzasyon-panosu/";"gövde ve SSS";"Elektrik"
"kuluncak avize ve aydınlatma";"yerel";"2";"https://cbinsaat.com/hizmetler/avize-aydinlatma/kuluncak/";"title ve H1";"Elektrik"
"kuluncak diafon ve görüntülü konuşma";"yerel";"2";"https://cbinsaat.com/hizmetler/diafon-goruntulu-konusma/kuluncak/";"title ve H1";"Elektrik"
"kuluncak elektrik arıza";"yerel";"2";"https://cbinsaat.com/hizmetler/elektrik-ariza/kuluncak/";"title ve H1";"Elektrik"
"kuluncak elektrik panosu";"yerel";"2";"https://cbinsaat.com/hizmetler/elektrik-panosu/kuluncak/";"title ve H1";"Elektrik"
"kuluncak elektrik tesisatı";"yerel";"2";"https://cbinsaat.com/hizmetler/elektrik-tesisati/kuluncak/";"title ve H1";"Elektrik"
"kuluncak fabrika elektrik tesisatı";"yerel";"2";"https://cbinsaat.com/hizmetler/fabrika-elektrik-tesisati/kuluncak/";"title ve H1";"Elektrik"
"kuluncak jeneratör ve ups";"yerel";"2";"https://cbinsaat.com/hizmetler/jenerator-ups/kuluncak/";"title ve H1";"Elektrik"
"kuluncak kamera ve güvenlik sistemleri";"yerel";"2";"https://cbinsaat.com/hizmetler/kamera-guvenlik-sistemleri/kuluncak/";"title ve H1";"Elektrik"
"kuluncak kompanzasyon panosu";"yerel";"2";"https://cbinsaat.com/hizmetler/kompanzasyon-panosu/kuluncak/";"title ve H1";"Elektrik"
"kuluncak priz tamiri ve montajı";"yerel";"2";"https://cbinsaat.com/hizmetler/priz-tamiri/kuluncak/";"title ve H1";"Elektrik"
"kuluncak topraklama ve paratoner";"yerel";"2";"https://cbinsaat.com/hizmetler/topraklama-paratoner/kuluncak/";"title ve H1";"Elektrik"
"kuluncak uzaktan kumanda ve otomasyon";"yerel";"2";"https://cbinsaat.com/hizmetler/uzaktan-kumanda-otomasyon/kuluncak/";"title ve H1";"Elektrik"
"kumanda panosu";"ticari";"2";"https://cbinsaat.com/hizmetler/elektrik-panosu/";"gövde ve SSS";"Elektrik"
"led aydınlatma";"ticari";"2";"https://cbinsaat.com/hizmetler/avize-aydinlatma/";"gövde ve SSS";"Elektrik"
"makine besleme hattı";"ticari";"2";"https://cbinsaat.com/hizmetler/fabrika-elektrik-tesisati/";"gövde ve SSS";"Elektrik"
"malatya avize montajı";"ticari";"2";"https://cbinsaat.com/hizmetler/avize-aydinlatma/";"gövde ve SSS";"Elektrik"
"malatya avize ve aydınlatma firması";"ticari";"2";"https://cbinsaat.com/hizmetler/avize-aydinlatma/";"gövde metni";"Elektrik"
"malatya avize ve aydınlatma fiyatları";"ticari";"2";"https://cbinsaat.com/hizmetler/avize-aydinlatma/";"fiyatı ne belirler bölümü";"Elektrik"
"malatya aydınlatma";"ticari";"2";"https://cbinsaat.com/hizmetler/avize-aydinlatma/";"gövde ve SSS";"Elektrik"
"malatya diafon";"ticari";"2";"https://cbinsaat.com/hizmetler/diafon-goruntulu-konusma/";"gövde ve SSS";"Elektrik"
"malatya diafon ve görüntülü konuşma firması";"ticari";"2";"https://cbinsaat.com/hizmetler/diafon-goruntulu-konusma/";"gövde metni";"Elektrik"
"malatya diafon ve görüntülü konuşma fiyatları";"ticari";"2";"https://cbinsaat.com/hizmetler/diafon-goruntulu-konusma/";"fiyatı ne belirler bölümü";"Elektrik"
"malatya elektrik arıza firması";"ticari";"2";"https://cbinsaat.com/hizmetler/elektrik-ariza/";"gövde metni";"Elektrik"
"malatya elektrik arıza fiyatları";"ticari";"2";"https://cbinsaat.com/hizmetler/elektrik-ariza/";"fiyatı ne belirler bölümü";"Elektrik"
"malatya elektrik panosu firması";"ticari";"2";"https://cbinsaat.com/hizmetler/elektrik-panosu/";"gövde metni";"Elektrik"
"malatya elektrik panosu fiyatları";"ticari";"2";"https://cbinsaat.com/hizmetler/elektrik-panosu/";"fiyatı ne belirler bölümü";"Elektrik"
"malatya elektrik tesisatı firması";"ticari";"2";"https://cbinsaat.com/hizmetler/elektrik-tesisati/";"gövde metni";"Elektrik"
"malatya elektrik tesisatı fiyatları";"ticari";"2";"https://cbinsaat.com/hizmetler/elektrik-tesisati/";"fiyatı ne belirler bölümü";"Elektrik"
"malatya elektrikçi";"ticari";"2";"https://cbinsaat.com/hizmetler/elektrik-tesisati/";"gövde ve SSS";"Elektrik"
"malatya elektrikçi acil";"ticari";"2";"https://cbinsaat.com/hizmetler/elektrik-ariza/";"gövde ve SSS";"Elektrik"
"malatya fabrika elektrik";"ticari";"2";"https://cbinsaat.com/hizmetler/fabrika-elektrik-tesisati/";"gövde ve SSS";"Elektrik"
"malatya fabrika elektrik tesisatı firması";"ticari";"2";"https://cbinsaat.com/hizmetler/fabrika-elektrik-tesisati/";"gövde metni";"Elektrik"
"malatya fabrika elektrik tesisatı fiyatları";"ticari";"2";"https://cbinsaat.com/hizmetler/fabrika-elektrik-tesisati/";"fiyatı ne belirler bölümü";"Elektrik"
"malatya güvenlik kamerası";"ticari";"2";"https://cbinsaat.com/hizmetler/kamera-guvenlik-sistemleri/";"gövde ve SSS";"Elektrik"
"malatya jeneratör";"ticari";"2";"https://cbinsaat.com/hizmetler/jenerator-ups/";"gövde ve SSS";"Elektrik"
"malatya jeneratör ve ups firması";"ticari";"2";"https://cbinsaat.com/hizmetler/jenerator-ups/";"gövde metni";"Elektrik"
"malatya jeneratör ve ups fiyatları";"ticari";"2";"https://cbinsaat.com/hizmetler/jenerator-ups/";"fiyatı ne belirler bölümü";"Elektrik"
"malatya kamera sistemi";"ticari";"2";"https://cbinsaat.com/hizmetler/kamera-guvenlik-sistemleri/";"gövde ve SSS";"Elektrik"
"malatya kamera ve güvenlik sistemleri firması";"ticari";"2";"https://cbinsaat.com/hizmetler/kamera-guvenlik-sistemleri/";"gövde metni";"Elektrik"
"malatya kamera ve güvenlik sistemleri fiyatları";"ticari";"2";"https://cbinsaat.com/hizmetler/kamera-guvenlik-sistemleri/";"fiyatı ne belirler bölümü";"Elektrik"
"malatya kompanzasyon";"ticari";"2";"https://cbinsaat.com/hizmetler/kompanzasyon-panosu/";"gövde ve SSS";"Elektrik"
"malatya kompanzasyon panosu firması";"ticari";"2";"https://cbinsaat.com/hizmetler/kompanzasyon-panosu/";"gövde metni";"Elektrik"
"malatya kompanzasyon panosu fiyatları";"ticari";"2";"https://cbinsaat.com/hizmetler/kompanzasyon-panosu/";"fiyatı ne belirler bölümü";"Elektrik"
"malatya otomasyon";"ticari";"2";"https://cbinsaat.com/hizmetler/uzaktan-kumanda-otomasyon/";"gövde ve SSS";"Elektrik"
"malatya priz tamiri";"ticari";"2";"https://cbinsaat.com/hizmetler/priz-tamiri/";"gövde ve SSS";"Elektrik"
"malatya priz tamiri ve montajı firması";"ticari";"2";"https://cbinsaat.com/hizmetler/priz-tamiri/";"gövde metni";"Elektrik"
"malatya priz tamiri ve montajı fiyatları";"ticari";"2";"https://cbinsaat.com/hizmetler/priz-tamiri/";"fiyatı ne belirler bölümü";"Elektrik"
"malatya topraklama";"ticari";"2";"https://cbinsaat.com/hizmetler/topraklama-paratoner/";"gövde ve SSS";"Elektrik"
"malatya topraklama ve paratoner firması";"ticari";"2";"https://cbinsaat.com/hizmetler/topraklama-paratoner/";"gövde metni";"Elektrik"
"malatya topraklama ve paratoner fiyatları";"ticari";"2";"https://cbinsaat.com/hizmetler/topraklama-paratoner/";"fiyatı ne belirler bölümü";"Elektrik"
"malatya uzaktan kumanda ve otomasyon firması";"ticari";"2";"https://cbinsaat.com/hizmetler/uzaktan-kumanda-otomasyon/";"gövde metni";"Elektrik"
"malatya uzaktan kumanda ve otomasyon fiyatları";"ticari";"2";"https://cbinsaat.com/hizmetler/uzaktan-kumanda-otomasyon/";"fiyatı ne belirler bölümü";"Elektrik"
"osb elektrik";"ticari";"2";"https://cbinsaat.com/hizmetler/fabrika-elektrik-tesisati/";"gövde ve SSS";"Elektrik"
"otomatik transfer panosu";"ticari";"2";"https://cbinsaat.com/hizmetler/jenerator-ups/";"gövde ve SSS";"Elektrik"
"paratoner montajı";"ticari";"2";"https://cbinsaat.com/hizmetler/topraklama-paratoner/";"gövde ve SSS";"Elektrik"
"priz değişimi";"ticari";"2";"https://cbinsaat.com/hizmetler/priz-tamiri/";"gövde ve SSS";"Elektrik"
"priz ısınıyor";"ticari";"2";"https://cbinsaat.com/hizmetler/priz-tamiri/";"gövde ve SSS";"Elektrik"
"priz tamiri ve montajı malatya";"ticari";"2";"https://cbinsaat.com/hizmetler/priz-tamiri/";"gövde metni";"Elektrik"
"pütürge avize ve aydınlatma";"yerel";"2";"https://cbinsaat.com/hizmetler/avize-aydinlatma/puturge/";"title ve H1";"Elektrik"
"pütürge diafon ve görüntülü konuşma";"yerel";"2";"https://cbinsaat.com/hizmetler/diafon-goruntulu-konusma/puturge/";"title ve H1";"Elektrik"
"pütürge elektrik arıza";"yerel";"2";"https://cbinsaat.com/hizmetler/elektrik-ariza/puturge/";"title ve H1";"Elektrik"
"pütürge elektrik panosu";"yerel";"2";"https://cbinsaat.com/hizmetler/elektrik-panosu/puturge/";"title ve H1";"Elektrik"
"pütürge elektrik tesisatı";"yerel";"2";"https://cbinsaat.com/hizmetler/elektrik-tesisati/puturge/";"title ve H1";"Elektrik"
"pütürge fabrika elektrik tesisatı";"yerel";"2";"https://cbinsaat.com/hizmetler/fabrika-elektrik-tesisati/puturge/";"title ve H1";"Elektrik"
"pütürge jeneratör ve ups";"yerel";"2";"https://cbinsaat.com/hizmetler/jenerator-ups/puturge/";"title ve H1";"Elektrik"
"pütürge kamera ve güvenlik sistemleri";"yerel";"2";"https://cbinsaat.com/hizmetler/kamera-guvenlik-sistemleri/puturge/";"title ve H1";"Elektrik"
"pütürge kompanzasyon panosu";"yerel";"2";"https://cbinsaat.com/hizmetler/kompanzasyon-panosu/puturge/";"title ve H1";"Elektrik"
"pütürge priz tamiri ve montajı";"yerel";"2";"https://cbinsaat.com/hizmetler/priz-tamiri/puturge/";"title ve H1";"Elektrik"
"pütürge topraklama ve paratoner";"yerel";"2";"https://cbinsaat.com/hizmetler/topraklama-paratoner/puturge/";"title ve H1";"Elektrik"
"pütürge uzaktan kumanda ve otomasyon";"yerel";"2";"https://cbinsaat.com/hizmetler/uzaktan-kumanda-otomasyon/puturge/";"title ve H1";"Elektrik"
"reaktif ceza";"ticari";"2";"https://cbinsaat.com/hizmetler/kompanzasyon-panosu/";"gövde ve SSS";"Elektrik"
"reaktif güç kontrol rölesi";"ticari";"2";"https://cbinsaat.com/hizmetler/kompanzasyon-panosu/";"gövde ve SSS";"Elektrik"
"sanayi elektrik tesisatı";"ticari";"2";"https://cbinsaat.com/hizmetler/fabrika-elektrik-tesisati/";"gövde ve SSS";"Elektrik"
"sigorta atıyor";"ticari";"2";"https://cbinsaat.com/hizmetler/elektrik-ariza/";"gövde ve SSS";"Elektrik"
"sigorta panosu yenileme";"ticari";"2";"https://cbinsaat.com/hizmetler/elektrik-panosu/";"gövde ve SSS";"Elektrik"
"spot montajı";"ticari";"2";"https://cbinsaat.com/hizmetler/avize-aydinlatma/";"gövde ve SSS";"Elektrik"
"telsiz kumanda sistemi";"ticari";"2";"https://cbinsaat.com/hizmetler/uzaktan-kumanda-otomasyon/";"gövde ve SSS";"Elektrik"
"topraklama ölçümü";"ticari";"2";"https://cbinsaat.com/hizmetler/topraklama-paratoner/";"gövde ve SSS";"Elektrik"
"topraklama raporu";"ticari";"2";"https://cbinsaat.com/hizmetler/topraklama-paratoner/";"gövde ve SSS";"Elektrik"
"topraklama ve paratoner malatya";"ticari";"2";"https://cbinsaat.com/hizmetler/topraklama-paratoner/";"gövde metni";"Elektrik"
"ups kurulumu";"ticari";"2";"https://cbinsaat.com/hizmetler/jenerator-ups/";"gövde ve SSS";"Elektrik"
"uzaktan kumanda ve otomasyon malatya";"ticari";"2";"https://cbinsaat.com/hizmetler/uzaktan-kumanda-otomasyon/";"gövde metni";"Elektrik"
"uzaktan pompa çalıştırma";"ticari";"2";"https://cbinsaat.com/hizmetler/uzaktan-kumanda-otomasyon/";"gövde ve SSS";"Elektrik"
"yazıhan avize ve aydınlatma";"yerel";"2";"https://cbinsaat.com/hizmetler/avize-aydinlatma/yazihan/";"title ve H1";"Elektrik"
"yazıhan diafon ve görüntülü konuşma";"yerel";"2";"https://cbinsaat.com/hizmetler/diafon-goruntulu-konusma/yazihan/";"title ve H1";"Elektrik"
"yazıhan elektrik arıza";"yerel";"2";"https://cbinsaat.com/hizmetler/elektrik-ariza/yazihan/";"title ve H1";"Elektrik"
"yazıhan elektrik panosu";"yerel";"2";"https://cbinsaat.com/hizmetler/elektrik-panosu/yazihan/";"title ve H1";"Elektrik"
"yazıhan elektrik tesisatı";"yerel";"2";"https://cbinsaat.com/hizmetler/elektrik-tesisati/yazihan/";"title ve H1";"Elektrik"
"yazıhan fabrika elektrik tesisatı";"yerel";"2";"https://cbinsaat.com/hizmetler/fabrika-elektrik-tesisati/yazihan/";"title ve H1";"Elektrik"
"yazıhan jeneratör ve ups";"yerel";"2";"https://cbinsaat.com/hizmetler/jenerator-ups/yazihan/";"title ve H1";"Elektrik"
"yazıhan kamera ve güvenlik sistemleri";"yerel";"2";"https://cbinsaat.com/hizmetler/kamera-guvenlik-sistemleri/yazihan/";"title ve H1";"Elektrik"
"yazıhan kompanzasyon panosu";"yerel";"2";"https://cbinsaat.com/hizmetler/kompanzasyon-panosu/yazihan/";"title ve H1";"Elektrik"
"yazıhan priz tamiri ve montajı";"yerel";"2";"https://cbinsaat.com/hizmetler/priz-tamiri/yazihan/";"title ve H1";"Elektrik"
"yazıhan topraklama ve paratoner";"yerel";"2";"https://cbinsaat.com/hizmetler/topraklama-paratoner/yazihan/";"title ve H1";"Elektrik"
"yazıhan uzaktan kumanda ve otomasyon";"yerel";"2";"https://cbinsaat.com/hizmetler/uzaktan-kumanda-otomasyon/yazihan/";"title ve H1";"Elektrik"
"yeni priz hattı";"ticari";"2";"https://cbinsaat.com/hizmetler/priz-tamiri/";"gövde ve SSS";"Elektrik"
"yeşilyurt avize ve aydınlatma";"yerel";"2";"https://cbinsaat.com/hizmetler/avize-aydinlatma/yesilyurt/";"title ve H1";"Elektrik"
"yeşilyurt diafon ve görüntülü konuşma";"yerel";"2";"https://cbinsaat.com/hizmetler/diafon-goruntulu-konusma/yesilyurt/";"title ve H1";"Elektrik"
"yeşilyurt elektrik arıza";"yerel";"2";"https://cbinsaat.com/hizmetler/elektrik-ariza/yesilyurt/";"title ve H1";"Elektrik"
"yeşilyurt elektrik panosu";"yerel";"2";"https://cbinsaat.com/hizmetler/elektrik-panosu/yesilyurt/";"title ve H1";"Elektrik"
"yeşilyurt elektrik tesisatı";"yerel";"2";"https://cbinsaat.com/hizmetler/elektrik-tesisati/yesilyurt/";"title ve H1";"Elektrik"
"yeşilyurt fabrika elektrik tesisatı";"yerel";"2";"https://cbinsaat.com/hizmetler/fabrika-elektrik-tesisati/yesilyurt/";"title ve H1";"Elektrik"
"yeşilyurt jeneratör ve ups";"yerel";"2";"https://cbinsaat.com/hizmetler/jenerator-ups/yesilyurt/";"title ve H1";"Elektrik"
"yeşilyurt kamera ve güvenlik sistemleri";"yerel";"2";"https://cbinsaat.com/hizmetler/kamera-guvenlik-sistemleri/yesilyurt/";"title ve H1";"Elektrik"
"yeşilyurt kompanzasyon panosu";"yerel";"2";"https://cbinsaat.com/hizmetler/kompanzasyon-panosu/yesilyurt/";"title ve H1";"Elektrik"
"yeşilyurt priz tamiri ve montajı";"yerel";"2";"https://cbinsaat.com/hizmetler/priz-tamiri/yesilyurt/";"title ve H1";"Elektrik"
"yeşilyurt topraklama ve paratoner";"yerel";"2";"https://cbinsaat.com/hizmetler/topraklama-paratoner/yesilyurt/";"title ve H1";"Elektrik"
"yeşilyurt uzaktan kumanda ve otomasyon";"yerel";"2";"https://cbinsaat.com/hizmetler/uzaktan-kumanda-otomasyon/yesilyurt/";"title ve H1";"Elektrik"
"zil sistemi";"ticari";"2";"https://cbinsaat.com/hizmetler/diafon-goruntulu-konusma/";"gövde ve SSS";"Elektrik"
"akçadağ alçıpan bölme ve asma tavan";"yerel";"2";"https://cbinsaat.com/hizmetler/alcipan-asma-tavan/akcadag/";"title ve H1";"İnce İnşaat"
"akçadağ boya, badana ve alçı";"yerel";"2";"https://cbinsaat.com/hizmetler/boya-badana/akcadag/";"title ve H1";"İnce İnşaat"
"akçadağ ince inşaat işleri";"yerel";"2";"https://cbinsaat.com/hizmetler/ince-insaat-isleri/akcadag/";"title ve H1";"İnce İnşaat"
"akçadağ kapı, pencere ve doğrama montajı";"yerel";"2";"https://cbinsaat.com/hizmetler/kapi-pencere-dograma/akcadag/";"title ve H1";"İnce İnşaat"
"akçadağ mermer ve granit uygulamaları";"yerel";"2";"https://cbinsaat.com/hizmetler/mermer-granit/akcadag/";"title ve H1";"İnce İnşaat"
"akçadağ parke ve laminat döşeme";"yerel";"2";"https://cbinsaat.com/hizmetler/parke-laminat/akcadag/";"title ve H1";"İnce İnşaat"
"akçadağ seramik ve fayans döşeme";"yerel";"2";"https://cbinsaat.com/hizmetler/seramik-fayans/akcadag/";"title ve H1";"İnce İnşaat"
"alçıpan bölme ve asma tavan malatya";"ticari";"2";"https://cbinsaat.com/hizmetler/alcipan-asma-tavan/";"gövde metni";"İnce İnşaat"
"arapgir alçıpan bölme ve asma tavan";"yerel";"2";"https://cbinsaat.com/hizmetler/alcipan-asma-tavan/arapgir/";"title ve H1";"İnce İnşaat"
"arapgir boya, badana ve alçı";"yerel";"2";"https://cbinsaat.com/hizmetler/boya-badana/arapgir/";"title ve H1";"İnce İnşaat"
"arapgir ince inşaat işleri";"yerel";"2";"https://cbinsaat.com/hizmetler/ince-insaat-isleri/arapgir/";"title ve H1";"İnce İnşaat"
"arapgir kapı, pencere ve doğrama montajı";"yerel";"2";"https://cbinsaat.com/hizmetler/kapi-pencere-dograma/arapgir/";"title ve H1";"İnce İnşaat"
"arapgir mermer ve granit uygulamaları";"yerel";"2";"https://cbinsaat.com/hizmetler/mermer-granit/arapgir/";"title ve H1";"İnce İnşaat"
"arapgir parke ve laminat döşeme";"yerel";"2";"https://cbinsaat.com/hizmetler/parke-laminat/arapgir/";"title ve H1";"İnce İnşaat"
"arapgir seramik ve fayans döşeme";"yerel";"2";"https://cbinsaat.com/hizmetler/seramik-fayans/arapgir/";"title ve H1";"İnce İnşaat"
"arguvan alçıpan bölme ve asma tavan";"yerel";"2";"https://cbinsaat.com/hizmetler/alcipan-asma-tavan/arguvan/";"title ve H1";"İnce İnşaat"
"arguvan boya, badana ve alçı";"yerel";"2";"https://cbinsaat.com/hizmetler/boya-badana/arguvan/";"title ve H1";"İnce İnşaat"
"arguvan ince inşaat işleri";"yerel";"2";"https://cbinsaat.com/hizmetler/ince-insaat-isleri/arguvan/";"title ve H1";"İnce İnşaat"
"arguvan kapı, pencere ve doğrama montajı";"yerel";"2";"https://cbinsaat.com/hizmetler/kapi-pencere-dograma/arguvan/";"title ve H1";"İnce İnşaat"
"arguvan mermer ve granit uygulamaları";"yerel";"2";"https://cbinsaat.com/hizmetler/mermer-granit/arguvan/";"title ve H1";"İnce İnşaat"
"arguvan parke ve laminat döşeme";"yerel";"2";"https://cbinsaat.com/hizmetler/parke-laminat/arguvan/";"title ve H1";"İnce İnşaat"
"arguvan seramik ve fayans döşeme";"yerel";"2";"https://cbinsaat.com/hizmetler/seramik-fayans/arguvan/";"title ve H1";"İnce İnşaat"
"asma tavan malatya";"ticari";"2";"https://cbinsaat.com/hizmetler/alcipan-asma-tavan/";"gövde ve SSS";"İnce İnşaat"
"banyo fayans malatya";"ticari";"2";"https://cbinsaat.com/hizmetler/seramik-fayans/";"gövde ve SSS";"İnce İnşaat"
"battalgazi alçıpan bölme ve asma tavan";"yerel";"2";"https://cbinsaat.com/hizmetler/alcipan-asma-tavan/battalgazi/";"title ve H1";"İnce İnşaat"
"battalgazi boya, badana ve alçı";"yerel";"2";"https://cbinsaat.com/hizmetler/boya-badana/battalgazi/";"title ve H1";"İnce İnşaat"
"battalgazi ince inşaat işleri";"yerel";"2";"https://cbinsaat.com/hizmetler/ince-insaat-isleri/battalgazi/";"title ve H1";"İnce İnşaat"
"battalgazi kapı, pencere ve doğrama montajı";"yerel";"2";"https://cbinsaat.com/hizmetler/kapi-pencere-dograma/battalgazi/";"title ve H1";"İnce İnşaat"
"battalgazi mermer ve granit uygulamaları";"yerel";"2";"https://cbinsaat.com/hizmetler/mermer-granit/battalgazi/";"title ve H1";"İnce İnşaat"
"battalgazi parke ve laminat döşeme";"yerel";"2";"https://cbinsaat.com/hizmetler/parke-laminat/battalgazi/";"title ve H1";"İnce İnşaat"
"battalgazi seramik ve fayans döşeme";"yerel";"2";"https://cbinsaat.com/hizmetler/seramik-fayans/battalgazi/";"title ve H1";"İnce İnşaat"
"boya, badana ve alçı malatya";"ticari";"2";"https://cbinsaat.com/hizmetler/boya-badana/";"gövde metni";"İnce İnşaat"
"bölme duvar alçıpan";"ticari";"2";"https://cbinsaat.com/hizmetler/alcipan-asma-tavan/";"gövde ve SSS";"İnce İnşaat"
"çelik kapı montajı malatya";"ticari";"2";"https://cbinsaat.com/hizmetler/kapi-pencere-dograma/";"gövde ve SSS";"İnce İnşaat"
"daire boyama fiyatı malatya";"ticari";"2";"https://cbinsaat.com/hizmetler/boya-badana/";"gövde ve SSS";"İnce İnşaat"
"darende alçıpan bölme ve asma tavan";"yerel";"2";"https://cbinsaat.com/hizmetler/alcipan-asma-tavan/darende/";"title ve H1";"İnce İnşaat"
"darende boya, badana ve alçı";"yerel";"2";"https://cbinsaat.com/hizmetler/boya-badana/darende/";"title ve H1";"İnce İnşaat"
"darende ince inşaat işleri";"yerel";"2";"https://cbinsaat.com/hizmetler/ince-insaat-isleri/darende/";"title ve H1";"İnce İnşaat"
"darende kapı, pencere ve doğrama montajı";"yerel";"2";"https://cbinsaat.com/hizmetler/kapi-pencere-dograma/darende/";"title ve H1";"İnce İnşaat"
"darende mermer ve granit uygulamaları";"yerel";"2";"https://cbinsaat.com/hizmetler/mermer-granit/darende/";"title ve H1";"İnce İnşaat"
"darende parke ve laminat döşeme";"yerel";"2";"https://cbinsaat.com/hizmetler/parke-laminat/darende/";"title ve H1";"İnce İnşaat"
"darende seramik ve fayans döşeme";"yerel";"2";"https://cbinsaat.com/hizmetler/seramik-fayans/darende/";"title ve H1";"İnce İnşaat"
"denizlik montajı malatya";"ticari";"2";"https://cbinsaat.com/hizmetler/mermer-granit/";"gövde ve SSS";"İnce İnşaat"
"doğanşehir alçıpan bölme ve asma tavan";"yerel";"2";"https://cbinsaat.com/hizmetler/alcipan-asma-tavan/dogansehir/";"title ve H1";"İnce İnşaat"
"doğanşehir boya, badana ve alçı";"yerel";"2";"https://cbinsaat.com/hizmetler/boya-badana/dogansehir/";"title ve H1";"İnce İnşaat"
"doğanşehir ince inşaat işleri";"yerel";"2";"https://cbinsaat.com/hizmetler/ince-insaat-isleri/dogansehir/";"title ve H1";"İnce İnşaat"
"doğanşehir kapı, pencere ve doğrama montajı";"yerel";"2";"https://cbinsaat.com/hizmetler/kapi-pencere-dograma/dogansehir/";"title ve H1";"İnce İnşaat"
"doğanşehir mermer ve granit uygulamaları";"yerel";"2";"https://cbinsaat.com/hizmetler/mermer-granit/dogansehir/";"title ve H1";"İnce İnşaat"
"doğanşehir parke ve laminat döşeme";"yerel";"2";"https://cbinsaat.com/hizmetler/parke-laminat/dogansehir/";"title ve H1";"İnce İnşaat"
"doğanşehir seramik ve fayans döşeme";"yerel";"2";"https://cbinsaat.com/hizmetler/seramik-fayans/dogansehir/";"title ve H1";"İnce İnşaat"
"doğanyol alçıpan bölme ve asma tavan";"yerel";"2";"https://cbinsaat.com/hizmetler/alcipan-asma-tavan/doganyol/";"title ve H1";"İnce İnşaat"
"doğanyol boya, badana ve alçı";"yerel";"2";"https://cbinsaat.com/hizmetler/boya-badana/doganyol/";"title ve H1";"İnce İnşaat"
"doğanyol ince inşaat işleri";"yerel";"2";"https://cbinsaat.com/hizmetler/ince-insaat-isleri/doganyol/";"title ve H1";"İnce İnşaat"
"doğanyol kapı, pencere ve doğrama montajı";"yerel";"2";"https://cbinsaat.com/hizmetler/kapi-pencere-dograma/doganyol/";"title ve H1";"İnce İnşaat"
"doğanyol mermer ve granit uygulamaları";"yerel";"2";"https://cbinsaat.com/hizmetler/mermer-granit/doganyol/";"title ve H1";"İnce İnşaat"
"doğanyol parke ve laminat döşeme";"yerel";"2";"https://cbinsaat.com/hizmetler/parke-laminat/doganyol/";"title ve H1";"İnce İnşaat"
"doğanyol seramik ve fayans döşeme";"yerel";"2";"https://cbinsaat.com/hizmetler/seramik-fayans/doganyol/";"title ve H1";"İnce İnşaat"
"doğrama montajı malatya";"ticari";"2";"https://cbinsaat.com/hizmetler/kapi-pencere-dograma/";"gövde ve SSS";"İnce İnşaat"
"fayans döşeme malatya";"ticari";"2";"https://cbinsaat.com/hizmetler/seramik-fayans/";"gövde ve SSS";"İnce İnşaat"
"gizli aydınlatma malatya";"ticari";"2";"https://cbinsaat.com/hizmetler/alcipan-asma-tavan/";"gövde ve SSS";"İnce İnşaat"
"granit tezgah malatya";"ticari";"2";"https://cbinsaat.com/hizmetler/mermer-granit/";"gövde ve SSS";"İnce İnşaat"
"hekimhan alçıpan bölme ve asma tavan";"yerel";"2";"https://cbinsaat.com/hizmetler/alcipan-asma-tavan/hekimhan/";"title ve H1";"İnce İnşaat"
"hekimhan boya, badana ve alçı";"yerel";"2";"https://cbinsaat.com/hizmetler/boya-badana/hekimhan/";"title ve H1";"İnce İnşaat"
"hekimhan ince inşaat işleri";"yerel";"2";"https://cbinsaat.com/hizmetler/ince-insaat-isleri/hekimhan/";"title ve H1";"İnce İnşaat"
"hekimhan kapı, pencere ve doğrama montajı";"yerel";"2";"https://cbinsaat.com/hizmetler/kapi-pencere-dograma/hekimhan/";"title ve H1";"İnce İnşaat"
"hekimhan mermer ve granit uygulamaları";"yerel";"2";"https://cbinsaat.com/hizmetler/mermer-granit/hekimhan/";"title ve H1";"İnce İnşaat"
"hekimhan parke ve laminat döşeme";"yerel";"2";"https://cbinsaat.com/hizmetler/parke-laminat/hekimhan/";"title ve H1";"İnce İnşaat"
"hekimhan seramik ve fayans döşeme";"yerel";"2";"https://cbinsaat.com/hizmetler/seramik-fayans/hekimhan/";"title ve H1";"İnce İnşaat"
"iç mekân uygulama malatya";"ticari";"2";"https://cbinsaat.com/hizmetler/ince-insaat-isleri/";"gövde ve SSS";"İnce İnşaat"
"ince inşaat işleri malatya";"ticari";"2";"https://cbinsaat.com/hizmetler/ince-insaat-isleri/";"gövde metni";"İnce İnşaat"
"ince işçilik malatya";"ticari";"2";"https://cbinsaat.com/hizmetler/ince-insaat-isleri/";"gövde ve SSS";"İnce İnşaat"
"kale alçıpan bölme ve asma tavan";"yerel";"2";"https://cbinsaat.com/hizmetler/alcipan-asma-tavan/kale/";"title ve H1";"İnce İnşaat"
"kale boya, badana ve alçı";"yerel";"2";"https://cbinsaat.com/hizmetler/boya-badana/kale/";"title ve H1";"İnce İnşaat"
"kale ince inşaat işleri";"yerel";"2";"https://cbinsaat.com/hizmetler/ince-insaat-isleri/kale/";"title ve H1";"İnce İnşaat"
"kale kapı, pencere ve doğrama montajı";"yerel";"2";"https://cbinsaat.com/hizmetler/kapi-pencere-dograma/kale/";"title ve H1";"İnce İnşaat"
"kale mermer ve granit uygulamaları";"yerel";"2";"https://cbinsaat.com/hizmetler/mermer-granit/kale/";"title ve H1";"İnce İnşaat"
"kale parke ve laminat döşeme";"yerel";"2";"https://cbinsaat.com/hizmetler/parke-laminat/kale/";"title ve H1";"İnce İnşaat"
"kale seramik ve fayans döşeme";"yerel";"2";"https://cbinsaat.com/hizmetler/seramik-fayans/kale/";"title ve H1";"İnce İnşaat"
"kapı, pencere ve doğrama montajı malatya";"ticari";"2";"https://cbinsaat.com/hizmetler/kapi-pencere-dograma/";"gövde metni";"İnce İnşaat"
"kuluncak alçıpan bölme ve asma tavan";"yerel";"2";"https://cbinsaat.com/hizmetler/alcipan-asma-tavan/kuluncak/";"title ve H1";"İnce İnşaat"
"kuluncak boya, badana ve alçı";"yerel";"2";"https://cbinsaat.com/hizmetler/boya-badana/kuluncak/";"title ve H1";"İnce İnşaat"
"kuluncak ince inşaat işleri";"yerel";"2";"https://cbinsaat.com/hizmetler/ince-insaat-isleri/kuluncak/";"title ve H1";"İnce İnşaat"
"kuluncak kapı, pencere ve doğrama montajı";"yerel";"2";"https://cbinsaat.com/hizmetler/kapi-pencere-dograma/kuluncak/";"title ve H1";"İnce İnşaat"
"kuluncak mermer ve granit uygulamaları";"yerel";"2";"https://cbinsaat.com/hizmetler/mermer-granit/kuluncak/";"title ve H1";"İnce İnşaat"
"kuluncak parke ve laminat döşeme";"yerel";"2";"https://cbinsaat.com/hizmetler/parke-laminat/kuluncak/";"title ve H1";"İnce İnşaat"
"kuluncak seramik ve fayans döşeme";"yerel";"2";"https://cbinsaat.com/hizmetler/seramik-fayans/kuluncak/";"title ve H1";"İnce İnşaat"
"laminat parke malatya";"ticari";"2";"https://cbinsaat.com/hizmetler/parke-laminat/";"gövde ve SSS";"İnce İnşaat"
"malatya alçıpan";"ticari";"2";"https://cbinsaat.com/hizmetler/alcipan-asma-tavan/";"gövde ve SSS";"İnce İnşaat"
"malatya alçıpan bölme ve asma tavan firması";"ticari";"2";"https://cbinsaat.com/hizmetler/alcipan-asma-tavan/";"gövde metni";"İnce İnşaat"
"malatya alçıpan bölme ve asma tavan fiyatları";"ticari";"2";"https://cbinsaat.com/hizmetler/alcipan-asma-tavan/";"fiyatı ne belirler bölümü";"İnce İnşaat"
"malatya boya badana";"ticari";"2";"https://cbinsaat.com/hizmetler/boya-badana/";"gövde ve SSS";"İnce İnşaat"
"malatya boya, badana ve alçı firması";"ticari";"2";"https://cbinsaat.com/hizmetler/boya-badana/";"gövde metni";"İnce İnşaat"
"malatya boya, badana ve alçı fiyatları";"ticari";"2";"https://cbinsaat.com/hizmetler/boya-badana/";"fiyatı ne belirler bölümü";"İnce İnşaat"
"malatya boyacı";"ticari";"2";"https://cbinsaat.com/hizmetler/boya-badana/";"gövde ve SSS";"İnce İnşaat"
"malatya iç kapı montajı";"ticari";"2";"https://cbinsaat.com/hizmetler/kapi-pencere-dograma/";"gövde ve SSS";"İnce İnşaat"
"malatya ince inşaat";"ticari";"2";"https://cbinsaat.com/hizmetler/ince-insaat-isleri/";"gövde ve SSS";"İnce İnşaat"
"malatya ince inşaat işleri firması";"ticari";"2";"https://cbinsaat.com/hizmetler/ince-insaat-isleri/";"gövde metni";"İnce İnşaat"
"malatya ince inşaat işleri fiyatları";"ticari";"2";"https://cbinsaat.com/hizmetler/ince-insaat-isleri/";"fiyatı ne belirler bölümü";"İnce İnşaat"
"malatya kapı, pencere ve doğrama montajı firması";"ticari";"2";"https://cbinsaat.com/hizmetler/kapi-pencere-dograma/";"gövde metni";"İnce İnşaat"
"malatya kapı, pencere ve doğrama montajı fiyatları";"ticari";"2";"https://cbinsaat.com/hizmetler/kapi-pencere-dograma/";"fiyatı ne belirler bölümü";"İnce İnşaat"
"malatya mermer tezgah";"ticari";"2";"https://cbinsaat.com/hizmetler/mermer-granit/";"gövde ve SSS";"İnce İnşaat"
"malatya mermer ve granit uygulamaları firması";"ticari";"2";"https://cbinsaat.com/hizmetler/mermer-granit/";"gövde metni";"İnce İnşaat"
"malatya mermer ve granit uygulamaları fiyatları";"ticari";"2";"https://cbinsaat.com/hizmetler/mermer-granit/";"fiyatı ne belirler bölümü";"İnce İnşaat"
"malatya parke döşeme";"ticari";"2";"https://cbinsaat.com/hizmetler/parke-laminat/";"gövde ve SSS";"İnce İnşaat"
"malatya parke ve laminat döşeme firması";"ticari";"2";"https://cbinsaat.com/hizmetler/parke-laminat/";"gövde metni";"İnce İnşaat"
"malatya parke ve laminat döşeme fiyatları";"ticari";"2";"https://cbinsaat.com/hizmetler/parke-laminat/";"fiyatı ne belirler bölümü";"İnce İnşaat"
"malatya seramik ustası";"ticari";"2";"https://cbinsaat.com/hizmetler/seramik-fayans/";"gövde ve SSS";"İnce İnşaat"
"malatya seramik ve fayans döşeme firması";"ticari";"2";"https://cbinsaat.com/hizmetler/seramik-fayans/";"gövde metni";"İnce İnşaat"
"malatya seramik ve fayans döşeme fiyatları";"ticari";"2";"https://cbinsaat.com/hizmetler/seramik-fayans/";"fiyatı ne belirler bölümü";"İnce İnşaat"
"mermer merdiven malatya";"ticari";"2";"https://cbinsaat.com/hizmetler/mermer-granit/";"gövde ve SSS";"İnce İnşaat"
"mermer ve granit uygulamaları malatya";"ticari";"2";"https://cbinsaat.com/hizmetler/mermer-granit/";"gövde metni";"İnce İnşaat"
"parke fiyatları malatya";"ticari";"2";"https://cbinsaat.com/hizmetler/parke-laminat/";"gövde ve SSS";"İnce İnşaat"
"parke ustası malatya";"ticari";"2";"https://cbinsaat.com/hizmetler/parke-laminat/";"gövde ve SSS";"İnce İnşaat"
"parke ve laminat döşeme malatya";"ticari";"2";"https://cbinsaat.com/hizmetler/parke-laminat/";"gövde metni";"İnce İnşaat"
"pütürge alçıpan bölme ve asma tavan";"yerel";"2";"https://cbinsaat.com/hizmetler/alcipan-asma-tavan/puturge/";"title ve H1";"İnce İnşaat"
"pütürge boya, badana ve alçı";"yerel";"2";"https://cbinsaat.com/hizmetler/boya-badana/puturge/";"title ve H1";"İnce İnşaat"
"pütürge ince inşaat işleri";"yerel";"2";"https://cbinsaat.com/hizmetler/ince-insaat-isleri/puturge/";"title ve H1";"İnce İnşaat"
"pütürge kapı, pencere ve doğrama montajı";"yerel";"2";"https://cbinsaat.com/hizmetler/kapi-pencere-dograma/puturge/";"title ve H1";"İnce İnşaat"
"pütürge mermer ve granit uygulamaları";"yerel";"2";"https://cbinsaat.com/hizmetler/mermer-granit/puturge/";"title ve H1";"İnce İnşaat"
"pütürge parke ve laminat döşeme";"yerel";"2";"https://cbinsaat.com/hizmetler/parke-laminat/puturge/";"title ve H1";"İnce İnşaat"
"pütürge seramik ve fayans döşeme";"yerel";"2";"https://cbinsaat.com/hizmetler/seramik-fayans/puturge/";"title ve H1";"İnce İnşaat"
"pvc pencere malatya";"ticari";"2";"https://cbinsaat.com/hizmetler/kapi-pencere-dograma/";"gövde ve SSS";"İnce İnşaat"
"saten alçı malatya";"ticari";"2";"https://cbinsaat.com/hizmetler/boya-badana/";"gövde ve SSS";"İnce İnşaat"
"seramik fiyatları malatya";"ticari";"2";"https://cbinsaat.com/hizmetler/seramik-fayans/";"gövde ve SSS";"İnce İnşaat"
"seramik ve fayans döşeme malatya";"ticari";"2";"https://cbinsaat.com/hizmetler/seramik-fayans/";"gövde metni";"İnce İnşaat"
"sıva alçı boya malatya";"ticari";"2";"https://cbinsaat.com/hizmetler/ince-insaat-isleri/";"gövde ve SSS";"İnce İnşaat"
"yazıhan alçıpan bölme ve asma tavan";"yerel";"2";"https://cbinsaat.com/hizmetler/alcipan-asma-tavan/yazihan/";"title ve H1";"İnce İnşaat"
"yazıhan boya, badana ve alçı";"yerel";"2";"https://cbinsaat.com/hizmetler/boya-badana/yazihan/";"title ve H1";"İnce İnşaat"
"yazıhan ince inşaat işleri";"yerel";"2";"https://cbinsaat.com/hizmetler/ince-insaat-isleri/yazihan/";"title ve H1";"İnce İnşaat"
"yazıhan kapı, pencere ve doğrama montajı";"yerel";"2";"https://cbinsaat.com/hizmetler/kapi-pencere-dograma/yazihan/";"title ve H1";"İnce İnşaat"
"yazıhan mermer ve granit uygulamaları";"yerel";"2";"https://cbinsaat.com/hizmetler/mermer-granit/yazihan/";"title ve H1";"İnce İnşaat"
"yazıhan parke ve laminat döşeme";"yerel";"2";"https://cbinsaat.com/hizmetler/parke-laminat/yazihan/";"title ve H1";"İnce İnşaat"
"yazıhan seramik ve fayans döşeme";"yerel";"2";"https://cbinsaat.com/hizmetler/seramik-fayans/yazihan/";"title ve H1";"İnce İnşaat"
"yeşilyurt alçıpan bölme ve asma tavan";"yerel";"2";"https://cbinsaat.com/hizmetler/alcipan-asma-tavan/yesilyurt/";"title ve H1";"İnce İnşaat"
"yeşilyurt boya, badana ve alçı";"yerel";"2";"https://cbinsaat.com/hizmetler/boya-badana/yesilyurt/";"title ve H1";"İnce İnşaat"
"yeşilyurt ince inşaat işleri";"yerel";"2";"https://cbinsaat.com/hizmetler/ince-insaat-isleri/yesilyurt/";"title ve H1";"İnce İnşaat"
"yeşilyurt kapı, pencere ve doğrama montajı";"yerel";"2";"https://cbinsaat.com/hizmetler/kapi-pencere-dograma/yesilyurt/";"title ve H1";"İnce İnşaat"
"yeşilyurt mermer ve granit uygulamaları";"yerel";"2";"https://cbinsaat.com/hizmetler/mermer-granit/yesilyurt/";"title ve H1";"İnce İnşaat"
"yeşilyurt parke ve laminat döşeme";"yerel";"2";"https://cbinsaat.com/hizmetler/parke-laminat/yesilyurt/";"title ve H1";"İnce İnşaat"
"yeşilyurt seramik ve fayans döşeme";"yerel";"2";"https://cbinsaat.com/hizmetler/seramik-fayans/yesilyurt/";"title ve H1";"İnce İnşaat"
"akçadağ duvar örme ve kırım işleri";"yerel";"2";"https://cbinsaat.com/hizmetler/duvar-orme/akcadag/";"title ve H1";"Kaba İnşaat"
"akçadağ kaba inşaat işleri";"yerel";"2";"https://cbinsaat.com/hizmetler/kaba-insaat/akcadag/";"title ve H1";"Kaba İnşaat"
"akçadağ şap ve zemin hazırlığı";"yerel";"2";"https://cbinsaat.com/hizmetler/sap-zemin-hazirligi/akcadag/";"title ve H1";"Kaba İnşaat"
"arapgir duvar örme ve kırım işleri";"yerel";"2";"https://cbinsaat.com/hizmetler/duvar-orme/arapgir/";"title ve H1";"Kaba İnşaat"
"arapgir kaba inşaat işleri";"yerel";"2";"https://cbinsaat.com/hizmetler/kaba-insaat/arapgir/";"title ve H1";"Kaba İnşaat"
"arapgir şap ve zemin hazırlığı";"yerel";"2";"https://cbinsaat.com/hizmetler/sap-zemin-hazirligi/arapgir/";"title ve H1";"Kaba İnşaat"
"arguvan duvar örme ve kırım işleri";"yerel";"2";"https://cbinsaat.com/hizmetler/duvar-orme/arguvan/";"title ve H1";"Kaba İnşaat"
"arguvan kaba inşaat işleri";"yerel";"2";"https://cbinsaat.com/hizmetler/kaba-insaat/arguvan/";"title ve H1";"Kaba İnşaat"
"arguvan şap ve zemin hazırlığı";"yerel";"2";"https://cbinsaat.com/hizmetler/sap-zemin-hazirligi/arguvan/";"title ve H1";"Kaba İnşaat"
"battalgazi duvar örme ve kırım işleri";"yerel";"2";"https://cbinsaat.com/hizmetler/duvar-orme/battalgazi/";"title ve H1";"Kaba İnşaat"
"battalgazi kaba inşaat işleri";"yerel";"2";"https://cbinsaat.com/hizmetler/kaba-insaat/battalgazi/";"title ve H1";"Kaba İnşaat"
"battalgazi şap ve zemin hazırlığı";"yerel";"2";"https://cbinsaat.com/hizmetler/sap-zemin-hazirligi/battalgazi/";"title ve H1";"Kaba İnşaat"
"betonarme uygulama malatya";"ticari";"2";"https://cbinsaat.com/hizmetler/kaba-insaat/";"gövde ve SSS";"Kaba İnşaat"
"bölme duvar malatya";"ticari";"2";"https://cbinsaat.com/hizmetler/duvar-orme/";"gövde ve SSS";"Kaba İnşaat"
"darende duvar örme ve kırım işleri";"yerel";"2";"https://cbinsaat.com/hizmetler/duvar-orme/darende/";"title ve H1";"Kaba İnşaat"
"darende kaba inşaat işleri";"yerel";"2";"https://cbinsaat.com/hizmetler/kaba-insaat/darende/";"title ve H1";"Kaba İnşaat"
"darende şap ve zemin hazırlığı";"yerel";"2";"https://cbinsaat.com/hizmetler/sap-zemin-hazirligi/darende/";"title ve H1";"Kaba İnşaat"
"doğanşehir duvar örme ve kırım işleri";"yerel";"2";"https://cbinsaat.com/hizmetler/duvar-orme/dogansehir/";"title ve H1";"Kaba İnşaat"
"doğanşehir kaba inşaat işleri";"yerel";"2";"https://cbinsaat.com/hizmetler/kaba-insaat/dogansehir/";"title ve H1";"Kaba İnşaat"
"doğanşehir şap ve zemin hazırlığı";"yerel";"2";"https://cbinsaat.com/hizmetler/sap-zemin-hazirligi/dogansehir/";"title ve H1";"Kaba İnşaat"
"doğanyol duvar örme ve kırım işleri";"yerel";"2";"https://cbinsaat.com/hizmetler/duvar-orme/doganyol/";"title ve H1";"Kaba İnşaat"
"doğanyol kaba inşaat işleri";"yerel";"2";"https://cbinsaat.com/hizmetler/kaba-insaat/doganyol/";"title ve H1";"Kaba İnşaat"
"doğanyol şap ve zemin hazırlığı";"yerel";"2";"https://cbinsaat.com/hizmetler/sap-zemin-hazirligi/doganyol/";"title ve H1";"Kaba İnşaat"
"duvar örme ve kırım işleri malatya";"ticari";"2";"https://cbinsaat.com/hizmetler/duvar-orme/";"gövde metni";"Kaba İnşaat"
"hekimhan duvar örme ve kırım işleri";"yerel";"2";"https://cbinsaat.com/hizmetler/duvar-orme/hekimhan/";"title ve H1";"Kaba İnşaat"
"hekimhan kaba inşaat işleri";"yerel";"2";"https://cbinsaat.com/hizmetler/kaba-insaat/hekimhan/";"title ve H1";"Kaba İnşaat"
"hekimhan şap ve zemin hazırlığı";"yerel";"2";"https://cbinsaat.com/hizmetler/sap-zemin-hazirligi/hekimhan/";"title ve H1";"Kaba İnşaat"
"iç duvar yıkma malatya";"ticari";"2";"https://cbinsaat.com/hizmetler/duvar-orme/";"gövde ve SSS";"Kaba İnşaat"
"kaba inşaat fiyatları malatya";"ticari";"2";"https://cbinsaat.com/hizmetler/kaba-insaat/";"gövde ve SSS";"Kaba İnşaat"
"kaba inşaat işleri malatya";"ticari";"2";"https://cbinsaat.com/hizmetler/kaba-insaat/";"gövde metni";"Kaba İnşaat"
"kale duvar örme ve kırım işleri";"yerel";"2";"https://cbinsaat.com/hizmetler/duvar-orme/kale/";"title ve H1";"Kaba İnşaat"
"kale kaba inşaat işleri";"yerel";"2";"https://cbinsaat.com/hizmetler/kaba-insaat/kale/";"title ve H1";"Kaba İnşaat"
"kale şap ve zemin hazırlığı";"yerel";"2";"https://cbinsaat.com/hizmetler/sap-zemin-hazirligi/kale/";"title ve H1";"Kaba İnşaat"
"kırım ve moloz tahliyesi";"ticari";"2";"https://cbinsaat.com/hizmetler/duvar-orme/";"gövde ve SSS";"Kaba İnşaat"
"kuluncak duvar örme ve kırım işleri";"yerel";"2";"https://cbinsaat.com/hizmetler/duvar-orme/kuluncak/";"title ve H1";"Kaba İnşaat"
"kuluncak kaba inşaat işleri";"yerel";"2";"https://cbinsaat.com/hizmetler/kaba-insaat/kuluncak/";"title ve H1";"Kaba İnşaat"
"kuluncak şap ve zemin hazırlığı";"yerel";"2";"https://cbinsaat.com/hizmetler/sap-zemin-hazirligi/kuluncak/";"title ve H1";"Kaba İnşaat"
"malatya duvar örme";"ticari";"2";"https://cbinsaat.com/hizmetler/duvar-orme/";"gövde ve SSS";"Kaba İnşaat"
"malatya duvar örme ve kırım işleri firması";"ticari";"2";"https://cbinsaat.com/hizmetler/duvar-orme/";"gövde metni";"Kaba İnşaat"
"malatya duvar örme ve kırım işleri fiyatları";"ticari";"2";"https://cbinsaat.com/hizmetler/duvar-orme/";"fiyatı ne belirler bölümü";"Kaba İnşaat"
"malatya kaba inşaat";"ticari";"2";"https://cbinsaat.com/hizmetler/kaba-insaat/";"gövde ve SSS";"Kaba İnşaat"
"malatya kaba inşaat işleri firması";"ticari";"2";"https://cbinsaat.com/hizmetler/kaba-insaat/";"gövde metni";"Kaba İnşaat"
"malatya kaba inşaat işleri fiyatları";"ticari";"2";"https://cbinsaat.com/hizmetler/kaba-insaat/";"fiyatı ne belirler bölümü";"Kaba İnşaat"
"malatya kalıp demir beton";"ticari";"2";"https://cbinsaat.com/hizmetler/kaba-insaat/";"gövde ve SSS";"Kaba İnşaat"
"malatya şap dökümü";"ticari";"2";"https://cbinsaat.com/hizmetler/sap-zemin-hazirligi/";"gövde ve SSS";"Kaba İnşaat"
"malatya şap ve zemin hazırlığı firması";"ticari";"2";"https://cbinsaat.com/hizmetler/sap-zemin-hazirligi/";"gövde metni";"Kaba İnşaat"
"malatya şap ve zemin hazırlığı fiyatları";"ticari";"2";"https://cbinsaat.com/hizmetler/sap-zemin-hazirligi/";"fiyatı ne belirler bölümü";"Kaba İnşaat"
"pütürge duvar örme ve kırım işleri";"yerel";"2";"https://cbinsaat.com/hizmetler/duvar-orme/puturge/";"title ve H1";"Kaba İnşaat"
"pütürge kaba inşaat işleri";"yerel";"2";"https://cbinsaat.com/hizmetler/kaba-insaat/puturge/";"title ve H1";"Kaba İnşaat"
"pütürge şap ve zemin hazırlığı";"yerel";"2";"https://cbinsaat.com/hizmetler/sap-zemin-hazirligi/puturge/";"title ve H1";"Kaba İnşaat"
"şap fiyatları malatya";"ticari";"2";"https://cbinsaat.com/hizmetler/sap-zemin-hazirligi/";"gövde ve SSS";"Kaba İnşaat"
"şap ve zemin hazırlığı malatya";"ticari";"2";"https://cbinsaat.com/hizmetler/sap-zemin-hazirligi/";"gövde metni";"Kaba İnşaat"
"yazıhan duvar örme ve kırım işleri";"yerel";"2";"https://cbinsaat.com/hizmetler/duvar-orme/yazihan/";"title ve H1";"Kaba İnşaat"
"yazıhan kaba inşaat işleri";"yerel";"2";"https://cbinsaat.com/hizmetler/kaba-insaat/yazihan/";"title ve H1";"Kaba İnşaat"
"yazıhan şap ve zemin hazırlığı";"yerel";"2";"https://cbinsaat.com/hizmetler/sap-zemin-hazirligi/yazihan/";"title ve H1";"Kaba İnşaat"
"yerden ısıtma şapı";"ticari";"2";"https://cbinsaat.com/hizmetler/sap-zemin-hazirligi/";"gövde ve SSS";"Kaba İnşaat"
"yeşilyurt duvar örme ve kırım işleri";"yerel";"2";"https://cbinsaat.com/hizmetler/duvar-orme/yesilyurt/";"title ve H1";"Kaba İnşaat"
"yeşilyurt kaba inşaat işleri";"yerel";"2";"https://cbinsaat.com/hizmetler/kaba-insaat/yesilyurt/";"title ve H1";"Kaba İnşaat"
"yeşilyurt şap ve zemin hazırlığı";"yerel";"2";"https://cbinsaat.com/hizmetler/sap-zemin-hazirligi/yesilyurt/";"title ve H1";"Kaba İnşaat"
"zemin tesviye malatya";"ticari";"2";"https://cbinsaat.com/hizmetler/sap-zemin-hazirligi/";"gövde ve SSS";"Kaba İnşaat"
"malatya güvenilir tadilat firması";"ticari";"2";"https://cbinsaat.com/hakkimizda/";"gövde metni";"Marka"
"malatya iç dekorasyon firması";"ticari";"2";"https://cbinsaat.com/hizmetler/anahtar-teslim-tadilat/";"gövde metni";"Marka"
"malatya tadilat ustası";"ticari";"2";"https://cbinsaat.com/hizmetler/anahtar-teslim-tadilat/";"SSS";"Marka"
"malatya tadilat ve dekorasyon";"ticari";"2";"https://cbinsaat.com/hizmetler/anahtar-teslim-tadilat/";"gövde metni";"Marka"
"akçadağ banyo tadilatı";"yerel";"2";"https://cbinsaat.com/hizmetler/banyo-tadilati/akcadag/";"title ve H1";"Mutfak ve Banyo"
"akçadağ duşakabin ve duş teknesi montajı";"yerel";"2";"https://cbinsaat.com/hizmetler/dusakabin-montaji/akcadag/";"title ve H1";"Mutfak ve Banyo"
"akçadağ mutfak tadilatı";"yerel";"2";"https://cbinsaat.com/hizmetler/mutfak-tadilati/akcadag/";"title ve H1";"Mutfak ve Banyo"
"akçadağ vitrifiye ve armatür montajı";"yerel";"2";"https://cbinsaat.com/hizmetler/vitrifiye-armatur-montaji/akcadag/";"title ve H1";"Mutfak ve Banyo"
"arapgir banyo tadilatı";"yerel";"2";"https://cbinsaat.com/hizmetler/banyo-tadilati/arapgir/";"title ve H1";"Mutfak ve Banyo"
"arapgir duşakabin ve duş teknesi montajı";"yerel";"2";"https://cbinsaat.com/hizmetler/dusakabin-montaji/arapgir/";"title ve H1";"Mutfak ve Banyo"
"arapgir mutfak tadilatı";"yerel";"2";"https://cbinsaat.com/hizmetler/mutfak-tadilati/arapgir/";"title ve H1";"Mutfak ve Banyo"
"arapgir vitrifiye ve armatür montajı";"yerel";"2";"https://cbinsaat.com/hizmetler/vitrifiye-armatur-montaji/arapgir/";"title ve H1";"Mutfak ve Banyo"
"arguvan banyo tadilatı";"yerel";"2";"https://cbinsaat.com/hizmetler/banyo-tadilati/arguvan/";"title ve H1";"Mutfak ve Banyo"
"arguvan duşakabin ve duş teknesi montajı";"yerel";"2";"https://cbinsaat.com/hizmetler/dusakabin-montaji/arguvan/";"title ve H1";"Mutfak ve Banyo"
"arguvan mutfak tadilatı";"yerel";"2";"https://cbinsaat.com/hizmetler/mutfak-tadilati/arguvan/";"title ve H1";"Mutfak ve Banyo"
"arguvan vitrifiye ve armatür montajı";"yerel";"2";"https://cbinsaat.com/hizmetler/vitrifiye-armatur-montaji/arguvan/";"title ve H1";"Mutfak ve Banyo"
"banyo su yalıtımı";"ticari";"2";"https://cbinsaat.com/hizmetler/banyo-tadilati/";"gövde ve SSS";"Mutfak ve Banyo"
"banyo tadilatı fiyatları";"ticari";"2";"https://cbinsaat.com/hizmetler/banyo-tadilati/";"gövde ve SSS";"Mutfak ve Banyo"
"banyo tadilatı malatya";"ticari";"2";"https://cbinsaat.com/hizmetler/banyo-tadilati/";"gövde metni";"Mutfak ve Banyo"
"batarya değişimi";"ticari";"2";"https://cbinsaat.com/hizmetler/vitrifiye-armatur-montaji/";"gövde ve SSS";"Mutfak ve Banyo"
"battalgazi banyo tadilatı";"yerel";"2";"https://cbinsaat.com/hizmetler/banyo-tadilati/battalgazi/";"title ve H1";"Mutfak ve Banyo"
"battalgazi duşakabin ve duş teknesi montajı";"yerel";"2";"https://cbinsaat.com/hizmetler/dusakabin-montaji/battalgazi/";"title ve H1";"Mutfak ve Banyo"
"battalgazi mutfak tadilatı";"yerel";"2";"https://cbinsaat.com/hizmetler/mutfak-tadilati/battalgazi/";"title ve H1";"Mutfak ve Banyo"
"battalgazi vitrifiye ve armatür montajı";"yerel";"2";"https://cbinsaat.com/hizmetler/vitrifiye-armatur-montaji/battalgazi/";"title ve H1";"Mutfak ve Banyo"
"darende banyo tadilatı";"yerel";"2";"https://cbinsaat.com/hizmetler/banyo-tadilati/darende/";"title ve H1";"Mutfak ve Banyo"
"darende duşakabin ve duş teknesi montajı";"yerel";"2";"https://cbinsaat.com/hizmetler/dusakabin-montaji/darende/";"title ve H1";"Mutfak ve Banyo"
"darende mutfak tadilatı";"yerel";"2";"https://cbinsaat.com/hizmetler/mutfak-tadilati/darende/";"title ve H1";"Mutfak ve Banyo"
"darende vitrifiye ve armatür montajı";"yerel";"2";"https://cbinsaat.com/hizmetler/vitrifiye-armatur-montaji/darende/";"title ve H1";"Mutfak ve Banyo"
"doğanşehir banyo tadilatı";"yerel";"2";"https://cbinsaat.com/hizmetler/banyo-tadilati/dogansehir/";"title ve H1";"Mutfak ve Banyo"
"doğanşehir duşakabin ve duş teknesi montajı";"yerel";"2";"https://cbinsaat.com/hizmetler/dusakabin-montaji/dogansehir/";"title ve H1";"Mutfak ve Banyo"
"doğanşehir mutfak tadilatı";"yerel";"2";"https://cbinsaat.com/hizmetler/mutfak-tadilati/dogansehir/";"title ve H1";"Mutfak ve Banyo"
"doğanşehir vitrifiye ve armatür montajı";"yerel";"2";"https://cbinsaat.com/hizmetler/vitrifiye-armatur-montaji/dogansehir/";"title ve H1";"Mutfak ve Banyo"
"doğanyol banyo tadilatı";"yerel";"2";"https://cbinsaat.com/hizmetler/banyo-tadilati/doganyol/";"title ve H1";"Mutfak ve Banyo"
"doğanyol duşakabin ve duş teknesi montajı";"yerel";"2";"https://cbinsaat.com/hizmetler/dusakabin-montaji/doganyol/";"title ve H1";"Mutfak ve Banyo"
"doğanyol mutfak tadilatı";"yerel";"2";"https://cbinsaat.com/hizmetler/mutfak-tadilati/doganyol/";"title ve H1";"Mutfak ve Banyo"
"doğanyol vitrifiye ve armatür montajı";"yerel";"2";"https://cbinsaat.com/hizmetler/vitrifiye-armatur-montaji/doganyol/";"title ve H1";"Mutfak ve Banyo"
"duş teknesi montajı";"ticari";"2";"https://cbinsaat.com/hizmetler/dusakabin-montaji/";"gövde ve SSS";"Mutfak ve Banyo"
"duşakabin conta değişimi";"ticari";"2";"https://cbinsaat.com/hizmetler/dusakabin-montaji/";"gövde ve SSS";"Mutfak ve Banyo"
"duşakabin tamiri";"ticari";"2";"https://cbinsaat.com/hizmetler/dusakabin-montaji/";"gövde ve SSS";"Mutfak ve Banyo"
"duşakabin ve duş teknesi montajı malatya";"ticari";"2";"https://cbinsaat.com/hizmetler/dusakabin-montaji/";"gövde metni";"Mutfak ve Banyo"
"hekimhan banyo tadilatı";"yerel";"2";"https://cbinsaat.com/hizmetler/banyo-tadilati/hekimhan/";"title ve H1";"Mutfak ve Banyo"
"hekimhan duşakabin ve duş teknesi montajı";"yerel";"2";"https://cbinsaat.com/hizmetler/dusakabin-montaji/hekimhan/";"title ve H1";"Mutfak ve Banyo"
"hekimhan mutfak tadilatı";"yerel";"2";"https://cbinsaat.com/hizmetler/mutfak-tadilati/hekimhan/";"title ve H1";"Mutfak ve Banyo"
"hekimhan vitrifiye ve armatür montajı";"yerel";"2";"https://cbinsaat.com/hizmetler/vitrifiye-armatur-montaji/hekimhan/";"title ve H1";"Mutfak ve Banyo"
"kale banyo tadilatı";"yerel";"2";"https://cbinsaat.com/hizmetler/banyo-tadilati/kale/";"title ve H1";"Mutfak ve Banyo"
"kale duşakabin ve duş teknesi montajı";"yerel";"2";"https://cbinsaat.com/hizmetler/dusakabin-montaji/kale/";"title ve H1";"Mutfak ve Banyo"
"kale mutfak tadilatı";"yerel";"2";"https://cbinsaat.com/hizmetler/mutfak-tadilati/kale/";"title ve H1";"Mutfak ve Banyo"
"kale vitrifiye ve armatür montajı";"yerel";"2";"https://cbinsaat.com/hizmetler/vitrifiye-armatur-montaji/kale/";"title ve H1";"Mutfak ve Banyo"
"komple banyo yenileme";"ticari";"2";"https://cbinsaat.com/hizmetler/banyo-tadilati/";"gövde ve SSS";"Mutfak ve Banyo"
"komple mutfak yenileme";"ticari";"2";"https://cbinsaat.com/hizmetler/mutfak-tadilati/";"gövde ve SSS";"Mutfak ve Banyo"
"kuluncak banyo tadilatı";"yerel";"2";"https://cbinsaat.com/hizmetler/banyo-tadilati/kuluncak/";"title ve H1";"Mutfak ve Banyo"
"kuluncak duşakabin ve duş teknesi montajı";"yerel";"2";"https://cbinsaat.com/hizmetler/dusakabin-montaji/kuluncak/";"title ve H1";"Mutfak ve Banyo"
"kuluncak mutfak tadilatı";"yerel";"2";"https://cbinsaat.com/hizmetler/mutfak-tadilati/kuluncak/";"title ve H1";"Mutfak ve Banyo"
"kuluncak vitrifiye ve armatür montajı";"yerel";"2";"https://cbinsaat.com/hizmetler/vitrifiye-armatur-montaji/kuluncak/";"title ve H1";"Mutfak ve Banyo"
"lavabo montajı";"ticari";"2";"https://cbinsaat.com/hizmetler/vitrifiye-armatur-montaji/";"gövde ve SSS";"Mutfak ve Banyo"
"malatya banyo tadilatı firması";"ticari";"2";"https://cbinsaat.com/hizmetler/banyo-tadilati/";"gövde metni";"Mutfak ve Banyo"
"malatya banyo tadilatı fiyatları";"ticari";"2";"https://cbinsaat.com/hizmetler/banyo-tadilati/";"fiyatı ne belirler bölümü";"Mutfak ve Banyo"
"malatya duşakabin montajı";"ticari";"2";"https://cbinsaat.com/hizmetler/dusakabin-montaji/";"gövde ve SSS";"Mutfak ve Banyo"
"malatya duşakabin ve duş teknesi montajı firması";"ticari";"2";"https://cbinsaat.com/hizmetler/dusakabin-montaji/";"gövde metni";"Mutfak ve Banyo"
"malatya duşakabin ve duş teknesi montajı fiyatları";"ticari";"2";"https://cbinsaat.com/hizmetler/dusakabin-montaji/";"fiyatı ne belirler bölümü";"Mutfak ve Banyo"
"malatya fayans ustası";"ticari";"2";"https://cbinsaat.com/hizmetler/banyo-tadilati/";"gövde ve SSS";"Mutfak ve Banyo"
"malatya klozet montajı";"ticari";"2";"https://cbinsaat.com/hizmetler/vitrifiye-armatur-montaji/";"gövde ve SSS";"Mutfak ve Banyo"
"malatya mutfak dolabı";"ticari";"2";"https://cbinsaat.com/hizmetler/mutfak-tadilati/";"gövde ve SSS";"Mutfak ve Banyo"
"malatya mutfak tadilatı firması";"ticari";"2";"https://cbinsaat.com/hizmetler/mutfak-tadilati/";"gövde metni";"Mutfak ve Banyo"
"malatya mutfak tadilatı fiyatları";"ticari";"2";"https://cbinsaat.com/hizmetler/mutfak-tadilati/";"fiyatı ne belirler bölümü";"Mutfak ve Banyo"
"malatya vitrifiye ve armatür montajı firması";"ticari";"2";"https://cbinsaat.com/hizmetler/vitrifiye-armatur-montaji/";"gövde metni";"Mutfak ve Banyo"
"malatya vitrifiye ve armatür montajı fiyatları";"ticari";"2";"https://cbinsaat.com/hizmetler/vitrifiye-armatur-montaji/";"fiyatı ne belirler bölümü";"Mutfak ve Banyo"
"mutfak tadilatı malatya";"ticari";"2";"https://cbinsaat.com/hizmetler/mutfak-tadilati/";"gövde metni";"Mutfak ve Banyo"
"mutfak tezgahı malatya";"ticari";"2";"https://cbinsaat.com/hizmetler/mutfak-tadilati/";"gövde ve SSS";"Mutfak ve Banyo"
"mutfak yenileme fiyatları";"ticari";"2";"https://cbinsaat.com/hizmetler/mutfak-tadilati/";"gövde ve SSS";"Mutfak ve Banyo"
"pütürge banyo tadilatı";"yerel";"2";"https://cbinsaat.com/hizmetler/banyo-tadilati/puturge/";"title ve H1";"Mutfak ve Banyo"
"pütürge duşakabin ve duş teknesi montajı";"yerel";"2";"https://cbinsaat.com/hizmetler/dusakabin-montaji/puturge/";"title ve H1";"Mutfak ve Banyo"
"pütürge mutfak tadilatı";"yerel";"2";"https://cbinsaat.com/hizmetler/mutfak-tadilati/puturge/";"title ve H1";"Mutfak ve Banyo"
"pütürge vitrifiye ve armatür montajı";"yerel";"2";"https://cbinsaat.com/hizmetler/vitrifiye-armatur-montaji/puturge/";"title ve H1";"Mutfak ve Banyo"
"rezervuar tamiri";"ticari";"2";"https://cbinsaat.com/hizmetler/vitrifiye-armatur-montaji/";"gövde ve SSS";"Mutfak ve Banyo"
"vitrifiye montaj";"ticari";"2";"https://cbinsaat.com/hizmetler/vitrifiye-armatur-montaji/";"gövde ve SSS";"Mutfak ve Banyo"
"vitrifiye ve armatür montajı malatya";"ticari";"2";"https://cbinsaat.com/hizmetler/vitrifiye-armatur-montaji/";"gövde metni";"Mutfak ve Banyo"
"yazıhan banyo tadilatı";"yerel";"2";"https://cbinsaat.com/hizmetler/banyo-tadilati/yazihan/";"title ve H1";"Mutfak ve Banyo"
"yazıhan duşakabin ve duş teknesi montajı";"yerel";"2";"https://cbinsaat.com/hizmetler/dusakabin-montaji/yazihan/";"title ve H1";"Mutfak ve Banyo"
"yazıhan mutfak tadilatı";"yerel";"2";"https://cbinsaat.com/hizmetler/mutfak-tadilati/yazihan/";"title ve H1";"Mutfak ve Banyo"
"yazıhan vitrifiye ve armatür montajı";"yerel";"2";"https://cbinsaat.com/hizmetler/vitrifiye-armatur-montaji/yazihan/";"title ve H1";"Mutfak ve Banyo"
"yeşilyurt banyo tadilatı";"yerel";"2";"https://cbinsaat.com/hizmetler/banyo-tadilati/yesilyurt/";"title ve H1";"Mutfak ve Banyo"
"yeşilyurt duşakabin ve duş teknesi montajı";"yerel";"2";"https://cbinsaat.com/hizmetler/dusakabin-montaji/yesilyurt/";"title ve H1";"Mutfak ve Banyo"
"yeşilyurt mutfak tadilatı";"yerel";"2";"https://cbinsaat.com/hizmetler/mutfak-tadilati/yesilyurt/";"title ve H1";"Mutfak ve Banyo"
"yeşilyurt vitrifiye ve armatür montajı";"yerel";"2";"https://cbinsaat.com/hizmetler/vitrifiye-armatur-montaji/yesilyurt/";"title ve H1";"Mutfak ve Banyo"
"acil elektrikçi";"islem";"2";"https://cbinsaat.com/acil-elektrikci/";"H1";"Niyet"
"acil kaçak bulma";"islem";"2";"https://cbinsaat.com/acil-su-kacagi/";"gövde metni";"Niyet"
"acil su kaçağı tespiti";"islem";"2";"https://cbinsaat.com/acil-su-kacagi/";"H1";"Niyet"
"acil su tesisatçısı";"islem";"2";"https://cbinsaat.com/acil-tesisatci/";"gövde metni";"Niyet"
"acil tesisatçı";"islem";"2";"https://cbinsaat.com/acil-tesisatci/";"H1";"Niyet"
"alt kata su sızıyor";"islem";"2";"https://cbinsaat.com/acil-su-kacagi/";"gövde metni";"Niyet"
"damlama sulama kurulumu";"islem";"2";"https://cbinsaat.com/en-yakin-sulama-ustasi/";"gövde metni";"Niyet"
"elektrik arıza acil";"islem";"2";"https://cbinsaat.com/acil-elektrikci/";"gövde metni";"Niyet"
"en yakın elektrikçi";"islem";"2";"https://cbinsaat.com/en-yakin-elektrikci/";"H1";"Niyet"
"en yakın sulama ustası";"islem";"2";"https://cbinsaat.com/en-yakin-sulama-ustasi/";"H1";"Niyet"
"en yakın tesisatçı";"islem";"2";"https://cbinsaat.com/en-yakin-tesisatci/";"H1";"Niyet"
"gece elektrikçi malatya";"islem";"2";"https://cbinsaat.com/acil-elektrikci/";"gövde metni";"Niyet"
"kuyu pompası ustası";"islem";"2";"https://cbinsaat.com/en-yakin-sulama-ustasi/";"gövde metni";"Niyet"
"mahallemde elektrikçi";"islem";"2";"https://cbinsaat.com/en-yakin-elektrikci/";"gövde metni";"Niyet"
"mahallemde su tesisatçısı";"islem";"2";"https://cbinsaat.com/en-yakin-tesisatci/";"gövde metni";"Niyet"
"malatya su kaçağı tespiti acil";"islem";"2";"https://cbinsaat.com/acil-su-kacagi/";"gövde metni";"Niyet"
"malatya sucu";"islem";"2";"https://cbinsaat.com/en-yakin-tesisatci/";"gövde metni";"Niyet"
"malatya sulama ustası";"islem";"2";"https://cbinsaat.com/en-yakin-sulama-ustasi/";"gövde metni";"Niyet"
"patlak boru malatya";"islem";"2";"https://cbinsaat.com/acil-tesisatci/";"gövde metni";"Niyet"
"su baskını müdahale";"islem";"2";"https://cbinsaat.com/acil-tesisatci/";"gövde metni";"Niyet"
"yakınımdaki elektrikçi";"islem";"2";"https://cbinsaat.com/en-yakin-elektrikci/";"gövde metni";"Niyet"
"yakınımdaki tesisatçı";"islem";"2";"https://cbinsaat.com/en-yakin-tesisatci/";"gövde metni";"Niyet"
"akçadağ anahtar teslim sulama sistemi";"yerel";"2";"https://cbinsaat.com/hizmetler/anahtar-teslim-sulama-sistemi/akcadag/";"title ve H1";"Pompa ve Sulama"
"akçadağ bahçe sulama sistemleri";"yerel";"2";"https://cbinsaat.com/hizmetler/bahce-sulama/akcadag/";"title ve H1";"Pompa ve Sulama"
"akçadağ güneş enerjisi su sistemi";"yerel";"2";"https://cbinsaat.com/hizmetler/gunes-enerjisi-su-sistemi/akcadag/";"title ve H1";"Pompa ve Sulama"
"akçadağ hidrofor tamiri";"yerel";"2";"https://cbinsaat.com/hizmetler/hidrofor-tamiri/akcadag/";"title ve H1";"Pompa ve Sulama"
"akçadağ hidrofor ve pompa sistemleri";"yerel";"2";"https://cbinsaat.com/hizmetler/hidrofor-pompa-sistemleri/akcadag/";"title ve H1";"Pompa ve Sulama"
"akçadağ kayısı bahçesi sulama sistemi";"yerel";"2";"https://cbinsaat.com/hizmetler/kayisi-bahcesi-sulama/akcadag/";"title ve H1";"Pompa ve Sulama"
"akçadağ sera elektrik ve sulama sistemi";"yerel";"2";"https://cbinsaat.com/hizmetler/sera-elektrik-sulama/akcadag/";"title ve H1";"Pompa ve Sulama"
"akçadağ tarımsal sulama sistemleri";"yerel";"2";"https://cbinsaat.com/hizmetler/tarimsal-sulama-sistemleri/akcadag/";"title ve H1";"Pompa ve Sulama"
"anahtar teslim sulama sistemi malatya";"ticari";"2";"https://cbinsaat.com/hizmetler/anahtar-teslim-sulama-sistemi/";"gövde metni";"Pompa ve Sulama"
"arapgir anahtar teslim sulama sistemi";"yerel";"2";"https://cbinsaat.com/hizmetler/anahtar-teslim-sulama-sistemi/arapgir/";"title ve H1";"Pompa ve Sulama"
"arapgir bahçe sulama sistemleri";"yerel";"2";"https://cbinsaat.com/hizmetler/bahce-sulama/arapgir/";"title ve H1";"Pompa ve Sulama"
"arapgir güneş enerjisi su sistemi";"yerel";"2";"https://cbinsaat.com/hizmetler/gunes-enerjisi-su-sistemi/arapgir/";"title ve H1";"Pompa ve Sulama"
"arapgir hidrofor tamiri";"yerel";"2";"https://cbinsaat.com/hizmetler/hidrofor-tamiri/arapgir/";"title ve H1";"Pompa ve Sulama"
"arapgir hidrofor ve pompa sistemleri";"yerel";"2";"https://cbinsaat.com/hizmetler/hidrofor-pompa-sistemleri/arapgir/";"title ve H1";"Pompa ve Sulama"
"arapgir kayısı bahçesi sulama sistemi";"yerel";"2";"https://cbinsaat.com/hizmetler/kayisi-bahcesi-sulama/arapgir/";"title ve H1";"Pompa ve Sulama"
"arapgir sera elektrik ve sulama sistemi";"yerel";"2";"https://cbinsaat.com/hizmetler/sera-elektrik-sulama/arapgir/";"title ve H1";"Pompa ve Sulama"
"arapgir tarımsal sulama sistemleri";"yerel";"2";"https://cbinsaat.com/hizmetler/tarimsal-sulama-sistemleri/arapgir/";"title ve H1";"Pompa ve Sulama"
"arazi sulama sistemi";"ticari";"2";"https://cbinsaat.com/hizmetler/anahtar-teslim-sulama-sistemi/";"gövde ve SSS";"Pompa ve Sulama"
"arguvan anahtar teslim sulama sistemi";"yerel";"2";"https://cbinsaat.com/hizmetler/anahtar-teslim-sulama-sistemi/arguvan/";"title ve H1";"Pompa ve Sulama"
"arguvan bahçe sulama sistemleri";"yerel";"2";"https://cbinsaat.com/hizmetler/bahce-sulama/arguvan/";"title ve H1";"Pompa ve Sulama"
"arguvan güneş enerjisi su sistemi";"yerel";"2";"https://cbinsaat.com/hizmetler/gunes-enerjisi-su-sistemi/arguvan/";"title ve H1";"Pompa ve Sulama"
"arguvan hidrofor tamiri";"yerel";"2";"https://cbinsaat.com/hizmetler/hidrofor-tamiri/arguvan/";"title ve H1";"Pompa ve Sulama"
"arguvan hidrofor ve pompa sistemleri";"yerel";"2";"https://cbinsaat.com/hizmetler/hidrofor-pompa-sistemleri/arguvan/";"title ve H1";"Pompa ve Sulama"
"arguvan kayısı bahçesi sulama sistemi";"yerel";"2";"https://cbinsaat.com/hizmetler/kayisi-bahcesi-sulama/arguvan/";"title ve H1";"Pompa ve Sulama"
"arguvan sera elektrik ve sulama sistemi";"yerel";"2";"https://cbinsaat.com/hizmetler/sera-elektrik-sulama/arguvan/";"title ve H1";"Pompa ve Sulama"
"arguvan tarımsal sulama sistemleri";"yerel";"2";"https://cbinsaat.com/hizmetler/tarimsal-sulama-sistemleri/arguvan/";"title ve H1";"Pompa ve Sulama"
"bahçe sulama malatya";"ticari";"2";"https://cbinsaat.com/hizmetler/kayisi-bahcesi-sulama/";"gövde ve SSS";"Pompa ve Sulama"
"bahçe sulama sistemleri malatya";"ticari";"2";"https://cbinsaat.com/hizmetler/bahce-sulama/";"gövde metni";"Pompa ve Sulama"
"basınç tankı";"ticari";"2";"https://cbinsaat.com/hizmetler/hidrofor-tamiri/";"gövde ve SSS";"Pompa ve Sulama"
"battalgazi anahtar teslim sulama sistemi";"yerel";"2";"https://cbinsaat.com/hizmetler/anahtar-teslim-sulama-sistemi/battalgazi/";"title ve H1";"Pompa ve Sulama"
"battalgazi bahçe sulama sistemleri";"yerel";"2";"https://cbinsaat.com/hizmetler/bahce-sulama/battalgazi/";"title ve H1";"Pompa ve Sulama"
"battalgazi güneş enerjisi su sistemi";"yerel";"2";"https://cbinsaat.com/hizmetler/gunes-enerjisi-su-sistemi/battalgazi/";"title ve H1";"Pompa ve Sulama"
"battalgazi hidrofor tamiri";"yerel";"2";"https://cbinsaat.com/hizmetler/hidrofor-tamiri/battalgazi/";"title ve H1";"Pompa ve Sulama"
"battalgazi hidrofor ve pompa sistemleri";"yerel";"2";"https://cbinsaat.com/hizmetler/hidrofor-pompa-sistemleri/battalgazi/";"title ve H1";"Pompa ve Sulama"
"battalgazi kayısı bahçesi sulama sistemi";"yerel";"2";"https://cbinsaat.com/hizmetler/kayisi-bahcesi-sulama/battalgazi/";"title ve H1";"Pompa ve Sulama"
"battalgazi sera elektrik ve sulama sistemi";"yerel";"2";"https://cbinsaat.com/hizmetler/sera-elektrik-sulama/battalgazi/";"title ve H1";"Pompa ve Sulama"
"battalgazi tarımsal sulama sistemleri";"yerel";"2";"https://cbinsaat.com/hizmetler/tarimsal-sulama-sistemleri/battalgazi/";"title ve H1";"Pompa ve Sulama"
"bina su basınçlandırma";"ticari";"2";"https://cbinsaat.com/hizmetler/hidrofor-pompa-sistemleri/";"gövde ve SSS";"Pompa ve Sulama"
"dalgıç pompa malatya";"ticari";"2";"https://cbinsaat.com/hizmetler/hidrofor-pompa-sistemleri/";"gövde ve SSS";"Pompa ve Sulama"
"damlama sulama projesi";"ticari";"2";"https://cbinsaat.com/hizmetler/anahtar-teslim-sulama-sistemi/";"gövde ve SSS";"Pompa ve Sulama"
"darende anahtar teslim sulama sistemi";"yerel";"2";"https://cbinsaat.com/hizmetler/anahtar-teslim-sulama-sistemi/darende/";"title ve H1";"Pompa ve Sulama"
"darende bahçe sulama sistemleri";"yerel";"2";"https://cbinsaat.com/hizmetler/bahce-sulama/darende/";"title ve H1";"Pompa ve Sulama"
"darende güneş enerjisi su sistemi";"yerel";"2";"https://cbinsaat.com/hizmetler/gunes-enerjisi-su-sistemi/darende/";"title ve H1";"Pompa ve Sulama"
"darende hidrofor tamiri";"yerel";"2";"https://cbinsaat.com/hizmetler/hidrofor-tamiri/darende/";"title ve H1";"Pompa ve Sulama"
"darende hidrofor ve pompa sistemleri";"yerel";"2";"https://cbinsaat.com/hizmetler/hidrofor-pompa-sistemleri/darende/";"title ve H1";"Pompa ve Sulama"
"darende kayısı bahçesi sulama sistemi";"yerel";"2";"https://cbinsaat.com/hizmetler/kayisi-bahcesi-sulama/darende/";"title ve H1";"Pompa ve Sulama"
"darende sera elektrik ve sulama sistemi";"yerel";"2";"https://cbinsaat.com/hizmetler/sera-elektrik-sulama/darende/";"title ve H1";"Pompa ve Sulama"
"darende tarımsal sulama sistemleri";"yerel";"2";"https://cbinsaat.com/hizmetler/tarimsal-sulama-sistemleri/darende/";"title ve H1";"Pompa ve Sulama"
"doğanşehir anahtar teslim sulama sistemi";"yerel";"2";"https://cbinsaat.com/hizmetler/anahtar-teslim-sulama-sistemi/dogansehir/";"title ve H1";"Pompa ve Sulama"
"doğanşehir bahçe sulama sistemleri";"yerel";"2";"https://cbinsaat.com/hizmetler/bahce-sulama/dogansehir/";"title ve H1";"Pompa ve Sulama"
"doğanşehir güneş enerjisi su sistemi";"yerel";"2";"https://cbinsaat.com/hizmetler/gunes-enerjisi-su-sistemi/dogansehir/";"title ve H1";"Pompa ve Sulama"
"doğanşehir hidrofor tamiri";"yerel";"2";"https://cbinsaat.com/hizmetler/hidrofor-tamiri/dogansehir/";"title ve H1";"Pompa ve Sulama"
"doğanşehir hidrofor ve pompa sistemleri";"yerel";"2";"https://cbinsaat.com/hizmetler/hidrofor-pompa-sistemleri/dogansehir/";"title ve H1";"Pompa ve Sulama"
"doğanşehir kayısı bahçesi sulama sistemi";"yerel";"2";"https://cbinsaat.com/hizmetler/kayisi-bahcesi-sulama/dogansehir/";"title ve H1";"Pompa ve Sulama"
"doğanşehir sera elektrik ve sulama sistemi";"yerel";"2";"https://cbinsaat.com/hizmetler/sera-elektrik-sulama/dogansehir/";"title ve H1";"Pompa ve Sulama"
"doğanşehir tarımsal sulama sistemleri";"yerel";"2";"https://cbinsaat.com/hizmetler/tarimsal-sulama-sistemleri/dogansehir/";"title ve H1";"Pompa ve Sulama"
"doğanyol anahtar teslim sulama sistemi";"yerel";"2";"https://cbinsaat.com/hizmetler/anahtar-teslim-sulama-sistemi/doganyol/";"title ve H1";"Pompa ve Sulama"
"doğanyol bahçe sulama sistemleri";"yerel";"2";"https://cbinsaat.com/hizmetler/bahce-sulama/doganyol/";"title ve H1";"Pompa ve Sulama"
"doğanyol güneş enerjisi su sistemi";"yerel";"2";"https://cbinsaat.com/hizmetler/gunes-enerjisi-su-sistemi/doganyol/";"title ve H1";"Pompa ve Sulama"
"doğanyol hidrofor tamiri";"yerel";"2";"https://cbinsaat.com/hizmetler/hidrofor-tamiri/doganyol/";"title ve H1";"Pompa ve Sulama"
"doğanyol hidrofor ve pompa sistemleri";"yerel";"2";"https://cbinsaat.com/hizmetler/hidrofor-pompa-sistemleri/doganyol/";"title ve H1";"Pompa ve Sulama"
"doğanyol kayısı bahçesi sulama sistemi";"yerel";"2";"https://cbinsaat.com/hizmetler/kayisi-bahcesi-sulama/doganyol/";"title ve H1";"Pompa ve Sulama"
"doğanyol sera elektrik ve sulama sistemi";"yerel";"2";"https://cbinsaat.com/hizmetler/sera-elektrik-sulama/doganyol/";"title ve H1";"Pompa ve Sulama"
"doğanyol tarımsal sulama sistemleri";"yerel";"2";"https://cbinsaat.com/hizmetler/tarimsal-sulama-sistemleri/doganyol/";"title ve H1";"Pompa ve Sulama"
"drenaj pompası";"ticari";"2";"https://cbinsaat.com/hizmetler/hidrofor-pompa-sistemleri/";"gövde ve SSS";"Pompa ve Sulama"
"güneş enerji sistemi montajı";"ticari";"2";"https://cbinsaat.com/hizmetler/gunes-enerjisi-su-sistemi/";"gövde ve SSS";"Pompa ve Sulama"
"güneş enerjisi su sistemi malatya";"ticari";"2";"https://cbinsaat.com/hizmetler/gunes-enerjisi-su-sistemi/";"gövde metni";"Pompa ve Sulama"
"güneş enerjisi tamiri";"ticari";"2";"https://cbinsaat.com/hizmetler/gunes-enerjisi-su-sistemi/";"gövde ve SSS";"Pompa ve Sulama"
"hekimhan anahtar teslim sulama sistemi";"yerel";"2";"https://cbinsaat.com/hizmetler/anahtar-teslim-sulama-sistemi/hekimhan/";"title ve H1";"Pompa ve Sulama"
"hekimhan bahçe sulama sistemleri";"yerel";"2";"https://cbinsaat.com/hizmetler/bahce-sulama/hekimhan/";"title ve H1";"Pompa ve Sulama"
"hekimhan güneş enerjisi su sistemi";"yerel";"2";"https://cbinsaat.com/hizmetler/gunes-enerjisi-su-sistemi/hekimhan/";"title ve H1";"Pompa ve Sulama"
"hekimhan hidrofor tamiri";"yerel";"2";"https://cbinsaat.com/hizmetler/hidrofor-tamiri/hekimhan/";"title ve H1";"Pompa ve Sulama"
"hekimhan hidrofor ve pompa sistemleri";"yerel";"2";"https://cbinsaat.com/hizmetler/hidrofor-pompa-sistemleri/hekimhan/";"title ve H1";"Pompa ve Sulama"
"hekimhan kayısı bahçesi sulama sistemi";"yerel";"2";"https://cbinsaat.com/hizmetler/kayisi-bahcesi-sulama/hekimhan/";"title ve H1";"Pompa ve Sulama"
"hekimhan sera elektrik ve sulama sistemi";"yerel";"2";"https://cbinsaat.com/hizmetler/sera-elektrik-sulama/hekimhan/";"title ve H1";"Pompa ve Sulama"
"hekimhan tarımsal sulama sistemleri";"yerel";"2";"https://cbinsaat.com/hizmetler/tarimsal-sulama-sistemleri/hekimhan/";"title ve H1";"Pompa ve Sulama"
"hidrofor arızası";"ticari";"2";"https://cbinsaat.com/hizmetler/hidrofor-tamiri/";"gövde ve SSS";"Pompa ve Sulama"
"hidrofor servisi";"ticari";"2";"https://cbinsaat.com/hizmetler/hidrofor-tamiri/";"gövde ve SSS";"Pompa ve Sulama"
"hidrofor tamiri malatya";"ticari";"2";"https://cbinsaat.com/hizmetler/hidrofor-tamiri/";"gövde metni";"Pompa ve Sulama"
"hidrofor ve pompa sistemleri malatya";"ticari";"2";"https://cbinsaat.com/hizmetler/hidrofor-pompa-sistemleri/";"gövde metni";"Pompa ve Sulama"
"kale anahtar teslim sulama sistemi";"yerel";"2";"https://cbinsaat.com/hizmetler/anahtar-teslim-sulama-sistemi/kale/";"title ve H1";"Pompa ve Sulama"
"kale bahçe sulama sistemleri";"yerel";"2";"https://cbinsaat.com/hizmetler/bahce-sulama/kale/";"title ve H1";"Pompa ve Sulama"
"kale güneş enerjisi su sistemi";"yerel";"2";"https://cbinsaat.com/hizmetler/gunes-enerjisi-su-sistemi/kale/";"title ve H1";"Pompa ve Sulama"
"kale hidrofor tamiri";"yerel";"2";"https://cbinsaat.com/hizmetler/hidrofor-tamiri/kale/";"title ve H1";"Pompa ve Sulama"
"kale hidrofor ve pompa sistemleri";"yerel";"2";"https://cbinsaat.com/hizmetler/hidrofor-pompa-sistemleri/kale/";"title ve H1";"Pompa ve Sulama"
"kale kayısı bahçesi sulama sistemi";"yerel";"2";"https://cbinsaat.com/hizmetler/kayisi-bahcesi-sulama/kale/";"title ve H1";"Pompa ve Sulama"
"kale sera elektrik ve sulama sistemi";"yerel";"2";"https://cbinsaat.com/hizmetler/sera-elektrik-sulama/kale/";"title ve H1";"Pompa ve Sulama"
"kale tarımsal sulama sistemleri";"yerel";"2";"https://cbinsaat.com/hizmetler/tarimsal-sulama-sistemleri/kale/";"title ve H1";"Pompa ve Sulama"
"kayısı bahçesi sulama";"ticari";"2";"https://cbinsaat.com/hizmetler/kayisi-bahcesi-sulama/";"gövde ve SSS";"Pompa ve Sulama"
"kayısı bahçesi sulama sistemi malatya";"ticari";"2";"https://cbinsaat.com/hizmetler/kayisi-bahcesi-sulama/";"gövde metni";"Pompa ve Sulama"
"kayısı damlama sulama";"ticari";"2";"https://cbinsaat.com/hizmetler/kayisi-bahcesi-sulama/";"gövde ve SSS";"Pompa ve Sulama"
"kolektör bağlantısı";"ticari";"2";"https://cbinsaat.com/hizmetler/gunes-enerjisi-su-sistemi/";"gövde ve SSS";"Pompa ve Sulama"
"kuluncak anahtar teslim sulama sistemi";"yerel";"2";"https://cbinsaat.com/hizmetler/anahtar-teslim-sulama-sistemi/kuluncak/";"title ve H1";"Pompa ve Sulama"
"kuluncak bahçe sulama sistemleri";"yerel";"2";"https://cbinsaat.com/hizmetler/bahce-sulama/kuluncak/";"title ve H1";"Pompa ve Sulama"
"kuluncak güneş enerjisi su sistemi";"yerel";"2";"https://cbinsaat.com/hizmetler/gunes-enerjisi-su-sistemi/kuluncak/";"title ve H1";"Pompa ve Sulama"
"kuluncak hidrofor tamiri";"yerel";"2";"https://cbinsaat.com/hizmetler/hidrofor-tamiri/kuluncak/";"title ve H1";"Pompa ve Sulama"
"kuluncak hidrofor ve pompa sistemleri";"yerel";"2";"https://cbinsaat.com/hizmetler/hidrofor-pompa-sistemleri/kuluncak/";"title ve H1";"Pompa ve Sulama"
"kuluncak kayısı bahçesi sulama sistemi";"yerel";"2";"https://cbinsaat.com/hizmetler/kayisi-bahcesi-sulama/kuluncak/";"title ve H1";"Pompa ve Sulama"
"kuluncak sera elektrik ve sulama sistemi";"yerel";"2";"https://cbinsaat.com/hizmetler/sera-elektrik-sulama/kuluncak/";"title ve H1";"Pompa ve Sulama"
"kuluncak tarımsal sulama sistemleri";"yerel";"2";"https://cbinsaat.com/hizmetler/tarimsal-sulama-sistemleri/kuluncak/";"title ve H1";"Pompa ve Sulama"
"kuyu pompası bağlantısı";"ticari";"2";"https://cbinsaat.com/hizmetler/tarimsal-sulama-sistemleri/";"gövde ve SSS";"Pompa ve Sulama"
"malatya anahtar teslim sulama";"ticari";"2";"https://cbinsaat.com/hizmetler/anahtar-teslim-sulama-sistemi/";"gövde ve SSS";"Pompa ve Sulama"
"malatya anahtar teslim sulama sistemi firması";"ticari";"2";"https://cbinsaat.com/hizmetler/anahtar-teslim-sulama-sistemi/";"gövde metni";"Pompa ve Sulama"
"malatya anahtar teslim sulama sistemi fiyatları";"ticari";"2";"https://cbinsaat.com/hizmetler/anahtar-teslim-sulama-sistemi/";"fiyatı ne belirler bölümü";"Pompa ve Sulama"
"malatya bahçe sulama";"ticari";"2";"https://cbinsaat.com/hizmetler/bahce-sulama/";"gövde ve SSS";"Pompa ve Sulama"
"malatya bahçe sulama sistemleri firması";"ticari";"2";"https://cbinsaat.com/hizmetler/bahce-sulama/";"gövde metni";"Pompa ve Sulama"
"malatya bahçe sulama sistemleri fiyatları";"ticari";"2";"https://cbinsaat.com/hizmetler/bahce-sulama/";"fiyatı ne belirler bölümü";"Pompa ve Sulama"
"malatya damlama sulama";"ticari";"2";"https://cbinsaat.com/hizmetler/tarimsal-sulama-sistemleri/";"gövde ve SSS";"Pompa ve Sulama"
"malatya güneş enerjisi";"ticari";"2";"https://cbinsaat.com/hizmetler/gunes-enerjisi-su-sistemi/";"gövde ve SSS";"Pompa ve Sulama"
"malatya güneş enerjisi su sistemi firması";"ticari";"2";"https://cbinsaat.com/hizmetler/gunes-enerjisi-su-sistemi/";"gövde metni";"Pompa ve Sulama"
"malatya güneş enerjisi su sistemi fiyatları";"ticari";"2";"https://cbinsaat.com/hizmetler/gunes-enerjisi-su-sistemi/";"fiyatı ne belirler bölümü";"Pompa ve Sulama"
"malatya hidrofor";"ticari";"2";"https://cbinsaat.com/hizmetler/hidrofor-pompa-sistemleri/";"gövde ve SSS";"Pompa ve Sulama"
"malatya hidrofor tamiri firması";"ticari";"2";"https://cbinsaat.com/hizmetler/hidrofor-tamiri/";"gövde metni";"Pompa ve Sulama"
"malatya hidrofor tamiri fiyatları";"ticari";"2";"https://cbinsaat.com/hizmetler/hidrofor-tamiri/";"fiyatı ne belirler bölümü";"Pompa ve Sulama"
"malatya hidrofor ve pompa sistemleri firması";"ticari";"2";"https://cbinsaat.com/hizmetler/hidrofor-pompa-sistemleri/";"gövde metni";"Pompa ve Sulama"
"malatya hidrofor ve pompa sistemleri fiyatları";"ticari";"2";"https://cbinsaat.com/hizmetler/hidrofor-pompa-sistemleri/";"fiyatı ne belirler bölümü";"Pompa ve Sulama"
"malatya kayısı bahçesi sulama sistemi firması";"ticari";"2";"https://cbinsaat.com/hizmetler/kayisi-bahcesi-sulama/";"gövde metni";"Pompa ve Sulama"
"malatya kayısı bahçesi sulama sistemi fiyatları";"ticari";"2";"https://cbinsaat.com/hizmetler/kayisi-bahcesi-sulama/";"fiyatı ne belirler bölümü";"Pompa ve Sulama"
"malatya kayısı sulama sistemi";"ticari";"2";"https://cbinsaat.com/hizmetler/kayisi-bahcesi-sulama/";"gövde ve SSS";"Pompa ve Sulama"
"malatya sera elektrik ve sulama sistemi firması";"ticari";"2";"https://cbinsaat.com/hizmetler/sera-elektrik-sulama/";"gövde metni";"Pompa ve Sulama"
"malatya sera elektrik ve sulama sistemi fiyatları";"ticari";"2";"https://cbinsaat.com/hizmetler/sera-elektrik-sulama/";"fiyatı ne belirler bölümü";"Pompa ve Sulama"
"malatya sera kurulumu";"ticari";"2";"https://cbinsaat.com/hizmetler/sera-elektrik-sulama/";"gövde ve SSS";"Pompa ve Sulama"
"malatya tarımsal sulama sistemleri firması";"ticari";"2";"https://cbinsaat.com/hizmetler/tarimsal-sulama-sistemleri/";"gövde metni";"Pompa ve Sulama"
"malatya tarımsal sulama sistemleri fiyatları";"ticari";"2";"https://cbinsaat.com/hizmetler/tarimsal-sulama-sistemleri/";"fiyatı ne belirler bölümü";"Pompa ve Sulama"
"meyve bahçesi sulama";"ticari";"2";"https://cbinsaat.com/hizmetler/kayisi-bahcesi-sulama/";"gövde ve SSS";"Pompa ve Sulama"
"otomatik sulama sistemi";"ticari";"2";"https://cbinsaat.com/hizmetler/bahce-sulama/";"gövde ve SSS";"Pompa ve Sulama"
"pompa panosu";"ticari";"2";"https://cbinsaat.com/hizmetler/hidrofor-pompa-sistemleri/";"gövde ve SSS";"Pompa ve Sulama"
"pütürge anahtar teslim sulama sistemi";"yerel";"2";"https://cbinsaat.com/hizmetler/anahtar-teslim-sulama-sistemi/puturge/";"title ve H1";"Pompa ve Sulama"
"pütürge bahçe sulama sistemleri";"yerel";"2";"https://cbinsaat.com/hizmetler/bahce-sulama/puturge/";"title ve H1";"Pompa ve Sulama"
"pütürge güneş enerjisi su sistemi";"yerel";"2";"https://cbinsaat.com/hizmetler/gunes-enerjisi-su-sistemi/puturge/";"title ve H1";"Pompa ve Sulama"
"pütürge hidrofor tamiri";"yerel";"2";"https://cbinsaat.com/hizmetler/hidrofor-tamiri/puturge/";"title ve H1";"Pompa ve Sulama"
"pütürge hidrofor ve pompa sistemleri";"yerel";"2";"https://cbinsaat.com/hizmetler/hidrofor-pompa-sistemleri/puturge/";"title ve H1";"Pompa ve Sulama"
"pütürge kayısı bahçesi sulama sistemi";"yerel";"2";"https://cbinsaat.com/hizmetler/kayisi-bahcesi-sulama/puturge/";"title ve H1";"Pompa ve Sulama"
"pütürge sera elektrik ve sulama sistemi";"yerel";"2";"https://cbinsaat.com/hizmetler/sera-elektrik-sulama/puturge/";"title ve H1";"Pompa ve Sulama"
"pütürge tarımsal sulama sistemleri";"yerel";"2";"https://cbinsaat.com/hizmetler/tarimsal-sulama-sistemleri/puturge/";"title ve H1";"Pompa ve Sulama"
"sera elektrik tesisatı";"ticari";"2";"https://cbinsaat.com/hizmetler/sera-elektrik-sulama/";"gövde ve SSS";"Pompa ve Sulama"
"sera elektrik ve sulama sistemi malatya";"ticari";"2";"https://cbinsaat.com/hizmetler/sera-elektrik-sulama/";"gövde metni";"Pompa ve Sulama"
"sera fertigasyon";"ticari";"2";"https://cbinsaat.com/hizmetler/sera-elektrik-sulama/";"gövde ve SSS";"Pompa ve Sulama"
"sera otomasyonu";"ticari";"2";"https://cbinsaat.com/hizmetler/sera-elektrik-sulama/";"gövde ve SSS";"Pompa ve Sulama"
"sera sulama sistemi";"ticari";"2";"https://cbinsaat.com/hizmetler/sera-elektrik-sulama/";"gövde ve SSS";"Pompa ve Sulama"
"sıcak su deposu";"ticari";"2";"https://cbinsaat.com/hizmetler/gunes-enerjisi-su-sistemi/";"gövde ve SSS";"Pompa ve Sulama"
"site peyzaj sulama";"ticari";"2";"https://cbinsaat.com/hizmetler/bahce-sulama/";"gövde ve SSS";"Pompa ve Sulama"
"sprinkler montajı";"ticari";"2";"https://cbinsaat.com/hizmetler/bahce-sulama/";"gövde ve SSS";"Pompa ve Sulama"
"su basıncı düşük";"ticari";"2";"https://cbinsaat.com/hizmetler/hidrofor-tamiri/";"gövde ve SSS";"Pompa ve Sulama"
"sulama otomasyonu";"ticari";"2";"https://cbinsaat.com/hizmetler/anahtar-teslim-sulama-sistemi/";"gövde ve SSS";"Pompa ve Sulama"
"sulama panosu";"ticari";"2";"https://cbinsaat.com/hizmetler/tarimsal-sulama-sistemleri/";"gövde ve SSS";"Pompa ve Sulama"
"sulama sistemi kurulumu";"ticari";"2";"https://cbinsaat.com/hizmetler/anahtar-teslim-sulama-sistemi/";"gövde ve SSS";"Pompa ve Sulama"
"sulama zamanlayıcısı";"ticari";"2";"https://cbinsaat.com/hizmetler/bahce-sulama/";"gövde ve SSS";"Pompa ve Sulama"
"tarımsal sulama sistemi";"ticari";"2";"https://cbinsaat.com/hizmetler/tarimsal-sulama-sistemleri/";"gövde ve SSS";"Pompa ve Sulama"
"tarımsal sulama sistemleri malatya";"ticari";"2";"https://cbinsaat.com/hizmetler/tarimsal-sulama-sistemleri/";"gövde metni";"Pompa ve Sulama"
"yazıhan anahtar teslim sulama sistemi";"yerel";"2";"https://cbinsaat.com/hizmetler/anahtar-teslim-sulama-sistemi/yazihan/";"title ve H1";"Pompa ve Sulama"
"yazıhan bahçe sulama sistemleri";"yerel";"2";"https://cbinsaat.com/hizmetler/bahce-sulama/yazihan/";"title ve H1";"Pompa ve Sulama"
"yazıhan güneş enerjisi su sistemi";"yerel";"2";"https://cbinsaat.com/hizmetler/gunes-enerjisi-su-sistemi/yazihan/";"title ve H1";"Pompa ve Sulama"
"yazıhan hidrofor tamiri";"yerel";"2";"https://cbinsaat.com/hizmetler/hidrofor-tamiri/yazihan/";"title ve H1";"Pompa ve Sulama"
"yazıhan hidrofor ve pompa sistemleri";"yerel";"2";"https://cbinsaat.com/hizmetler/hidrofor-pompa-sistemleri/yazihan/";"title ve H1";"Pompa ve Sulama"
"yazıhan kayısı bahçesi sulama sistemi";"yerel";"2";"https://cbinsaat.com/hizmetler/kayisi-bahcesi-sulama/yazihan/";"title ve H1";"Pompa ve Sulama"
"yazıhan sera elektrik ve sulama sistemi";"yerel";"2";"https://cbinsaat.com/hizmetler/sera-elektrik-sulama/yazihan/";"title ve H1";"Pompa ve Sulama"
"yazıhan tarımsal sulama sistemleri";"yerel";"2";"https://cbinsaat.com/hizmetler/tarimsal-sulama-sistemleri/yazihan/";"title ve H1";"Pompa ve Sulama"
"yeşilyurt anahtar teslim sulama sistemi";"yerel";"2";"https://cbinsaat.com/hizmetler/anahtar-teslim-sulama-sistemi/yesilyurt/";"title ve H1";"Pompa ve Sulama"
"yeşilyurt bahçe sulama sistemleri";"yerel";"2";"https://cbinsaat.com/hizmetler/bahce-sulama/yesilyurt/";"title ve H1";"Pompa ve Sulama"
"yeşilyurt güneş enerjisi su sistemi";"yerel";"2";"https://cbinsaat.com/hizmetler/gunes-enerjisi-su-sistemi/yesilyurt/";"title ve H1";"Pompa ve Sulama"
"yeşilyurt hidrofor tamiri";"yerel";"2";"https://cbinsaat.com/hizmetler/hidrofor-tamiri/yesilyurt/";"title ve H1";"Pompa ve Sulama"
"yeşilyurt hidrofor ve pompa sistemleri";"yerel";"2";"https://cbinsaat.com/hizmetler/hidrofor-pompa-sistemleri/yesilyurt/";"title ve H1";"Pompa ve Sulama"
"yeşilyurt kayısı bahçesi sulama sistemi";"yerel";"2";"https://cbinsaat.com/hizmetler/kayisi-bahcesi-sulama/yesilyurt/";"title ve H1";"Pompa ve Sulama"
"yeşilyurt sera elektrik ve sulama sistemi";"yerel";"2";"https://cbinsaat.com/hizmetler/sera-elektrik-sulama/yesilyurt/";"title ve H1";"Pompa ve Sulama"
"yeşilyurt tarımsal sulama sistemleri";"yerel";"2";"https://cbinsaat.com/hizmetler/tarimsal-sulama-sistemleri/yesilyurt/";"title ve H1";"Pompa ve Sulama"
"akçadağ proje ve uygulama yönetimi";"yerel";"2";"https://cbinsaat.com/hizmetler/proje-uygulama-yonetimi/akcadag/";"title ve H1";"Proje Yönetimi"
"arapgir proje ve uygulama yönetimi";"yerel";"2";"https://cbinsaat.com/hizmetler/proje-uygulama-yonetimi/arapgir/";"title ve H1";"Proje Yönetimi"
"arguvan proje ve uygulama yönetimi";"yerel";"2";"https://cbinsaat.com/hizmetler/proje-uygulama-yonetimi/arguvan/";"title ve H1";"Proje Yönetimi"
"battalgazi proje ve uygulama yönetimi";"yerel";"2";"https://cbinsaat.com/hizmetler/proje-uygulama-yonetimi/battalgazi/";"title ve H1";"Proje Yönetimi"
"darende proje ve uygulama yönetimi";"yerel";"2";"https://cbinsaat.com/hizmetler/proje-uygulama-yonetimi/darende/";"title ve H1";"Proje Yönetimi"
"doğanşehir proje ve uygulama yönetimi";"yerel";"2";"https://cbinsaat.com/hizmetler/proje-uygulama-yonetimi/dogansehir/";"title ve H1";"Proje Yönetimi"
"doğanyol proje ve uygulama yönetimi";"yerel";"2";"https://cbinsaat.com/hizmetler/proje-uygulama-yonetimi/doganyol/";"title ve H1";"Proje Yönetimi"
"hekimhan proje ve uygulama yönetimi";"yerel";"2";"https://cbinsaat.com/hizmetler/proje-uygulama-yonetimi/hekimhan/";"title ve H1";"Proje Yönetimi"
"kale proje ve uygulama yönetimi";"yerel";"2";"https://cbinsaat.com/hizmetler/proje-uygulama-yonetimi/kale/";"title ve H1";"Proje Yönetimi"
"kuluncak proje ve uygulama yönetimi";"yerel";"2";"https://cbinsaat.com/hizmetler/proje-uygulama-yonetimi/kuluncak/";"title ve H1";"Proje Yönetimi"
"malatya proje ve uygulama yönetimi firması";"ticari";"2";"https://cbinsaat.com/hizmetler/proje-uygulama-yonetimi/";"gövde metni";"Proje Yönetimi"
"malatya proje ve uygulama yönetimi fiyatları";"ticari";"2";"https://cbinsaat.com/hizmetler/proje-uygulama-yonetimi/";"fiyatı ne belirler bölümü";"Proje Yönetimi"
"malatya proje yönetimi";"ticari";"2";"https://cbinsaat.com/hizmetler/proje-uygulama-yonetimi/";"gövde ve SSS";"Proje Yönetimi"
"metraj ve keşif malatya";"ticari";"2";"https://cbinsaat.com/hizmetler/proje-uygulama-yonetimi/";"gövde ve SSS";"Proje Yönetimi"
"proje ve uygulama yönetimi malatya";"ticari";"2";"https://cbinsaat.com/hizmetler/proje-uygulama-yonetimi/";"gövde metni";"Proje Yönetimi"
"pütürge proje ve uygulama yönetimi";"yerel";"2";"https://cbinsaat.com/hizmetler/proje-uygulama-yonetimi/puturge/";"title ve H1";"Proje Yönetimi"
"şantiye koordinasyon malatya";"ticari";"2";"https://cbinsaat.com/hizmetler/proje-uygulama-yonetimi/";"gövde ve SSS";"Proje Yönetimi"
"tadilat iş programı";"ticari";"2";"https://cbinsaat.com/hizmetler/proje-uygulama-yonetimi/";"gövde ve SSS";"Proje Yönetimi"
"yazıhan proje ve uygulama yönetimi";"yerel";"2";"https://cbinsaat.com/hizmetler/proje-uygulama-yonetimi/yazihan/";"title ve H1";"Proje Yönetimi"
"yeşilyurt proje ve uygulama yönetimi";"yerel";"2";"https://cbinsaat.com/hizmetler/proje-uygulama-yonetimi/yesilyurt/";"title ve H1";"Proje Yönetimi"
"akçadağ mekanik tesisat";"yerel";"2";"https://cbinsaat.com/hizmetler/mekanik-tesisat/akcadag/";"title ve H1";"Su ve Tesisat"
"akçadağ petek temizliği";"yerel";"2";"https://cbinsaat.com/hizmetler/petek-temizligi/akcadag/";"title ve H1";"Su ve Tesisat"
"akçadağ sıhhi tesisat";"yerel";"2";"https://cbinsaat.com/hizmetler/sihhi-tesisat/akcadag/";"title ve H1";"Su ve Tesisat"
"akçadağ su deposu temizliği";"yerel";"2";"https://cbinsaat.com/hizmetler/su-deposu-temizligi/akcadag/";"title ve H1";"Su ve Tesisat"
"akçadağ su kaçağı tespiti";"yerel";"2";"https://cbinsaat.com/hizmetler/su-kacagi-tespiti/akcadag/";"title ve H1";"Su ve Tesisat"
"akçadağ tıkalı gider açma";"yerel";"2";"https://cbinsaat.com/hizmetler/tikali-gider-acma/akcadag/";"title ve H1";"Su ve Tesisat"
"akçadağ yangın tesisatı";"yerel";"2";"https://cbinsaat.com/hizmetler/yangin-tesisati/akcadag/";"title ve H1";"Su ve Tesisat"
"alt kata sızıntı";"ticari";"2";"https://cbinsaat.com/hizmetler/su-kacagi-tespiti/";"gövde ve SSS";"Su ve Tesisat"
"apartman su deposu";"ticari";"2";"https://cbinsaat.com/hizmetler/su-deposu-temizligi/";"gövde ve SSS";"Su ve Tesisat"
"arapgir mekanik tesisat";"yerel";"2";"https://cbinsaat.com/hizmetler/mekanik-tesisat/arapgir/";"title ve H1";"Su ve Tesisat"
"arapgir petek temizliği";"yerel";"2";"https://cbinsaat.com/hizmetler/petek-temizligi/arapgir/";"title ve H1";"Su ve Tesisat"
"arapgir sıhhi tesisat";"yerel";"2";"https://cbinsaat.com/hizmetler/sihhi-tesisat/arapgir/";"title ve H1";"Su ve Tesisat"
"arapgir su deposu temizliği";"yerel";"2";"https://cbinsaat.com/hizmetler/su-deposu-temizligi/arapgir/";"title ve H1";"Su ve Tesisat"
"arapgir su kaçağı tespiti";"yerel";"2";"https://cbinsaat.com/hizmetler/su-kacagi-tespiti/arapgir/";"title ve H1";"Su ve Tesisat"
"arapgir tıkalı gider açma";"yerel";"2";"https://cbinsaat.com/hizmetler/tikali-gider-acma/arapgir/";"title ve H1";"Su ve Tesisat"
"arapgir yangın tesisatı";"yerel";"2";"https://cbinsaat.com/hizmetler/yangin-tesisati/arapgir/";"title ve H1";"Su ve Tesisat"
"arguvan mekanik tesisat";"yerel";"2";"https://cbinsaat.com/hizmetler/mekanik-tesisat/arguvan/";"title ve H1";"Su ve Tesisat"
"arguvan petek temizliği";"yerel";"2";"https://cbinsaat.com/hizmetler/petek-temizligi/arguvan/";"title ve H1";"Su ve Tesisat"
"arguvan sıhhi tesisat";"yerel";"2";"https://cbinsaat.com/hizmetler/sihhi-tesisat/arguvan/";"title ve H1";"Su ve Tesisat"
"arguvan su deposu temizliği";"yerel";"2";"https://cbinsaat.com/hizmetler/su-deposu-temizligi/arguvan/";"title ve H1";"Su ve Tesisat"
"arguvan su kaçağı tespiti";"yerel";"2";"https://cbinsaat.com/hizmetler/su-kacagi-tespiti/arguvan/";"title ve H1";"Su ve Tesisat"
"arguvan tıkalı gider açma";"yerel";"2";"https://cbinsaat.com/hizmetler/tikali-gider-acma/arguvan/";"title ve H1";"Su ve Tesisat"
"arguvan yangın tesisatı";"yerel";"2";"https://cbinsaat.com/hizmetler/yangin-tesisati/arguvan/";"title ve H1";"Su ve Tesisat"
"banyo tesisatı";"ticari";"2";"https://cbinsaat.com/hizmetler/sihhi-tesisat/";"gövde ve SSS";"Su ve Tesisat"
"basınçlandırma";"ticari";"2";"https://cbinsaat.com/hizmetler/mekanik-tesisat/";"gövde ve SSS";"Su ve Tesisat"
"battalgazi mekanik tesisat";"yerel";"2";"https://cbinsaat.com/hizmetler/mekanik-tesisat/battalgazi/";"title ve H1";"Su ve Tesisat"
"battalgazi petek temizliği";"yerel";"2";"https://cbinsaat.com/hizmetler/petek-temizligi/battalgazi/";"title ve H1";"Su ve Tesisat"
"battalgazi sıhhi tesisat";"yerel";"2";"https://cbinsaat.com/hizmetler/sihhi-tesisat/battalgazi/";"title ve H1";"Su ve Tesisat"
"battalgazi su deposu temizliği";"yerel";"2";"https://cbinsaat.com/hizmetler/su-deposu-temizligi/battalgazi/";"title ve H1";"Su ve Tesisat"
"battalgazi su kaçağı tespiti";"yerel";"2";"https://cbinsaat.com/hizmetler/su-kacagi-tespiti/battalgazi/";"title ve H1";"Su ve Tesisat"
"battalgazi tıkalı gider açma";"yerel";"2";"https://cbinsaat.com/hizmetler/tikali-gider-acma/battalgazi/";"title ve H1";"Su ve Tesisat"
"battalgazi yangın tesisatı";"yerel";"2";"https://cbinsaat.com/hizmetler/yangin-tesisati/battalgazi/";"title ve H1";"Su ve Tesisat"
"bina ana gider tıkanıklığı";"ticari";"2";"https://cbinsaat.com/hizmetler/tikali-gider-acma/";"gövde ve SSS";"Su ve Tesisat"
"boru değişimi";"ticari";"2";"https://cbinsaat.com/hizmetler/sihhi-tesisat/";"gövde ve SSS";"Su ve Tesisat"
"darende mekanik tesisat";"yerel";"2";"https://cbinsaat.com/hizmetler/mekanik-tesisat/darende/";"title ve H1";"Su ve Tesisat"
"darende petek temizliği";"yerel";"2";"https://cbinsaat.com/hizmetler/petek-temizligi/darende/";"title ve H1";"Su ve Tesisat"
"darende sıhhi tesisat";"yerel";"2";"https://cbinsaat.com/hizmetler/sihhi-tesisat/darende/";"title ve H1";"Su ve Tesisat"
"darende su deposu temizliği";"yerel";"2";"https://cbinsaat.com/hizmetler/su-deposu-temizligi/darende/";"title ve H1";"Su ve Tesisat"
"darende su kaçağı tespiti";"yerel";"2";"https://cbinsaat.com/hizmetler/su-kacagi-tespiti/darende/";"title ve H1";"Su ve Tesisat"
"darende tıkalı gider açma";"yerel";"2";"https://cbinsaat.com/hizmetler/tikali-gider-acma/darende/";"title ve H1";"Su ve Tesisat"
"darende yangın tesisatı";"yerel";"2";"https://cbinsaat.com/hizmetler/yangin-tesisati/darende/";"title ve H1";"Su ve Tesisat"
"depo dezenfeksiyonu";"ticari";"2";"https://cbinsaat.com/hizmetler/su-deposu-temizligi/";"gövde ve SSS";"Su ve Tesisat"
"doğanşehir mekanik tesisat";"yerel";"2";"https://cbinsaat.com/hizmetler/mekanik-tesisat/dogansehir/";"title ve H1";"Su ve Tesisat"
"doğanşehir petek temizliği";"yerel";"2";"https://cbinsaat.com/hizmetler/petek-temizligi/dogansehir/";"title ve H1";"Su ve Tesisat"
"doğanşehir sıhhi tesisat";"yerel";"2";"https://cbinsaat.com/hizmetler/sihhi-tesisat/dogansehir/";"title ve H1";"Su ve Tesisat"
"doğanşehir su deposu temizliği";"yerel";"2";"https://cbinsaat.com/hizmetler/su-deposu-temizligi/dogansehir/";"title ve H1";"Su ve Tesisat"
"doğanşehir su kaçağı tespiti";"yerel";"2";"https://cbinsaat.com/hizmetler/su-kacagi-tespiti/dogansehir/";"title ve H1";"Su ve Tesisat"
"doğanşehir tıkalı gider açma";"yerel";"2";"https://cbinsaat.com/hizmetler/tikali-gider-acma/dogansehir/";"title ve H1";"Su ve Tesisat"
"doğanşehir yangın tesisatı";"yerel";"2";"https://cbinsaat.com/hizmetler/yangin-tesisati/dogansehir/";"title ve H1";"Su ve Tesisat"
"doğanyol mekanik tesisat";"yerel";"2";"https://cbinsaat.com/hizmetler/mekanik-tesisat/doganyol/";"title ve H1";"Su ve Tesisat"
"doğanyol petek temizliği";"yerel";"2";"https://cbinsaat.com/hizmetler/petek-temizligi/doganyol/";"title ve H1";"Su ve Tesisat"
"doğanyol sıhhi tesisat";"yerel";"2";"https://cbinsaat.com/hizmetler/sihhi-tesisat/doganyol/";"title ve H1";"Su ve Tesisat"
"doğanyol su deposu temizliği";"yerel";"2";"https://cbinsaat.com/hizmetler/su-deposu-temizligi/doganyol/";"title ve H1";"Su ve Tesisat"
"doğanyol su kaçağı tespiti";"yerel";"2";"https://cbinsaat.com/hizmetler/su-kacagi-tespiti/doganyol/";"title ve H1";"Su ve Tesisat"
"doğanyol tıkalı gider açma";"yerel";"2";"https://cbinsaat.com/hizmetler/tikali-gider-acma/doganyol/";"title ve H1";"Su ve Tesisat"
"doğanyol yangın tesisatı";"yerel";"2";"https://cbinsaat.com/hizmetler/yangin-tesisati/doganyol/";"title ve H1";"Su ve Tesisat"
"duvarda nem";"ticari";"2";"https://cbinsaat.com/hizmetler/su-kacagi-tespiti/";"gövde ve SSS";"Su ve Tesisat"
"gizli su kaçağı";"ticari";"2";"https://cbinsaat.com/hizmetler/su-kacagi-tespiti/";"gövde ve SSS";"Su ve Tesisat"
"havalandırma sistemi";"ticari";"2";"https://cbinsaat.com/hizmetler/mekanik-tesisat/";"gövde ve SSS";"Su ve Tesisat"
"hekimhan mekanik tesisat";"yerel";"2";"https://cbinsaat.com/hizmetler/mekanik-tesisat/hekimhan/";"title ve H1";"Su ve Tesisat"
"hekimhan petek temizliği";"yerel";"2";"https://cbinsaat.com/hizmetler/petek-temizligi/hekimhan/";"title ve H1";"Su ve Tesisat"
"hekimhan sıhhi tesisat";"yerel";"2";"https://cbinsaat.com/hizmetler/sihhi-tesisat/hekimhan/";"title ve H1";"Su ve Tesisat"
"hekimhan su deposu temizliği";"yerel";"2";"https://cbinsaat.com/hizmetler/su-deposu-temizligi/hekimhan/";"title ve H1";"Su ve Tesisat"
"hekimhan su kaçağı tespiti";"yerel";"2";"https://cbinsaat.com/hizmetler/su-kacagi-tespiti/hekimhan/";"title ve H1";"Su ve Tesisat"
"hekimhan tıkalı gider açma";"yerel";"2";"https://cbinsaat.com/hizmetler/tikali-gider-acma/hekimhan/";"title ve H1";"Su ve Tesisat"
"hekimhan yangın tesisatı";"yerel";"2";"https://cbinsaat.com/hizmetler/yangin-tesisati/hekimhan/";"title ve H1";"Su ve Tesisat"
"ısıtma tesisatı";"ticari";"2";"https://cbinsaat.com/hizmetler/mekanik-tesisat/";"gövde ve SSS";"Su ve Tesisat"
"kale mekanik tesisat";"yerel";"2";"https://cbinsaat.com/hizmetler/mekanik-tesisat/kale/";"title ve H1";"Su ve Tesisat"
"kale petek temizliği";"yerel";"2";"https://cbinsaat.com/hizmetler/petek-temizligi/kale/";"title ve H1";"Su ve Tesisat"
"kale sıhhi tesisat";"yerel";"2";"https://cbinsaat.com/hizmetler/sihhi-tesisat/kale/";"title ve H1";"Su ve Tesisat"
"kale su deposu temizliği";"yerel";"2";"https://cbinsaat.com/hizmetler/su-deposu-temizligi/kale/";"title ve H1";"Su ve Tesisat"
"kale su kaçağı tespiti";"yerel";"2";"https://cbinsaat.com/hizmetler/su-kacagi-tespiti/kale/";"title ve H1";"Su ve Tesisat"
"kale tıkalı gider açma";"yerel";"2";"https://cbinsaat.com/hizmetler/tikali-gider-acma/kale/";"title ve H1";"Su ve Tesisat"
"kale yangın tesisatı";"yerel";"2";"https://cbinsaat.com/hizmetler/yangin-tesisati/kale/";"title ve H1";"Su ve Tesisat"
"kalorifer tesisatı bakımı";"ticari";"2";"https://cbinsaat.com/hizmetler/petek-temizligi/";"gövde ve SSS";"Su ve Tesisat"
"kanal açma malatya";"ticari";"2";"https://cbinsaat.com/hizmetler/tikali-gider-acma/";"gövde ve SSS";"Su ve Tesisat"
"kırmadan su kaçağı bulma";"ticari";"2";"https://cbinsaat.com/hizmetler/su-kacagi-tespiti/";"gövde ve SSS";"Su ve Tesisat"
"klozet tıkanıklığı";"ticari";"2";"https://cbinsaat.com/hizmetler/tikali-gider-acma/";"gövde ve SSS";"Su ve Tesisat"
"kuluncak mekanik tesisat";"yerel";"2";"https://cbinsaat.com/hizmetler/mekanik-tesisat/kuluncak/";"title ve H1";"Su ve Tesisat"
"kuluncak petek temizliği";"yerel";"2";"https://cbinsaat.com/hizmetler/petek-temizligi/kuluncak/";"title ve H1";"Su ve Tesisat"
"kuluncak sıhhi tesisat";"yerel";"2";"https://cbinsaat.com/hizmetler/sihhi-tesisat/kuluncak/";"title ve H1";"Su ve Tesisat"
"kuluncak su deposu temizliği";"yerel";"2";"https://cbinsaat.com/hizmetler/su-deposu-temizligi/kuluncak/";"title ve H1";"Su ve Tesisat"
"kuluncak su kaçağı tespiti";"yerel";"2";"https://cbinsaat.com/hizmetler/su-kacagi-tespiti/kuluncak/";"title ve H1";"Su ve Tesisat"
"kuluncak tıkalı gider açma";"yerel";"2";"https://cbinsaat.com/hizmetler/tikali-gider-acma/kuluncak/";"title ve H1";"Su ve Tesisat"
"kuluncak yangın tesisatı";"yerel";"2";"https://cbinsaat.com/hizmetler/yangin-tesisati/kuluncak/";"title ve H1";"Su ve Tesisat"
"malatya gider açma";"ticari";"2";"https://cbinsaat.com/hizmetler/tikali-gider-acma/";"gövde ve SSS";"Su ve Tesisat"
"malatya mekanik tesisat firması";"ticari";"2";"https://cbinsaat.com/hizmetler/mekanik-tesisat/";"gövde metni";"Su ve Tesisat"
"malatya mekanik tesisat fiyatları";"ticari";"2";"https://cbinsaat.com/hizmetler/mekanik-tesisat/";"fiyatı ne belirler bölümü";"Su ve Tesisat"
"malatya petek temizliği firması";"ticari";"2";"https://cbinsaat.com/hizmetler/petek-temizligi/";"gövde metni";"Su ve Tesisat"
"malatya petek temizliği fiyatları";"ticari";"2";"https://cbinsaat.com/hizmetler/petek-temizligi/";"fiyatı ne belirler bölümü";"Su ve Tesisat"
"malatya sıhhi tesisat firması";"ticari";"2";"https://cbinsaat.com/hizmetler/sihhi-tesisat/";"gövde metni";"Su ve Tesisat"
"malatya sıhhi tesisat fiyatları";"ticari";"2";"https://cbinsaat.com/hizmetler/sihhi-tesisat/";"fiyatı ne belirler bölümü";"Su ve Tesisat"
"malatya su deposu temizliği firması";"ticari";"2";"https://cbinsaat.com/hizmetler/su-deposu-temizligi/";"gövde metni";"Su ve Tesisat"
"malatya su deposu temizliği fiyatları";"ticari";"2";"https://cbinsaat.com/hizmetler/su-deposu-temizligi/";"fiyatı ne belirler bölümü";"Su ve Tesisat"
"malatya su kaçağı tespiti firması";"ticari";"2";"https://cbinsaat.com/hizmetler/su-kacagi-tespiti/";"gövde metni";"Su ve Tesisat"
"malatya su kaçağı tespiti fiyatları";"ticari";"2";"https://cbinsaat.com/hizmetler/su-kacagi-tespiti/";"fiyatı ne belirler bölümü";"Su ve Tesisat"
"malatya su tesisatı";"ticari";"2";"https://cbinsaat.com/hizmetler/sihhi-tesisat/";"gövde ve SSS";"Su ve Tesisat"
"malatya tesisatçı";"ticari";"2";"https://cbinsaat.com/hizmetler/sihhi-tesisat/";"gövde ve SSS";"Su ve Tesisat"
"malatya tıkalı gider açma firması";"ticari";"2";"https://cbinsaat.com/hizmetler/tikali-gider-acma/";"gövde metni";"Su ve Tesisat"
"malatya tıkalı gider açma fiyatları";"ticari";"2";"https://cbinsaat.com/hizmetler/tikali-gider-acma/";"fiyatı ne belirler bölümü";"Su ve Tesisat"
"malatya yangın tesisatı firması";"ticari";"2";"https://cbinsaat.com/hizmetler/yangin-tesisati/";"gövde metni";"Su ve Tesisat"
"malatya yangın tesisatı fiyatları";"ticari";"2";"https://cbinsaat.com/hizmetler/yangin-tesisati/";"fiyatı ne belirler bölümü";"Su ve Tesisat"
"mekanik proje uygulama";"ticari";"2";"https://cbinsaat.com/hizmetler/mekanik-tesisat/";"gövde ve SSS";"Su ve Tesisat"
"mekanik tesisat malatya";"ticari";"2";"https://cbinsaat.com/hizmetler/mekanik-tesisat/";"gövde metni";"Su ve Tesisat"
"peteğin altı soğuk";"ticari";"2";"https://cbinsaat.com/hizmetler/petek-temizligi/";"gövde ve SSS";"Su ve Tesisat"
"petek ısınmıyor";"ticari";"2";"https://cbinsaat.com/hizmetler/petek-temizligi/";"gövde ve SSS";"Su ve Tesisat"
"petek temizliği malatya";"ticari";"2";"https://cbinsaat.com/hizmetler/petek-temizligi/";"gövde metni";"Su ve Tesisat"
"pütürge mekanik tesisat";"yerel";"2";"https://cbinsaat.com/hizmetler/mekanik-tesisat/puturge/";"title ve H1";"Su ve Tesisat"
"pütürge petek temizliği";"yerel";"2";"https://cbinsaat.com/hizmetler/petek-temizligi/puturge/";"title ve H1";"Su ve Tesisat"
"pütürge sıhhi tesisat";"yerel";"2";"https://cbinsaat.com/hizmetler/sihhi-tesisat/puturge/";"title ve H1";"Su ve Tesisat"
"pütürge su deposu temizliği";"yerel";"2";"https://cbinsaat.com/hizmetler/su-deposu-temizligi/puturge/";"title ve H1";"Su ve Tesisat"
"pütürge su kaçağı tespiti";"yerel";"2";"https://cbinsaat.com/hizmetler/su-kacagi-tespiti/puturge/";"title ve H1";"Su ve Tesisat"
"pütürge tıkalı gider açma";"yerel";"2";"https://cbinsaat.com/hizmetler/tikali-gider-acma/puturge/";"title ve H1";"Su ve Tesisat"
"pütürge yangın tesisatı";"yerel";"2";"https://cbinsaat.com/hizmetler/yangin-tesisati/puturge/";"title ve H1";"Su ve Tesisat"
"sıhhi tesisat malatya";"ticari";"2";"https://cbinsaat.com/hizmetler/sihhi-tesisat/";"gövde metni";"Su ve Tesisat"
"sprinkler hattı";"ticari";"2";"https://cbinsaat.com/hizmetler/yangin-tesisati/";"gövde ve SSS";"Su ve Tesisat"
"su deposu bakımı";"ticari";"2";"https://cbinsaat.com/hizmetler/su-deposu-temizligi/";"gövde ve SSS";"Su ve Tesisat"
"su deposu temizliği malatya";"ticari";"2";"https://cbinsaat.com/hizmetler/su-deposu-temizligi/";"gövde metni";"Su ve Tesisat"
"su kaçağı tespiti malatya";"ticari";"2";"https://cbinsaat.com/hizmetler/su-kacagi-tespiti/";"gövde metni";"Su ve Tesisat"
"tıkalı gider açma malatya";"ticari";"2";"https://cbinsaat.com/hizmetler/tikali-gider-acma/";"gövde metni";"Su ve Tesisat"
"tıkalı lavabo";"ticari";"2";"https://cbinsaat.com/hizmetler/tikali-gider-acma/";"gövde ve SSS";"Su ve Tesisat"
"yangın dolabı";"ticari";"2";"https://cbinsaat.com/hizmetler/yangin-tesisati/";"gövde ve SSS";"Su ve Tesisat"
"yangın pompa panosu";"ticari";"2";"https://cbinsaat.com/hizmetler/yangin-tesisati/";"gövde ve SSS";"Su ve Tesisat"
"yangın pompası";"ticari";"2";"https://cbinsaat.com/hizmetler/yangin-tesisati/";"gövde ve SSS";"Su ve Tesisat"
"yangın tesisatı malatya";"ticari";"2";"https://cbinsaat.com/hizmetler/yangin-tesisati/";"gövde metni";"Su ve Tesisat"
"yazıhan mekanik tesisat";"yerel";"2";"https://cbinsaat.com/hizmetler/mekanik-tesisat/yazihan/";"title ve H1";"Su ve Tesisat"
"yazıhan petek temizliği";"yerel";"2";"https://cbinsaat.com/hizmetler/petek-temizligi/yazihan/";"title ve H1";"Su ve Tesisat"
"yazıhan sıhhi tesisat";"yerel";"2";"https://cbinsaat.com/hizmetler/sihhi-tesisat/yazihan/";"title ve H1";"Su ve Tesisat"
"yazıhan su deposu temizliği";"yerel";"2";"https://cbinsaat.com/hizmetler/su-deposu-temizligi/yazihan/";"title ve H1";"Su ve Tesisat"
"yazıhan su kaçağı tespiti";"yerel";"2";"https://cbinsaat.com/hizmetler/su-kacagi-tespiti/yazihan/";"title ve H1";"Su ve Tesisat"
"yazıhan tıkalı gider açma";"yerel";"2";"https://cbinsaat.com/hizmetler/tikali-gider-acma/yazihan/";"title ve H1";"Su ve Tesisat"
"yazıhan yangın tesisatı";"yerel";"2";"https://cbinsaat.com/hizmetler/yangin-tesisati/yazihan/";"title ve H1";"Su ve Tesisat"
"yeşilyurt mekanik tesisat";"yerel";"2";"https://cbinsaat.com/hizmetler/mekanik-tesisat/yesilyurt/";"title ve H1";"Su ve Tesisat"
"yeşilyurt petek temizliği";"yerel";"2";"https://cbinsaat.com/hizmetler/petek-temizligi/yesilyurt/";"title ve H1";"Su ve Tesisat"
"yeşilyurt sıhhi tesisat";"yerel";"2";"https://cbinsaat.com/hizmetler/sihhi-tesisat/yesilyurt/";"title ve H1";"Su ve Tesisat"
"yeşilyurt su deposu temizliği";"yerel";"2";"https://cbinsaat.com/hizmetler/su-deposu-temizligi/yesilyurt/";"title ve H1";"Su ve Tesisat"
"yeşilyurt su kaçağı tespiti";"yerel";"2";"https://cbinsaat.com/hizmetler/su-kacagi-tespiti/yesilyurt/";"title ve H1";"Su ve Tesisat"
"yeşilyurt tıkalı gider açma";"yerel";"2";"https://cbinsaat.com/hizmetler/tikali-gider-acma/yesilyurt/";"title ve H1";"Su ve Tesisat"
"yeşilyurt yangın tesisatı";"yerel";"2";"https://cbinsaat.com/hizmetler/yangin-tesisati/yesilyurt/";"title ve H1";"Su ve Tesisat"
"akçadağ anahtar teslim iş yeri";"yerel";"2";"https://cbinsaat.com/hizmetler/anahtar-teslim-is-yeri/akcadag/";"title ve H1";"Ticari Tadilat"
"akçadağ dükkan ve ofis tadilatı";"yerel";"2";"https://cbinsaat.com/hizmetler/dukkan-ofis-tadilati/akcadag/";"title ve H1";"Ticari Tadilat"
"akçadağ kafe ve restoran tadilatı";"yerel";"2";"https://cbinsaat.com/hizmetler/kafe-restoran-tadilati/akcadag/";"title ve H1";"Ticari Tadilat"
"anahtar teslim iş yeri malatya";"ticari";"2";"https://cbinsaat.com/hizmetler/anahtar-teslim-is-yeri/";"gövde metni";"Ticari Tadilat"
"arapgir anahtar teslim iş yeri";"yerel";"2";"https://cbinsaat.com/hizmetler/anahtar-teslim-is-yeri/arapgir/";"title ve H1";"Ticari Tadilat"
"arapgir dükkan ve ofis tadilatı";"yerel";"2";"https://cbinsaat.com/hizmetler/dukkan-ofis-tadilati/arapgir/";"title ve H1";"Ticari Tadilat"
"arapgir kafe ve restoran tadilatı";"yerel";"2";"https://cbinsaat.com/hizmetler/kafe-restoran-tadilati/arapgir/";"title ve H1";"Ticari Tadilat"
"arguvan anahtar teslim iş yeri";"yerel";"2";"https://cbinsaat.com/hizmetler/anahtar-teslim-is-yeri/arguvan/";"title ve H1";"Ticari Tadilat"
"arguvan dükkan ve ofis tadilatı";"yerel";"2";"https://cbinsaat.com/hizmetler/dukkan-ofis-tadilati/arguvan/";"title ve H1";"Ticari Tadilat"
"arguvan kafe ve restoran tadilatı";"yerel";"2";"https://cbinsaat.com/hizmetler/kafe-restoran-tadilati/arguvan/";"title ve H1";"Ticari Tadilat"
"atölye elektrik tesisatı";"ticari";"2";"https://cbinsaat.com/hizmetler/anahtar-teslim-is-yeri/";"gövde ve SSS";"Ticari Tadilat"
"battalgazi anahtar teslim iş yeri";"yerel";"2";"https://cbinsaat.com/hizmetler/anahtar-teslim-is-yeri/battalgazi/";"title ve H1";"Ticari Tadilat"
"battalgazi dükkan ve ofis tadilatı";"yerel";"2";"https://cbinsaat.com/hizmetler/dukkan-ofis-tadilati/battalgazi/";"title ve H1";"Ticari Tadilat"
"battalgazi kafe ve restoran tadilatı";"yerel";"2";"https://cbinsaat.com/hizmetler/kafe-restoran-tadilati/battalgazi/";"title ve H1";"Ticari Tadilat"
"darende anahtar teslim iş yeri";"yerel";"2";"https://cbinsaat.com/hizmetler/anahtar-teslim-is-yeri/darende/";"title ve H1";"Ticari Tadilat"
"darende dükkan ve ofis tadilatı";"yerel";"2";"https://cbinsaat.com/hizmetler/dukkan-ofis-tadilati/darende/";"title ve H1";"Ticari Tadilat"
"darende kafe ve restoran tadilatı";"yerel";"2";"https://cbinsaat.com/hizmetler/kafe-restoran-tadilati/darende/";"title ve H1";"Ticari Tadilat"
"davlumbaz montajı";"ticari";"2";"https://cbinsaat.com/hizmetler/kafe-restoran-tadilati/";"gövde ve SSS";"Ticari Tadilat"
"doğanşehir anahtar teslim iş yeri";"yerel";"2";"https://cbinsaat.com/hizmetler/anahtar-teslim-is-yeri/dogansehir/";"title ve H1";"Ticari Tadilat"
"doğanşehir dükkan ve ofis tadilatı";"yerel";"2";"https://cbinsaat.com/hizmetler/dukkan-ofis-tadilati/dogansehir/";"title ve H1";"Ticari Tadilat"
"doğanşehir kafe ve restoran tadilatı";"yerel";"2";"https://cbinsaat.com/hizmetler/kafe-restoran-tadilati/dogansehir/";"title ve H1";"Ticari Tadilat"
"doğanyol anahtar teslim iş yeri";"yerel";"2";"https://cbinsaat.com/hizmetler/anahtar-teslim-is-yeri/doganyol/";"title ve H1";"Ticari Tadilat"
"doğanyol dükkan ve ofis tadilatı";"yerel";"2";"https://cbinsaat.com/hizmetler/dukkan-ofis-tadilati/doganyol/";"title ve H1";"Ticari Tadilat"
"doğanyol kafe ve restoran tadilatı";"yerel";"2";"https://cbinsaat.com/hizmetler/kafe-restoran-tadilati/doganyol/";"title ve H1";"Ticari Tadilat"
"dükkan tadilatı";"ticari";"2";"https://cbinsaat.com/hizmetler/anahtar-teslim-is-yeri/";"gövde ve SSS";"Ticari Tadilat"
"dükkan ve ofis tadilatı malatya";"ticari";"2";"https://cbinsaat.com/hizmetler/dukkan-ofis-tadilati/";"gövde metni";"Ticari Tadilat"
"endüstriyel mutfak tesisatı";"ticari";"2";"https://cbinsaat.com/hizmetler/kafe-restoran-tadilati/";"gövde ve SSS";"Ticari Tadilat"
"hekimhan anahtar teslim iş yeri";"yerel";"2";"https://cbinsaat.com/hizmetler/anahtar-teslim-is-yeri/hekimhan/";"title ve H1";"Ticari Tadilat"
"hekimhan dükkan ve ofis tadilatı";"yerel";"2";"https://cbinsaat.com/hizmetler/dukkan-ofis-tadilati/hekimhan/";"title ve H1";"Ticari Tadilat"
"hekimhan kafe ve restoran tadilatı";"yerel";"2";"https://cbinsaat.com/hizmetler/kafe-restoran-tadilati/hekimhan/";"title ve H1";"Ticari Tadilat"
"iş yeri elektrik tesisatı";"ticari";"2";"https://cbinsaat.com/hizmetler/dukkan-ofis-tadilati/";"gövde ve SSS";"Ticari Tadilat"
"kafe dekorasyon malatya";"ticari";"2";"https://cbinsaat.com/hizmetler/kafe-restoran-tadilati/";"gövde ve SSS";"Ticari Tadilat"
"kafe ve restoran tadilatı malatya";"ticari";"2";"https://cbinsaat.com/hizmetler/kafe-restoran-tadilati/";"gövde metni";"Ticari Tadilat"
"kale anahtar teslim iş yeri";"yerel";"2";"https://cbinsaat.com/hizmetler/anahtar-teslim-is-yeri/kale/";"title ve H1";"Ticari Tadilat"
"kale dükkan ve ofis tadilatı";"yerel";"2";"https://cbinsaat.com/hizmetler/dukkan-ofis-tadilati/kale/";"title ve H1";"Ticari Tadilat"
"kale kafe ve restoran tadilatı";"yerel";"2";"https://cbinsaat.com/hizmetler/kafe-restoran-tadilati/kale/";"title ve H1";"Ticari Tadilat"
"kuluncak anahtar teslim iş yeri";"yerel";"2";"https://cbinsaat.com/hizmetler/anahtar-teslim-is-yeri/kuluncak/";"title ve H1";"Ticari Tadilat"
"kuluncak dükkan ve ofis tadilatı";"yerel";"2";"https://cbinsaat.com/hizmetler/dukkan-ofis-tadilati/kuluncak/";"title ve H1";"Ticari Tadilat"
"kuluncak kafe ve restoran tadilatı";"yerel";"2";"https://cbinsaat.com/hizmetler/kafe-restoran-tadilati/kuluncak/";"title ve H1";"Ticari Tadilat"
"mağaza yenileme";"ticari";"2";"https://cbinsaat.com/hizmetler/dukkan-ofis-tadilati/";"gövde ve SSS";"Ticari Tadilat"
"malatya anahtar teslim iş yeri firması";"ticari";"2";"https://cbinsaat.com/hizmetler/anahtar-teslim-is-yeri/";"gövde metni";"Ticari Tadilat"
"malatya anahtar teslim iş yeri fiyatları";"ticari";"2";"https://cbinsaat.com/hizmetler/anahtar-teslim-is-yeri/";"fiyatı ne belirler bölümü";"Ticari Tadilat"
"malatya dükkan tadilatı";"ticari";"2";"https://cbinsaat.com/hizmetler/dukkan-ofis-tadilati/";"gövde ve SSS";"Ticari Tadilat"
"malatya dükkan ve ofis tadilatı firması";"ticari";"2";"https://cbinsaat.com/hizmetler/dukkan-ofis-tadilati/";"gövde metni";"Ticari Tadilat"
"malatya dükkan ve ofis tadilatı fiyatları";"ticari";"2";"https://cbinsaat.com/hizmetler/dukkan-ofis-tadilati/";"fiyatı ne belirler bölümü";"Ticari Tadilat"
"malatya kafe tadilatı";"ticari";"2";"https://cbinsaat.com/hizmetler/kafe-restoran-tadilati/";"gövde ve SSS";"Ticari Tadilat"
"malatya kafe ve restoran tadilatı firması";"ticari";"2";"https://cbinsaat.com/hizmetler/kafe-restoran-tadilati/";"gövde metni";"Ticari Tadilat"
"malatya kafe ve restoran tadilatı fiyatları";"ticari";"2";"https://cbinsaat.com/hizmetler/kafe-restoran-tadilati/";"fiyatı ne belirler bölümü";"Ticari Tadilat"
"malatya ofis tadilatı";"ticari";"2";"https://cbinsaat.com/hizmetler/dukkan-ofis-tadilati/";"gövde ve SSS";"Ticari Tadilat"
"ofis kurulumu";"ticari";"2";"https://cbinsaat.com/hizmetler/anahtar-teslim-is-yeri/";"gövde ve SSS";"Ticari Tadilat"
"pütürge anahtar teslim iş yeri";"yerel";"2";"https://cbinsaat.com/hizmetler/anahtar-teslim-is-yeri/puturge/";"title ve H1";"Ticari Tadilat"
"pütürge dükkan ve ofis tadilatı";"yerel";"2";"https://cbinsaat.com/hizmetler/dukkan-ofis-tadilati/puturge/";"title ve H1";"Ticari Tadilat"
"pütürge kafe ve restoran tadilatı";"yerel";"2";"https://cbinsaat.com/hizmetler/kafe-restoran-tadilati/puturge/";"title ve H1";"Ticari Tadilat"
"restoran tadilatı";"ticari";"2";"https://cbinsaat.com/hizmetler/kafe-restoran-tadilati/";"gövde ve SSS";"Ticari Tadilat"
"sanayi sitesi dükkan";"ticari";"2";"https://cbinsaat.com/hizmetler/anahtar-teslim-is-yeri/";"gövde ve SSS";"Ticari Tadilat"
"vitrin aydınlatması";"ticari";"2";"https://cbinsaat.com/hizmetler/dukkan-ofis-tadilati/";"gövde ve SSS";"Ticari Tadilat"
"yazıhan anahtar teslim iş yeri";"yerel";"2";"https://cbinsaat.com/hizmetler/anahtar-teslim-is-yeri/yazihan/";"title ve H1";"Ticari Tadilat"
"yazıhan dükkan ve ofis tadilatı";"yerel";"2";"https://cbinsaat.com/hizmetler/dukkan-ofis-tadilati/yazihan/";"title ve H1";"Ticari Tadilat"
"yazıhan kafe ve restoran tadilatı";"yerel";"2";"https://cbinsaat.com/hizmetler/kafe-restoran-tadilati/yazihan/";"title ve H1";"Ticari Tadilat"
"yeşilyurt anahtar teslim iş yeri";"yerel";"2";"https://cbinsaat.com/hizmetler/anahtar-teslim-is-yeri/yesilyurt/";"title ve H1";"Ticari Tadilat"
"yeşilyurt dükkan ve ofis tadilatı";"yerel";"2";"https://cbinsaat.com/hizmetler/dukkan-ofis-tadilati/yesilyurt/";"title ve H1";"Ticari Tadilat"
"yeşilyurt kafe ve restoran tadilatı";"yerel";"2";"https://cbinsaat.com/hizmetler/kafe-restoran-tadilati/yesilyurt/";"title ve H1";"Ticari Tadilat"
"malatya 1+1 daire tadilatı";"ticari";"2";"https://cbinsaat.com/hizmetler/daire-tadilati/";"gövde metni ve tablo";"Yapı tipi"
"malatya 2+1 daire tadilatı";"ticari";"2";"https://cbinsaat.com/hizmetler/daire-tadilati/";"gövde metni ve tablo";"Yapı tipi"
"malatya 3+1 daire tadilatı";"ticari";"2";"https://cbinsaat.com/hizmetler/daire-tadilati/";"gövde metni ve tablo";"Yapı tipi"
"malatya 4+1 daire tadilatı";"ticari";"2";"https://cbinsaat.com/hizmetler/daire-tadilati/";"gövde metni ve tablo";"Yapı tipi"
"malatya bağ evi tadilatı";"ticari";"2";"https://cbinsaat.com/hizmetler/daire-tadilati/";"gövde metni ve tablo";"Yapı tipi"
"malatya dubleks tadilatı";"ticari";"2";"https://cbinsaat.com/hizmetler/daire-tadilati/";"gövde metni ve tablo";"Yapı tipi"
"malatya müstakil ev tadilatı";"ticari";"2";"https://cbinsaat.com/hizmetler/daire-tadilati/";"gövde metni ve tablo";"Yapı tipi"
"malatya yazlık tadilatı";"ticari";"2";"https://cbinsaat.com/hizmetler/daire-tadilati/";"gövde metni ve tablo";"Yapı tipi"
"anahtar teslim daire ne kadar sürer?";"bilgi";"3";"https://cbinsaat.com/hizmetler/anahtar-teslim-daire/";"SSS bölümü";"Anahtar Teslim Tadilat"
"anahtar teslim tadilata neler dahil?";"bilgi";"3";"https://cbinsaat.com/hizmetler/anahtar-teslim-tadilat/";"SSS bölümü";"Anahtar Teslim Tadilat"
"apartmandan izin gerekir mi?";"bilgi";"3";"https://cbinsaat.com/hizmetler/daire-tadilati/";"SSS bölümü";"Anahtar Teslim Tadilat"
"bahçe sulamasını da yapıyor musunuz?";"bilgi";"3";"https://cbinsaat.com/hizmetler/villa-dubleks-tadilati/";"SSS bölümü";"Anahtar Teslim Tadilat"
"boş dairede mi yapılmalı?";"bilgi";"3";"https://cbinsaat.com/hizmetler/satis-oncesi-ev-yenileme/";"SSS bölümü";"Anahtar Teslim Tadilat"
"daireler boşaltılacak mı?";"bilgi";"3";"https://cbinsaat.com/hizmetler/bina-tesisat-yenileme/";"SSS bölümü";"Anahtar Teslim Tadilat"
"deprem hasarlı yapıda tadilat yapıyor musunuz?";"bilgi";"3";"https://cbinsaat.com/hizmetler/eski-ev-tadilati/";"SSS bölümü";"Anahtar Teslim Tadilat"
"deprem sonrası güçlendirilen binalarda yapılabilir mi?";"bilgi";"3";"https://cbinsaat.com/hizmetler/bina-tesisat-yenileme/";"SSS bölümü";"Anahtar Teslim Tadilat"
"diafon sistemini yenilemek mi tamir etmek mi daha mantıklı?";"bilgi";"3";"https://cbinsaat.com/hizmetler/apartman-ortak-alan-tadilati/";"SSS bölümü";"Anahtar Teslim Tadilat"
"duvardaki çatlaklar kapatılır mı?";"bilgi";"3";"https://cbinsaat.com/hizmetler/deprem-sonrasi-tadilat/";"SSS bölümü";"Anahtar Teslim Tadilat"
"en hızlı ne kadar sürede teslim edersiniz?";"bilgi";"3";"https://cbinsaat.com/hizmetler/kiralik-ev-yenileme/";"SSS bölümü";"Anahtar Teslim Tadilat"
"eski evde tesisat mutlaka yenilenmeli mi?";"bilgi";"3";"https://cbinsaat.com/hizmetler/eski-ev-tadilati/";"SSS bölümü";"Anahtar Teslim Tadilat"
"güçlendirme işini de yapıyor musunuz?";"bilgi";"3";"https://cbinsaat.com/hizmetler/deprem-sonrasi-tadilat/";"SSS bölümü";"Anahtar Teslim Tadilat"
"hangi kaleme öncelik vermeliyim?";"bilgi";"3";"https://cbinsaat.com/hizmetler/kiralik-ev-yenileme/";"SSS bölümü";"Anahtar Teslim Tadilat"
"havuz yapıyor musunuz?";"bilgi";"3";"https://cbinsaat.com/hizmetler/villa-dubleks-tadilati/";"SSS bölümü";"Anahtar Teslim Tadilat"
"iş sırasında bütçe değişir mi?";"bilgi";"3";"https://cbinsaat.com/hizmetler/anahtar-teslim-daire/";"SSS bölümü";"Anahtar Teslim Tadilat"
"kırım sonrası tesisat mutlaka değişmeli mi?";"bilgi";"3";"https://cbinsaat.com/hizmetler/deprem-sonrasi-tadilat/";"SSS bölümü";"Anahtar Teslim Tadilat"
"kışın eski ev tadilatı yapılır mı?";"bilgi";"3";"https://cbinsaat.com/hizmetler/eski-ev-tadilati/";"SSS bölümü";"Anahtar Teslim Tadilat"
"kışın tadilat yapılır mı?";"bilgi";"3";"https://cbinsaat.com/hizmetler/komple-ev-tadilati/";"SSS bölümü";"Anahtar Teslim Tadilat"
"malatya akçadağ anahtar teslim daire";"yerel";"3";"https://cbinsaat.com/hizmetler/anahtar-teslim-daire/akcadag/";"giriş paragrafı";"Anahtar Teslim Tadilat"
"malatya akçadağ anahtar teslim tadilat";"yerel";"3";"https://cbinsaat.com/hizmetler/anahtar-teslim-tadilat/akcadag/";"giriş paragrafı";"Anahtar Teslim Tadilat"
"malatya akçadağ apartman ortak alan tadilatı";"yerel";"3";"https://cbinsaat.com/hizmetler/apartman-ortak-alan-tadilati/akcadag/";"giriş paragrafı";"Anahtar Teslim Tadilat"
"malatya akçadağ bina tesisat yenileme";"yerel";"3";"https://cbinsaat.com/hizmetler/bina-tesisat-yenileme/akcadag/";"giriş paragrafı";"Anahtar Teslim Tadilat"
"malatya akçadağ daire tadilatı";"yerel";"3";"https://cbinsaat.com/hizmetler/daire-tadilati/akcadag/";"giriş paragrafı";"Anahtar Teslim Tadilat"
"malatya akçadağ deprem sonrası iç mekân yenileme";"yerel";"3";"https://cbinsaat.com/hizmetler/deprem-sonrasi-tadilat/akcadag/";"giriş paragrafı";"Anahtar Teslim Tadilat"
"malatya akçadağ eski ev tadilatı";"yerel";"3";"https://cbinsaat.com/hizmetler/eski-ev-tadilati/akcadag/";"giriş paragrafı";"Anahtar Teslim Tadilat"
"malatya akçadağ kiralık ev hazırlama";"yerel";"3";"https://cbinsaat.com/hizmetler/kiralik-ev-yenileme/akcadag/";"giriş paragrafı";"Anahtar Teslim Tadilat"
"malatya akçadağ komple ev tadilatı";"yerel";"3";"https://cbinsaat.com/hizmetler/komple-ev-tadilati/akcadag/";"giriş paragrafı";"Anahtar Teslim Tadilat"
"malatya akçadağ satış öncesi ev yenileme";"yerel";"3";"https://cbinsaat.com/hizmetler/satis-oncesi-ev-yenileme/akcadag/";"giriş paragrafı";"Anahtar Teslim Tadilat"
"malatya akçadağ villa ve dubleks tadilatı";"yerel";"3";"https://cbinsaat.com/hizmetler/villa-dubleks-tadilati/akcadag/";"giriş paragrafı";"Anahtar Teslim Tadilat"
"malatya arapgir anahtar teslim daire";"yerel";"3";"https://cbinsaat.com/hizmetler/anahtar-teslim-daire/arapgir/";"giriş paragrafı";"Anahtar Teslim Tadilat"
"malatya arapgir anahtar teslim tadilat";"yerel";"3";"https://cbinsaat.com/hizmetler/anahtar-teslim-tadilat/arapgir/";"giriş paragrafı";"Anahtar Teslim Tadilat"
"malatya arapgir apartman ortak alan tadilatı";"yerel";"3";"https://cbinsaat.com/hizmetler/apartman-ortak-alan-tadilati/arapgir/";"giriş paragrafı";"Anahtar Teslim Tadilat"
"malatya arapgir bina tesisat yenileme";"yerel";"3";"https://cbinsaat.com/hizmetler/bina-tesisat-yenileme/arapgir/";"giriş paragrafı";"Anahtar Teslim Tadilat"
"malatya arapgir daire tadilatı";"yerel";"3";"https://cbinsaat.com/hizmetler/daire-tadilati/arapgir/";"giriş paragrafı";"Anahtar Teslim Tadilat"
"malatya arapgir deprem sonrası iç mekân yenileme";"yerel";"3";"https://cbinsaat.com/hizmetler/deprem-sonrasi-tadilat/arapgir/";"giriş paragrafı";"Anahtar Teslim Tadilat"
"malatya arapgir eski ev tadilatı";"yerel";"3";"https://cbinsaat.com/hizmetler/eski-ev-tadilati/arapgir/";"giriş paragrafı";"Anahtar Teslim Tadilat"
"malatya arapgir kiralık ev hazırlama";"yerel";"3";"https://cbinsaat.com/hizmetler/kiralik-ev-yenileme/arapgir/";"giriş paragrafı";"Anahtar Teslim Tadilat"
"malatya arapgir komple ev tadilatı";"yerel";"3";"https://cbinsaat.com/hizmetler/komple-ev-tadilati/arapgir/";"giriş paragrafı";"Anahtar Teslim Tadilat"
"malatya arapgir satış öncesi ev yenileme";"yerel";"3";"https://cbinsaat.com/hizmetler/satis-oncesi-ev-yenileme/arapgir/";"giriş paragrafı";"Anahtar Teslim Tadilat"
"malatya arapgir villa ve dubleks tadilatı";"yerel";"3";"https://cbinsaat.com/hizmetler/villa-dubleks-tadilati/arapgir/";"giriş paragrafı";"Anahtar Teslim Tadilat"
"malatya arguvan anahtar teslim daire";"yerel";"3";"https://cbinsaat.com/hizmetler/anahtar-teslim-daire/arguvan/";"giriş paragrafı";"Anahtar Teslim Tadilat"
"malatya arguvan anahtar teslim tadilat";"yerel";"3";"https://cbinsaat.com/hizmetler/anahtar-teslim-tadilat/arguvan/";"giriş paragrafı";"Anahtar Teslim Tadilat"
"malatya arguvan apartman ortak alan tadilatı";"yerel";"3";"https://cbinsaat.com/hizmetler/apartman-ortak-alan-tadilati/arguvan/";"giriş paragrafı";"Anahtar Teslim Tadilat"
"malatya arguvan bina tesisat yenileme";"yerel";"3";"https://cbinsaat.com/hizmetler/bina-tesisat-yenileme/arguvan/";"giriş paragrafı";"Anahtar Teslim Tadilat"
"malatya arguvan daire tadilatı";"yerel";"3";"https://cbinsaat.com/hizmetler/daire-tadilati/arguvan/";"giriş paragrafı";"Anahtar Teslim Tadilat"
"malatya arguvan deprem sonrası iç mekân yenileme";"yerel";"3";"https://cbinsaat.com/hizmetler/deprem-sonrasi-tadilat/arguvan/";"giriş paragrafı";"Anahtar Teslim Tadilat"
"malatya arguvan eski ev tadilatı";"yerel";"3";"https://cbinsaat.com/hizmetler/eski-ev-tadilati/arguvan/";"giriş paragrafı";"Anahtar Teslim Tadilat"
"malatya arguvan kiralık ev hazırlama";"yerel";"3";"https://cbinsaat.com/hizmetler/kiralik-ev-yenileme/arguvan/";"giriş paragrafı";"Anahtar Teslim Tadilat"
"malatya arguvan komple ev tadilatı";"yerel";"3";"https://cbinsaat.com/hizmetler/komple-ev-tadilati/arguvan/";"giriş paragrafı";"Anahtar Teslim Tadilat"
"malatya arguvan satış öncesi ev yenileme";"yerel";"3";"https://cbinsaat.com/hizmetler/satis-oncesi-ev-yenileme/arguvan/";"giriş paragrafı";"Anahtar Teslim Tadilat"
"malatya arguvan villa ve dubleks tadilatı";"yerel";"3";"https://cbinsaat.com/hizmetler/villa-dubleks-tadilati/arguvan/";"giriş paragrafı";"Anahtar Teslim Tadilat"
"malatya battalgazi anahtar teslim daire";"yerel";"3";"https://cbinsaat.com/hizmetler/anahtar-teslim-daire/battalgazi/";"giriş paragrafı";"Anahtar Teslim Tadilat"
"malatya battalgazi anahtar teslim tadilat";"yerel";"3";"https://cbinsaat.com/hizmetler/anahtar-teslim-tadilat/battalgazi/";"giriş paragrafı";"Anahtar Teslim Tadilat"
"malatya battalgazi apartman ortak alan tadilatı";"yerel";"3";"https://cbinsaat.com/hizmetler/apartman-ortak-alan-tadilati/battalgazi/";"giriş paragrafı";"Anahtar Teslim Tadilat"
"malatya battalgazi bina tesisat yenileme";"yerel";"3";"https://cbinsaat.com/hizmetler/bina-tesisat-yenileme/battalgazi/";"giriş paragrafı";"Anahtar Teslim Tadilat"
"malatya battalgazi daire tadilatı";"yerel";"3";"https://cbinsaat.com/hizmetler/daire-tadilati/battalgazi/";"giriş paragrafı";"Anahtar Teslim Tadilat"
"malatya battalgazi deprem sonrası iç mekân yenileme";"yerel";"3";"https://cbinsaat.com/hizmetler/deprem-sonrasi-tadilat/battalgazi/";"giriş paragrafı";"Anahtar Teslim Tadilat"
"malatya battalgazi eski ev tadilatı";"yerel";"3";"https://cbinsaat.com/hizmetler/eski-ev-tadilati/battalgazi/";"giriş paragrafı";"Anahtar Teslim Tadilat"
"malatya battalgazi kiralık ev hazırlama";"yerel";"3";"https://cbinsaat.com/hizmetler/kiralik-ev-yenileme/battalgazi/";"giriş paragrafı";"Anahtar Teslim Tadilat"
"malatya battalgazi komple ev tadilatı";"yerel";"3";"https://cbinsaat.com/hizmetler/komple-ev-tadilati/battalgazi/";"giriş paragrafı";"Anahtar Teslim Tadilat"
"malatya battalgazi satış öncesi ev yenileme";"yerel";"3";"https://cbinsaat.com/hizmetler/satis-oncesi-ev-yenileme/battalgazi/";"giriş paragrafı";"Anahtar Teslim Tadilat"
"malatya battalgazi villa ve dubleks tadilatı";"yerel";"3";"https://cbinsaat.com/hizmetler/villa-dubleks-tadilati/battalgazi/";"giriş paragrafı";"Anahtar Teslim Tadilat"
"malatya darende anahtar teslim daire";"yerel";"3";"https://cbinsaat.com/hizmetler/anahtar-teslim-daire/darende/";"giriş paragrafı";"Anahtar Teslim Tadilat"
"malatya darende anahtar teslim tadilat";"yerel";"3";"https://cbinsaat.com/hizmetler/anahtar-teslim-tadilat/darende/";"giriş paragrafı";"Anahtar Teslim Tadilat"
"malatya darende apartman ortak alan tadilatı";"yerel";"3";"https://cbinsaat.com/hizmetler/apartman-ortak-alan-tadilati/darende/";"giriş paragrafı";"Anahtar Teslim Tadilat"
"malatya darende bina tesisat yenileme";"yerel";"3";"https://cbinsaat.com/hizmetler/bina-tesisat-yenileme/darende/";"giriş paragrafı";"Anahtar Teslim Tadilat"
"malatya darende daire tadilatı";"yerel";"3";"https://cbinsaat.com/hizmetler/daire-tadilati/darende/";"giriş paragrafı";"Anahtar Teslim Tadilat"
"malatya darende deprem sonrası iç mekân yenileme";"yerel";"3";"https://cbinsaat.com/hizmetler/deprem-sonrasi-tadilat/darende/";"giriş paragrafı";"Anahtar Teslim Tadilat"
"malatya darende eski ev tadilatı";"yerel";"3";"https://cbinsaat.com/hizmetler/eski-ev-tadilati/darende/";"giriş paragrafı";"Anahtar Teslim Tadilat"
"malatya darende kiralık ev hazırlama";"yerel";"3";"https://cbinsaat.com/hizmetler/kiralik-ev-yenileme/darende/";"giriş paragrafı";"Anahtar Teslim Tadilat"
"malatya darende komple ev tadilatı";"yerel";"3";"https://cbinsaat.com/hizmetler/komple-ev-tadilati/darende/";"giriş paragrafı";"Anahtar Teslim Tadilat"
"malatya darende satış öncesi ev yenileme";"yerel";"3";"https://cbinsaat.com/hizmetler/satis-oncesi-ev-yenileme/darende/";"giriş paragrafı";"Anahtar Teslim Tadilat"
"malatya darende villa ve dubleks tadilatı";"yerel";"3";"https://cbinsaat.com/hizmetler/villa-dubleks-tadilati/darende/";"giriş paragrafı";"Anahtar Teslim Tadilat"
"malatya doğanşehir anahtar teslim daire";"yerel";"3";"https://cbinsaat.com/hizmetler/anahtar-teslim-daire/dogansehir/";"giriş paragrafı";"Anahtar Teslim Tadilat"
"malatya doğanşehir anahtar teslim tadilat";"yerel";"3";"https://cbinsaat.com/hizmetler/anahtar-teslim-tadilat/dogansehir/";"giriş paragrafı";"Anahtar Teslim Tadilat"
"malatya doğanşehir apartman ortak alan tadilatı";"yerel";"3";"https://cbinsaat.com/hizmetler/apartman-ortak-alan-tadilati/dogansehir/";"giriş paragrafı";"Anahtar Teslim Tadilat"
"malatya doğanşehir bina tesisat yenileme";"yerel";"3";"https://cbinsaat.com/hizmetler/bina-tesisat-yenileme/dogansehir/";"giriş paragrafı";"Anahtar Teslim Tadilat"
"malatya doğanşehir daire tadilatı";"yerel";"3";"https://cbinsaat.com/hizmetler/daire-tadilati/dogansehir/";"giriş paragrafı";"Anahtar Teslim Tadilat"
"malatya doğanşehir deprem sonrası iç mekân yenileme";"yerel";"3";"https://cbinsaat.com/hizmetler/deprem-sonrasi-tadilat/dogansehir/";"giriş paragrafı";"Anahtar Teslim Tadilat"
"malatya doğanşehir eski ev tadilatı";"yerel";"3";"https://cbinsaat.com/hizmetler/eski-ev-tadilati/dogansehir/";"giriş paragrafı";"Anahtar Teslim Tadilat"
"malatya doğanşehir kiralık ev hazırlama";"yerel";"3";"https://cbinsaat.com/hizmetler/kiralik-ev-yenileme/dogansehir/";"giriş paragrafı";"Anahtar Teslim Tadilat"
"malatya doğanşehir komple ev tadilatı";"yerel";"3";"https://cbinsaat.com/hizmetler/komple-ev-tadilati/dogansehir/";"giriş paragrafı";"Anahtar Teslim Tadilat"
"malatya doğanşehir satış öncesi ev yenileme";"yerel";"3";"https://cbinsaat.com/hizmetler/satis-oncesi-ev-yenileme/dogansehir/";"giriş paragrafı";"Anahtar Teslim Tadilat"
"malatya doğanşehir villa ve dubleks tadilatı";"yerel";"3";"https://cbinsaat.com/hizmetler/villa-dubleks-tadilati/dogansehir/";"giriş paragrafı";"Anahtar Teslim Tadilat"
"malatya doğanyol anahtar teslim daire";"yerel";"3";"https://cbinsaat.com/hizmetler/anahtar-teslim-daire/doganyol/";"giriş paragrafı";"Anahtar Teslim Tadilat"
"malatya doğanyol anahtar teslim tadilat";"yerel";"3";"https://cbinsaat.com/hizmetler/anahtar-teslim-tadilat/doganyol/";"giriş paragrafı";"Anahtar Teslim Tadilat"
"malatya doğanyol apartman ortak alan tadilatı";"yerel";"3";"https://cbinsaat.com/hizmetler/apartman-ortak-alan-tadilati/doganyol/";"giriş paragrafı";"Anahtar Teslim Tadilat"
"malatya doğanyol bina tesisat yenileme";"yerel";"3";"https://cbinsaat.com/hizmetler/bina-tesisat-yenileme/doganyol/";"giriş paragrafı";"Anahtar Teslim Tadilat"
"malatya doğanyol daire tadilatı";"yerel";"3";"https://cbinsaat.com/hizmetler/daire-tadilati/doganyol/";"giriş paragrafı";"Anahtar Teslim Tadilat"
"malatya doğanyol deprem sonrası iç mekân yenileme";"yerel";"3";"https://cbinsaat.com/hizmetler/deprem-sonrasi-tadilat/doganyol/";"giriş paragrafı";"Anahtar Teslim Tadilat"
"malatya doğanyol eski ev tadilatı";"yerel";"3";"https://cbinsaat.com/hizmetler/eski-ev-tadilati/doganyol/";"giriş paragrafı";"Anahtar Teslim Tadilat"
"malatya doğanyol kiralık ev hazırlama";"yerel";"3";"https://cbinsaat.com/hizmetler/kiralik-ev-yenileme/doganyol/";"giriş paragrafı";"Anahtar Teslim Tadilat"
"malatya doğanyol komple ev tadilatı";"yerel";"3";"https://cbinsaat.com/hizmetler/komple-ev-tadilati/doganyol/";"giriş paragrafı";"Anahtar Teslim Tadilat"
"malatya doğanyol satış öncesi ev yenileme";"yerel";"3";"https://cbinsaat.com/hizmetler/satis-oncesi-ev-yenileme/doganyol/";"giriş paragrafı";"Anahtar Teslim Tadilat"
"malatya doğanyol villa ve dubleks tadilatı";"yerel";"3";"https://cbinsaat.com/hizmetler/villa-dubleks-tadilati/doganyol/";"giriş paragrafı";"Anahtar Teslim Tadilat"
"malatya hekimhan anahtar teslim daire";"yerel";"3";"https://cbinsaat.com/hizmetler/anahtar-teslim-daire/hekimhan/";"giriş paragrafı";"Anahtar Teslim Tadilat"
"malatya hekimhan anahtar teslim tadilat";"yerel";"3";"https://cbinsaat.com/hizmetler/anahtar-teslim-tadilat/hekimhan/";"giriş paragrafı";"Anahtar Teslim Tadilat"
"malatya hekimhan apartman ortak alan tadilatı";"yerel";"3";"https://cbinsaat.com/hizmetler/apartman-ortak-alan-tadilati/hekimhan/";"giriş paragrafı";"Anahtar Teslim Tadilat"
"malatya hekimhan bina tesisat yenileme";"yerel";"3";"https://cbinsaat.com/hizmetler/bina-tesisat-yenileme/hekimhan/";"giriş paragrafı";"Anahtar Teslim Tadilat"
"malatya hekimhan daire tadilatı";"yerel";"3";"https://cbinsaat.com/hizmetler/daire-tadilati/hekimhan/";"giriş paragrafı";"Anahtar Teslim Tadilat"
"malatya hekimhan deprem sonrası iç mekân yenileme";"yerel";"3";"https://cbinsaat.com/hizmetler/deprem-sonrasi-tadilat/hekimhan/";"giriş paragrafı";"Anahtar Teslim Tadilat"
"malatya hekimhan eski ev tadilatı";"yerel";"3";"https://cbinsaat.com/hizmetler/eski-ev-tadilati/hekimhan/";"giriş paragrafı";"Anahtar Teslim Tadilat"
"malatya hekimhan kiralık ev hazırlama";"yerel";"3";"https://cbinsaat.com/hizmetler/kiralik-ev-yenileme/hekimhan/";"giriş paragrafı";"Anahtar Teslim Tadilat"
"malatya hekimhan komple ev tadilatı";"yerel";"3";"https://cbinsaat.com/hizmetler/komple-ev-tadilati/hekimhan/";"giriş paragrafı";"Anahtar Teslim Tadilat"
"malatya hekimhan satış öncesi ev yenileme";"yerel";"3";"https://cbinsaat.com/hizmetler/satis-oncesi-ev-yenileme/hekimhan/";"giriş paragrafı";"Anahtar Teslim Tadilat"
"malatya hekimhan villa ve dubleks tadilatı";"yerel";"3";"https://cbinsaat.com/hizmetler/villa-dubleks-tadilati/hekimhan/";"giriş paragrafı";"Anahtar Teslim Tadilat"
"malatya kale anahtar teslim daire";"yerel";"3";"https://cbinsaat.com/hizmetler/anahtar-teslim-daire/kale/";"giriş paragrafı";"Anahtar Teslim Tadilat"
"malatya kale anahtar teslim tadilat";"yerel";"3";"https://cbinsaat.com/hizmetler/anahtar-teslim-tadilat/kale/";"giriş paragrafı";"Anahtar Teslim Tadilat"
"malatya kale apartman ortak alan tadilatı";"yerel";"3";"https://cbinsaat.com/hizmetler/apartman-ortak-alan-tadilati/kale/";"giriş paragrafı";"Anahtar Teslim Tadilat"
"malatya kale bina tesisat yenileme";"yerel";"3";"https://cbinsaat.com/hizmetler/bina-tesisat-yenileme/kale/";"giriş paragrafı";"Anahtar Teslim Tadilat"
"malatya kale daire tadilatı";"yerel";"3";"https://cbinsaat.com/hizmetler/daire-tadilati/kale/";"giriş paragrafı";"Anahtar Teslim Tadilat"
"malatya kale deprem sonrası iç mekân yenileme";"yerel";"3";"https://cbinsaat.com/hizmetler/deprem-sonrasi-tadilat/kale/";"giriş paragrafı";"Anahtar Teslim Tadilat"
"malatya kale eski ev tadilatı";"yerel";"3";"https://cbinsaat.com/hizmetler/eski-ev-tadilati/kale/";"giriş paragrafı";"Anahtar Teslim Tadilat"
"malatya kale kiralık ev hazırlama";"yerel";"3";"https://cbinsaat.com/hizmetler/kiralik-ev-yenileme/kale/";"giriş paragrafı";"Anahtar Teslim Tadilat"
"malatya kale komple ev tadilatı";"yerel";"3";"https://cbinsaat.com/hizmetler/komple-ev-tadilati/kale/";"giriş paragrafı";"Anahtar Teslim Tadilat"
"malatya kale satış öncesi ev yenileme";"yerel";"3";"https://cbinsaat.com/hizmetler/satis-oncesi-ev-yenileme/kale/";"giriş paragrafı";"Anahtar Teslim Tadilat"
"malatya kale villa ve dubleks tadilatı";"yerel";"3";"https://cbinsaat.com/hizmetler/villa-dubleks-tadilati/kale/";"giriş paragrafı";"Anahtar Teslim Tadilat"
"malatya kuluncak anahtar teslim daire";"yerel";"3";"https://cbinsaat.com/hizmetler/anahtar-teslim-daire/kuluncak/";"giriş paragrafı";"Anahtar Teslim Tadilat"
"malatya kuluncak anahtar teslim tadilat";"yerel";"3";"https://cbinsaat.com/hizmetler/anahtar-teslim-tadilat/kuluncak/";"giriş paragrafı";"Anahtar Teslim Tadilat"
"malatya kuluncak apartman ortak alan tadilatı";"yerel";"3";"https://cbinsaat.com/hizmetler/apartman-ortak-alan-tadilati/kuluncak/";"giriş paragrafı";"Anahtar Teslim Tadilat"
"malatya kuluncak bina tesisat yenileme";"yerel";"3";"https://cbinsaat.com/hizmetler/bina-tesisat-yenileme/kuluncak/";"giriş paragrafı";"Anahtar Teslim Tadilat"
"malatya kuluncak daire tadilatı";"yerel";"3";"https://cbinsaat.com/hizmetler/daire-tadilati/kuluncak/";"giriş paragrafı";"Anahtar Teslim Tadilat"
"malatya kuluncak deprem sonrası iç mekân yenileme";"yerel";"3";"https://cbinsaat.com/hizmetler/deprem-sonrasi-tadilat/kuluncak/";"giriş paragrafı";"Anahtar Teslim Tadilat"
"malatya kuluncak eski ev tadilatı";"yerel";"3";"https://cbinsaat.com/hizmetler/eski-ev-tadilati/kuluncak/";"giriş paragrafı";"Anahtar Teslim Tadilat"
"malatya kuluncak kiralık ev hazırlama";"yerel";"3";"https://cbinsaat.com/hizmetler/kiralik-ev-yenileme/kuluncak/";"giriş paragrafı";"Anahtar Teslim Tadilat"
"malatya kuluncak komple ev tadilatı";"yerel";"3";"https://cbinsaat.com/hizmetler/komple-ev-tadilati/kuluncak/";"giriş paragrafı";"Anahtar Teslim Tadilat"
"malatya kuluncak satış öncesi ev yenileme";"yerel";"3";"https://cbinsaat.com/hizmetler/satis-oncesi-ev-yenileme/kuluncak/";"giriş paragrafı";"Anahtar Teslim Tadilat"
"malatya kuluncak villa ve dubleks tadilatı";"yerel";"3";"https://cbinsaat.com/hizmetler/villa-dubleks-tadilati/kuluncak/";"giriş paragrafı";"Anahtar Teslim Tadilat"
"malatya pütürge anahtar teslim daire";"yerel";"3";"https://cbinsaat.com/hizmetler/anahtar-teslim-daire/puturge/";"giriş paragrafı";"Anahtar Teslim Tadilat"
"malatya pütürge anahtar teslim tadilat";"yerel";"3";"https://cbinsaat.com/hizmetler/anahtar-teslim-tadilat/puturge/";"giriş paragrafı";"Anahtar Teslim Tadilat"
"malatya pütürge apartman ortak alan tadilatı";"yerel";"3";"https://cbinsaat.com/hizmetler/apartman-ortak-alan-tadilati/puturge/";"giriş paragrafı";"Anahtar Teslim Tadilat"
"malatya pütürge bina tesisat yenileme";"yerel";"3";"https://cbinsaat.com/hizmetler/bina-tesisat-yenileme/puturge/";"giriş paragrafı";"Anahtar Teslim Tadilat"
"malatya pütürge daire tadilatı";"yerel";"3";"https://cbinsaat.com/hizmetler/daire-tadilati/puturge/";"giriş paragrafı";"Anahtar Teslim Tadilat"
"malatya pütürge deprem sonrası iç mekân yenileme";"yerel";"3";"https://cbinsaat.com/hizmetler/deprem-sonrasi-tadilat/puturge/";"giriş paragrafı";"Anahtar Teslim Tadilat"
"malatya pütürge eski ev tadilatı";"yerel";"3";"https://cbinsaat.com/hizmetler/eski-ev-tadilati/puturge/";"giriş paragrafı";"Anahtar Teslim Tadilat"
"malatya pütürge kiralık ev hazırlama";"yerel";"3";"https://cbinsaat.com/hizmetler/kiralik-ev-yenileme/puturge/";"giriş paragrafı";"Anahtar Teslim Tadilat"
"malatya pütürge komple ev tadilatı";"yerel";"3";"https://cbinsaat.com/hizmetler/komple-ev-tadilati/puturge/";"giriş paragrafı";"Anahtar Teslim Tadilat"
"malatya pütürge satış öncesi ev yenileme";"yerel";"3";"https://cbinsaat.com/hizmetler/satis-oncesi-ev-yenileme/puturge/";"giriş paragrafı";"Anahtar Teslim Tadilat"
"malatya pütürge villa ve dubleks tadilatı";"yerel";"3";"https://cbinsaat.com/hizmetler/villa-dubleks-tadilati/puturge/";"giriş paragrafı";"Anahtar Teslim Tadilat"
"malatya yazıhan anahtar teslim daire";"yerel";"3";"https://cbinsaat.com/hizmetler/anahtar-teslim-daire/yazihan/";"giriş paragrafı";"Anahtar Teslim Tadilat"
"malatya yazıhan anahtar teslim tadilat";"yerel";"3";"https://cbinsaat.com/hizmetler/anahtar-teslim-tadilat/yazihan/";"giriş paragrafı";"Anahtar Teslim Tadilat"
"malatya yazıhan apartman ortak alan tadilatı";"yerel";"3";"https://cbinsaat.com/hizmetler/apartman-ortak-alan-tadilati/yazihan/";"giriş paragrafı";"Anahtar Teslim Tadilat"
"malatya yazıhan bina tesisat yenileme";"yerel";"3";"https://cbinsaat.com/hizmetler/bina-tesisat-yenileme/yazihan/";"giriş paragrafı";"Anahtar Teslim Tadilat"
"malatya yazıhan daire tadilatı";"yerel";"3";"https://cbinsaat.com/hizmetler/daire-tadilati/yazihan/";"giriş paragrafı";"Anahtar Teslim Tadilat"
"malatya yazıhan deprem sonrası iç mekân yenileme";"yerel";"3";"https://cbinsaat.com/hizmetler/deprem-sonrasi-tadilat/yazihan/";"giriş paragrafı";"Anahtar Teslim Tadilat"
"malatya yazıhan eski ev tadilatı";"yerel";"3";"https://cbinsaat.com/hizmetler/eski-ev-tadilati/yazihan/";"giriş paragrafı";"Anahtar Teslim Tadilat"
"malatya yazıhan kiralık ev hazırlama";"yerel";"3";"https://cbinsaat.com/hizmetler/kiralik-ev-yenileme/yazihan/";"giriş paragrafı";"Anahtar Teslim Tadilat"
"malatya yazıhan komple ev tadilatı";"yerel";"3";"https://cbinsaat.com/hizmetler/komple-ev-tadilati/yazihan/";"giriş paragrafı";"Anahtar Teslim Tadilat"
"malatya yazıhan satış öncesi ev yenileme";"yerel";"3";"https://cbinsaat.com/hizmetler/satis-oncesi-ev-yenileme/yazihan/";"giriş paragrafı";"Anahtar Teslim Tadilat"
"malatya yazıhan villa ve dubleks tadilatı";"yerel";"3";"https://cbinsaat.com/hizmetler/villa-dubleks-tadilati/yazihan/";"giriş paragrafı";"Anahtar Teslim Tadilat"
"malatya yeşilyurt anahtar teslim daire";"yerel";"3";"https://cbinsaat.com/hizmetler/anahtar-teslim-daire/yesilyurt/";"giriş paragrafı";"Anahtar Teslim Tadilat"
"malatya yeşilyurt anahtar teslim tadilat";"yerel";"3";"https://cbinsaat.com/hizmetler/anahtar-teslim-tadilat/yesilyurt/";"giriş paragrafı";"Anahtar Teslim Tadilat"
"malatya yeşilyurt apartman ortak alan tadilatı";"yerel";"3";"https://cbinsaat.com/hizmetler/apartman-ortak-alan-tadilati/yesilyurt/";"giriş paragrafı";"Anahtar Teslim Tadilat"
"malatya yeşilyurt bina tesisat yenileme";"yerel";"3";"https://cbinsaat.com/hizmetler/bina-tesisat-yenileme/yesilyurt/";"giriş paragrafı";"Anahtar Teslim Tadilat"
"malatya yeşilyurt daire tadilatı";"yerel";"3";"https://cbinsaat.com/hizmetler/daire-tadilati/yesilyurt/";"giriş paragrafı";"Anahtar Teslim Tadilat"
"malatya yeşilyurt deprem sonrası iç mekân yenileme";"yerel";"3";"https://cbinsaat.com/hizmetler/deprem-sonrasi-tadilat/yesilyurt/";"giriş paragrafı";"Anahtar Teslim Tadilat"
"malatya yeşilyurt eski ev tadilatı";"yerel";"3";"https://cbinsaat.com/hizmetler/eski-ev-tadilati/yesilyurt/";"giriş paragrafı";"Anahtar Teslim Tadilat"
"malatya yeşilyurt kiralık ev hazırlama";"yerel";"3";"https://cbinsaat.com/hizmetler/kiralik-ev-yenileme/yesilyurt/";"giriş paragrafı";"Anahtar Teslim Tadilat"
"malatya yeşilyurt komple ev tadilatı";"yerel";"3";"https://cbinsaat.com/hizmetler/komple-ev-tadilati/yesilyurt/";"giriş paragrafı";"Anahtar Teslim Tadilat"
"malatya yeşilyurt satış öncesi ev yenileme";"yerel";"3";"https://cbinsaat.com/hizmetler/satis-oncesi-ev-yenileme/yesilyurt/";"giriş paragrafı";"Anahtar Teslim Tadilat"
"malatya yeşilyurt villa ve dubleks tadilatı";"yerel";"3";"https://cbinsaat.com/hizmetler/villa-dubleks-tadilati/yesilyurt/";"giriş paragrafı";"Anahtar Teslim Tadilat"
"malzemeyi kendim alabilir miyim?";"bilgi";"3";"https://cbinsaat.com/hizmetler/anahtar-teslim-tadilat/";"SSS bölümü";"Anahtar Teslim Tadilat"
"merdiven kapanacak mı?";"bilgi";"3";"https://cbinsaat.com/hizmetler/apartman-ortak-alan-tadilati/";"SSS bölümü";"Anahtar Teslim Tadilat"
"mobilya ve beyaz eşyayı siz mi alıyorsunuz?";"bilgi";"3";"https://cbinsaat.com/hizmetler/anahtar-teslim-daire/";"SSS bölümü";"Anahtar Teslim Tadilat"
"molozu siz mi kaldırıyorsunuz?";"bilgi";"3";"https://cbinsaat.com/hizmetler/daire-tadilati/";"SSS bölümü";"Anahtar Teslim Tadilat"
"ne kadar sürede biter?";"bilgi";"3";"https://cbinsaat.com/hizmetler/satis-oncesi-ev-yenileme/";"SSS bölümü";"Anahtar Teslim Tadilat"
"sadece bir bölümünü yaptırabilir miyim?";"bilgi";"3";"https://cbinsaat.com/hizmetler/anahtar-teslim-daire/";"SSS bölümü";"Anahtar Teslim Tadilat"
"sadece elektrik kolonunu yenilesek yeterli mi?";"bilgi";"3";"https://cbinsaat.com/hizmetler/bina-tesisat-yenileme/";"SSS bölümü";"Anahtar Teslim Tadilat"
"sigorta veya destek süreçleri için belge veriyor musunuz?";"bilgi";"3";"https://cbinsaat.com/hizmetler/deprem-sonrasi-tadilat/";"SSS bölümü";"Anahtar Teslim Tadilat"
"sözleşme yapıyor musunuz?";"bilgi";"3";"https://cbinsaat.com/hizmetler/anahtar-teslim-tadilat/";"SSS bölümü";"Anahtar Teslim Tadilat"
"şehir dışındayım, güvenle nasıl ilerleriz?";"bilgi";"3";"https://cbinsaat.com/hizmetler/anahtar-teslim-daire/";"SSS bölümü";"Anahtar Teslim Tadilat"
"şehir dışındayım, takip edebilir miyim?";"bilgi";"3";"https://cbinsaat.com/hizmetler/kiralik-ev-yenileme/";"SSS bölümü";"Anahtar Teslim Tadilat"
"tadilat maliyeti yeni dairenin altında mı kalır?";"bilgi";"3";"https://cbinsaat.com/hizmetler/eski-ev-tadilati/";"SSS bölümü";"Anahtar Teslim Tadilat"
"tadilat sırasında ek iş çıkarsa ne oluyor?";"bilgi";"3";"https://cbinsaat.com/hizmetler/komple-ev-tadilati/";"SSS bölümü";"Anahtar Teslim Tadilat"
"tadilat sırasında evde oturabilir miyim?";"bilgi";"3";"https://cbinsaat.com/hizmetler/daire-tadilati/";"SSS bölümü";"Anahtar Teslim Tadilat"
"teklif ne kadar sürede geliyor?";"bilgi";"3";"https://cbinsaat.com/hizmetler/anahtar-teslim-tadilat/";"SSS bölümü";"Anahtar Teslim Tadilat"
"tesisatı yenilemeli miyim?";"bilgi";"3";"https://cbinsaat.com/hizmetler/satis-oncesi-ev-yenileme/";"SSS bölümü";"Anahtar Teslim Tadilat"
"ucuz malzeme mi kullanalım?";"bilgi";"3";"https://cbinsaat.com/hizmetler/kiralik-ev-yenileme/";"SSS bölümü";"Anahtar Teslim Tadilat"
"villa tadilatı ne kadar sürer?";"bilgi";"3";"https://cbinsaat.com/hizmetler/villa-dubleks-tadilati/";"SSS bölümü";"Anahtar Teslim Tadilat"
"yenileme masrafı satış fiyatına yansır mı?";"bilgi";"3";"https://cbinsaat.com/hizmetler/satis-oncesi-ev-yenileme/";"SSS bölümü";"Anahtar Teslim Tadilat"
"yönetime sunum dosyası hazırlıyor musunuz?";"bilgi";"3";"https://cbinsaat.com/hizmetler/apartman-ortak-alan-tadilati/";"SSS bölümü";"Anahtar Teslim Tadilat"
"ağ altyapısını da siz kuruyor musunuz?";"bilgi";"3";"https://cbinsaat.com/hizmetler/ofis-ticari-alan/";"SSS bölümü";"Anahtar Teslim Yapım"
"akıllı ev sistemi kuruyor musunuz?";"bilgi";"3";"https://cbinsaat.com/hizmetler/anahtar-teslim-villa/";"SSS bölümü";"Anahtar Teslim Yapım"
"cam bölme mi alçıpan mı?";"bilgi";"3";"https://cbinsaat.com/hizmetler/ofis-ticari-alan/";"SSS bölümü";"Anahtar Teslim Yapım"
"çelik depo ne kadar sürede biter?";"bilgi";"3";"https://cbinsaat.com/hizmetler/depo-atolye-yapimi/";"SSS bölümü";"Anahtar Teslim Yapım"
"deprem açısından güvenli mi?";"bilgi";"3";"https://cbinsaat.com/hizmetler/prefabrik-hafif-celik/";"SSS bölümü";"Anahtar Teslim Yapım"
"elektrik yok, ne yapılabilir?";"bilgi";"3";"https://cbinsaat.com/hizmetler/bag-evi-koy-evi/";"SSS bölümü";"Anahtar Teslim Yapım"
"havuz da yapıyor musunuz?";"bilgi";"3";"https://cbinsaat.com/hizmetler/anahtar-teslim-villa/";"SSS bölümü";"Anahtar Teslim Yapım"
"iş sonrası garanti veriyor musunuz?";"bilgi";"3";"https://cbinsaat.com/hizmetler/anahtar-teslim-insaat/";"SSS bölümü";"Anahtar Teslim Yapım"
"kısmi iş alıyor musunuz?";"bilgi";"3";"https://cbinsaat.com/hizmetler/dukkan-is-yeri-yapimi/";"SSS bölümü";"Anahtar Teslim Yapım"
"malatya akçadağ anahtar teslim inşaat";"yerel";"3";"https://cbinsaat.com/hizmetler/anahtar-teslim-insaat/akcadag/";"giriş paragrafı";"Anahtar Teslim Yapım"
"malatya akçadağ anahtar teslim müstakil ev yapımı";"yerel";"3";"https://cbinsaat.com/hizmetler/anahtar-teslim-mustakil-ev/akcadag/";"giriş paragrafı";"Anahtar Teslim Yapım"
"malatya akçadağ anahtar teslim villa yapımı";"yerel";"3";"https://cbinsaat.com/hizmetler/anahtar-teslim-villa/akcadag/";"giriş paragrafı";"Anahtar Teslim Yapım"
"malatya akçadağ bağ evi ve köy evi yapımı";"yerel";"3";"https://cbinsaat.com/hizmetler/bag-evi-koy-evi/akcadag/";"giriş paragrafı";"Anahtar Teslim Yapım"
"malatya akçadağ depo ve atölye yapımı";"yerel";"3";"https://cbinsaat.com/hizmetler/depo-atolye-yapimi/akcadag/";"giriş paragrafı";"Anahtar Teslim Yapım"
"malatya akçadağ dükkan ve iş yeri yapımı";"yerel";"3";"https://cbinsaat.com/hizmetler/dukkan-is-yeri-yapimi/akcadag/";"giriş paragrafı";"Anahtar Teslim Yapım"
"malatya akçadağ ofis ve ticari alan uygulamaları";"yerel";"3";"https://cbinsaat.com/hizmetler/ofis-ticari-alan/akcadag/";"giriş paragrafı";"Anahtar Teslim Yapım"
"malatya akçadağ prefabrik ve hafif çelik yapı";"yerel";"3";"https://cbinsaat.com/hizmetler/prefabrik-hafif-celik/akcadag/";"giriş paragrafı";"Anahtar Teslim Yapım"
"malatya arapgir anahtar teslim inşaat";"yerel";"3";"https://cbinsaat.com/hizmetler/anahtar-teslim-insaat/arapgir/";"giriş paragrafı";"Anahtar Teslim Yapım"
"malatya arapgir anahtar teslim müstakil ev yapımı";"yerel";"3";"https://cbinsaat.com/hizmetler/anahtar-teslim-mustakil-ev/arapgir/";"giriş paragrafı";"Anahtar Teslim Yapım"
"malatya arapgir anahtar teslim villa yapımı";"yerel";"3";"https://cbinsaat.com/hizmetler/anahtar-teslim-villa/arapgir/";"giriş paragrafı";"Anahtar Teslim Yapım"
"malatya arapgir bağ evi ve köy evi yapımı";"yerel";"3";"https://cbinsaat.com/hizmetler/bag-evi-koy-evi/arapgir/";"giriş paragrafı";"Anahtar Teslim Yapım"
"malatya arapgir depo ve atölye yapımı";"yerel";"3";"https://cbinsaat.com/hizmetler/depo-atolye-yapimi/arapgir/";"giriş paragrafı";"Anahtar Teslim Yapım"
"malatya arapgir dükkan ve iş yeri yapımı";"yerel";"3";"https://cbinsaat.com/hizmetler/dukkan-is-yeri-yapimi/arapgir/";"giriş paragrafı";"Anahtar Teslim Yapım"
"malatya arapgir ofis ve ticari alan uygulamaları";"yerel";"3";"https://cbinsaat.com/hizmetler/ofis-ticari-alan/arapgir/";"giriş paragrafı";"Anahtar Teslim Yapım"
"malatya arapgir prefabrik ve hafif çelik yapı";"yerel";"3";"https://cbinsaat.com/hizmetler/prefabrik-hafif-celik/arapgir/";"giriş paragrafı";"Anahtar Teslim Yapım"
"malatya arguvan anahtar teslim inşaat";"yerel";"3";"https://cbinsaat.com/hizmetler/anahtar-teslim-insaat/arguvan/";"giriş paragrafı";"Anahtar Teslim Yapım"
"malatya arguvan anahtar teslim müstakil ev yapımı";"yerel";"3";"https://cbinsaat.com/hizmetler/anahtar-teslim-mustakil-ev/arguvan/";"giriş paragrafı";"Anahtar Teslim Yapım"
"malatya arguvan anahtar teslim villa yapımı";"yerel";"3";"https://cbinsaat.com/hizmetler/anahtar-teslim-villa/arguvan/";"giriş paragrafı";"Anahtar Teslim Yapım"
"malatya arguvan bağ evi ve köy evi yapımı";"yerel";"3";"https://cbinsaat.com/hizmetler/bag-evi-koy-evi/arguvan/";"giriş paragrafı";"Anahtar Teslim Yapım"
"malatya arguvan depo ve atölye yapımı";"yerel";"3";"https://cbinsaat.com/hizmetler/depo-atolye-yapimi/arguvan/";"giriş paragrafı";"Anahtar Teslim Yapım"
"malatya arguvan dükkan ve iş yeri yapımı";"yerel";"3";"https://cbinsaat.com/hizmetler/dukkan-is-yeri-yapimi/arguvan/";"giriş paragrafı";"Anahtar Teslim Yapım"
"malatya arguvan ofis ve ticari alan uygulamaları";"yerel";"3";"https://cbinsaat.com/hizmetler/ofis-ticari-alan/arguvan/";"giriş paragrafı";"Anahtar Teslim Yapım"
"malatya arguvan prefabrik ve hafif çelik yapı";"yerel";"3";"https://cbinsaat.com/hizmetler/prefabrik-hafif-celik/arguvan/";"giriş paragrafı";"Anahtar Teslim Yapım"
"malatya battalgazi anahtar teslim inşaat";"yerel";"3";"https://cbinsaat.com/hizmetler/anahtar-teslim-insaat/battalgazi/";"giriş paragrafı";"Anahtar Teslim Yapım"
"malatya battalgazi anahtar teslim müstakil ev yapımı";"yerel";"3";"https://cbinsaat.com/hizmetler/anahtar-teslim-mustakil-ev/battalgazi/";"giriş paragrafı";"Anahtar Teslim Yapım"
"malatya battalgazi anahtar teslim villa yapımı";"yerel";"3";"https://cbinsaat.com/hizmetler/anahtar-teslim-villa/battalgazi/";"giriş paragrafı";"Anahtar Teslim Yapım"
"malatya battalgazi bağ evi ve köy evi yapımı";"yerel";"3";"https://cbinsaat.com/hizmetler/bag-evi-koy-evi/battalgazi/";"giriş paragrafı";"Anahtar Teslim Yapım"
"malatya battalgazi depo ve atölye yapımı";"yerel";"3";"https://cbinsaat.com/hizmetler/depo-atolye-yapimi/battalgazi/";"giriş paragrafı";"Anahtar Teslim Yapım"
"malatya battalgazi dükkan ve iş yeri yapımı";"yerel";"3";"https://cbinsaat.com/hizmetler/dukkan-is-yeri-yapimi/battalgazi/";"giriş paragrafı";"Anahtar Teslim Yapım"
"malatya battalgazi ofis ve ticari alan uygulamaları";"yerel";"3";"https://cbinsaat.com/hizmetler/ofis-ticari-alan/battalgazi/";"giriş paragrafı";"Anahtar Teslim Yapım"
"malatya battalgazi prefabrik ve hafif çelik yapı";"yerel";"3";"https://cbinsaat.com/hizmetler/prefabrik-hafif-celik/battalgazi/";"giriş paragrafı";"Anahtar Teslim Yapım"
"malatya darende anahtar teslim inşaat";"yerel";"3";"https://cbinsaat.com/hizmetler/anahtar-teslim-insaat/darende/";"giriş paragrafı";"Anahtar Teslim Yapım"
"malatya darende anahtar teslim müstakil ev yapımı";"yerel";"3";"https://cbinsaat.com/hizmetler/anahtar-teslim-mustakil-ev/darende/";"giriş paragrafı";"Anahtar Teslim Yapım"
"malatya darende anahtar teslim villa yapımı";"yerel";"3";"https://cbinsaat.com/hizmetler/anahtar-teslim-villa/darende/";"giriş paragrafı";"Anahtar Teslim Yapım"
"malatya darende bağ evi ve köy evi yapımı";"yerel";"3";"https://cbinsaat.com/hizmetler/bag-evi-koy-evi/darende/";"giriş paragrafı";"Anahtar Teslim Yapım"
"malatya darende depo ve atölye yapımı";"yerel";"3";"https://cbinsaat.com/hizmetler/depo-atolye-yapimi/darende/";"giriş paragrafı";"Anahtar Teslim Yapım"
"malatya darende dükkan ve iş yeri yapımı";"yerel";"3";"https://cbinsaat.com/hizmetler/dukkan-is-yeri-yapimi/darende/";"giriş paragrafı";"Anahtar Teslim Yapım"
"malatya darende ofis ve ticari alan uygulamaları";"yerel";"3";"https://cbinsaat.com/hizmetler/ofis-ticari-alan/darende/";"giriş paragrafı";"Anahtar Teslim Yapım"
"malatya darende prefabrik ve hafif çelik yapı";"yerel";"3";"https://cbinsaat.com/hizmetler/prefabrik-hafif-celik/darende/";"giriş paragrafı";"Anahtar Teslim Yapım"
"malatya doğanşehir anahtar teslim inşaat";"yerel";"3";"https://cbinsaat.com/hizmetler/anahtar-teslim-insaat/dogansehir/";"giriş paragrafı";"Anahtar Teslim Yapım"
"malatya doğanşehir anahtar teslim müstakil ev yapımı";"yerel";"3";"https://cbinsaat.com/hizmetler/anahtar-teslim-mustakil-ev/dogansehir/";"giriş paragrafı";"Anahtar Teslim Yapım"
"malatya doğanşehir anahtar teslim villa yapımı";"yerel";"3";"https://cbinsaat.com/hizmetler/anahtar-teslim-villa/dogansehir/";"giriş paragrafı";"Anahtar Teslim Yapım"
"malatya doğanşehir bağ evi ve köy evi yapımı";"yerel";"3";"https://cbinsaat.com/hizmetler/bag-evi-koy-evi/dogansehir/";"giriş paragrafı";"Anahtar Teslim Yapım"
"malatya doğanşehir depo ve atölye yapımı";"yerel";"3";"https://cbinsaat.com/hizmetler/depo-atolye-yapimi/dogansehir/";"giriş paragrafı";"Anahtar Teslim Yapım"
"malatya doğanşehir dükkan ve iş yeri yapımı";"yerel";"3";"https://cbinsaat.com/hizmetler/dukkan-is-yeri-yapimi/dogansehir/";"giriş paragrafı";"Anahtar Teslim Yapım"
"malatya doğanşehir ofis ve ticari alan uygulamaları";"yerel";"3";"https://cbinsaat.com/hizmetler/ofis-ticari-alan/dogansehir/";"giriş paragrafı";"Anahtar Teslim Yapım"
"malatya doğanşehir prefabrik ve hafif çelik yapı";"yerel";"3";"https://cbinsaat.com/hizmetler/prefabrik-hafif-celik/dogansehir/";"giriş paragrafı";"Anahtar Teslim Yapım"
"malatya doğanyol anahtar teslim inşaat";"yerel";"3";"https://cbinsaat.com/hizmetler/anahtar-teslim-insaat/doganyol/";"giriş paragrafı";"Anahtar Teslim Yapım"
"malatya doğanyol anahtar teslim müstakil ev yapımı";"yerel";"3";"https://cbinsaat.com/hizmetler/anahtar-teslim-mustakil-ev/doganyol/";"giriş paragrafı";"Anahtar Teslim Yapım"
"malatya doğanyol anahtar teslim villa yapımı";"yerel";"3";"https://cbinsaat.com/hizmetler/anahtar-teslim-villa/doganyol/";"giriş paragrafı";"Anahtar Teslim Yapım"
"malatya doğanyol bağ evi ve köy evi yapımı";"yerel";"3";"https://cbinsaat.com/hizmetler/bag-evi-koy-evi/doganyol/";"giriş paragrafı";"Anahtar Teslim Yapım"
"malatya doğanyol depo ve atölye yapımı";"yerel";"3";"https://cbinsaat.com/hizmetler/depo-atolye-yapimi/doganyol/";"giriş paragrafı";"Anahtar Teslim Yapım"
"malatya doğanyol dükkan ve iş yeri yapımı";"yerel";"3";"https://cbinsaat.com/hizmetler/dukkan-is-yeri-yapimi/doganyol/";"giriş paragrafı";"Anahtar Teslim Yapım"
"malatya doğanyol ofis ve ticari alan uygulamaları";"yerel";"3";"https://cbinsaat.com/hizmetler/ofis-ticari-alan/doganyol/";"giriş paragrafı";"Anahtar Teslim Yapım"
"malatya doğanyol prefabrik ve hafif çelik yapı";"yerel";"3";"https://cbinsaat.com/hizmetler/prefabrik-hafif-celik/doganyol/";"giriş paragrafı";"Anahtar Teslim Yapım"
"malatya hekimhan anahtar teslim inşaat";"yerel";"3";"https://cbinsaat.com/hizmetler/anahtar-teslim-insaat/hekimhan/";"giriş paragrafı";"Anahtar Teslim Yapım"
"malatya hekimhan anahtar teslim müstakil ev yapımı";"yerel";"3";"https://cbinsaat.com/hizmetler/anahtar-teslim-mustakil-ev/hekimhan/";"giriş paragrafı";"Anahtar Teslim Yapım"
"malatya hekimhan anahtar teslim villa yapımı";"yerel";"3";"https://cbinsaat.com/hizmetler/anahtar-teslim-villa/hekimhan/";"giriş paragrafı";"Anahtar Teslim Yapım"
"malatya hekimhan bağ evi ve köy evi yapımı";"yerel";"3";"https://cbinsaat.com/hizmetler/bag-evi-koy-evi/hekimhan/";"giriş paragrafı";"Anahtar Teslim Yapım"
"malatya hekimhan depo ve atölye yapımı";"yerel";"3";"https://cbinsaat.com/hizmetler/depo-atolye-yapimi/hekimhan/";"giriş paragrafı";"Anahtar Teslim Yapım"
"malatya hekimhan dükkan ve iş yeri yapımı";"yerel";"3";"https://cbinsaat.com/hizmetler/dukkan-is-yeri-yapimi/hekimhan/";"giriş paragrafı";"Anahtar Teslim Yapım"
"malatya hekimhan ofis ve ticari alan uygulamaları";"yerel";"3";"https://cbinsaat.com/hizmetler/ofis-ticari-alan/hekimhan/";"giriş paragrafı";"Anahtar Teslim Yapım"
"malatya hekimhan prefabrik ve hafif çelik yapı";"yerel";"3";"https://cbinsaat.com/hizmetler/prefabrik-hafif-celik/hekimhan/";"giriş paragrafı";"Anahtar Teslim Yapım"
"malatya kale anahtar teslim inşaat";"yerel";"3";"https://cbinsaat.com/hizmetler/anahtar-teslim-insaat/kale/";"giriş paragrafı";"Anahtar Teslim Yapım"
"malatya kale anahtar teslim müstakil ev yapımı";"yerel";"3";"https://cbinsaat.com/hizmetler/anahtar-teslim-mustakil-ev/kale/";"giriş paragrafı";"Anahtar Teslim Yapım"
"malatya kale anahtar teslim villa yapımı";"yerel";"3";"https://cbinsaat.com/hizmetler/anahtar-teslim-villa/kale/";"giriş paragrafı";"Anahtar Teslim Yapım"
"malatya kale bağ evi ve köy evi yapımı";"yerel";"3";"https://cbinsaat.com/hizmetler/bag-evi-koy-evi/kale/";"giriş paragrafı";"Anahtar Teslim Yapım"
"malatya kale depo ve atölye yapımı";"yerel";"3";"https://cbinsaat.com/hizmetler/depo-atolye-yapimi/kale/";"giriş paragrafı";"Anahtar Teslim Yapım"
"malatya kale dükkan ve iş yeri yapımı";"yerel";"3";"https://cbinsaat.com/hizmetler/dukkan-is-yeri-yapimi/kale/";"giriş paragrafı";"Anahtar Teslim Yapım"
"malatya kale ofis ve ticari alan uygulamaları";"yerel";"3";"https://cbinsaat.com/hizmetler/ofis-ticari-alan/kale/";"giriş paragrafı";"Anahtar Teslim Yapım"
"malatya kale prefabrik ve hafif çelik yapı";"yerel";"3";"https://cbinsaat.com/hizmetler/prefabrik-hafif-celik/kale/";"giriş paragrafı";"Anahtar Teslim Yapım"
"malatya kuluncak anahtar teslim inşaat";"yerel";"3";"https://cbinsaat.com/hizmetler/anahtar-teslim-insaat/kuluncak/";"giriş paragrafı";"Anahtar Teslim Yapım"
"malatya kuluncak anahtar teslim müstakil ev yapımı";"yerel";"3";"https://cbinsaat.com/hizmetler/anahtar-teslim-mustakil-ev/kuluncak/";"giriş paragrafı";"Anahtar Teslim Yapım"
"malatya kuluncak anahtar teslim villa yapımı";"yerel";"3";"https://cbinsaat.com/hizmetler/anahtar-teslim-villa/kuluncak/";"giriş paragrafı";"Anahtar Teslim Yapım"
"malatya kuluncak bağ evi ve köy evi yapımı";"yerel";"3";"https://cbinsaat.com/hizmetler/bag-evi-koy-evi/kuluncak/";"giriş paragrafı";"Anahtar Teslim Yapım"
"malatya kuluncak depo ve atölye yapımı";"yerel";"3";"https://cbinsaat.com/hizmetler/depo-atolye-yapimi/kuluncak/";"giriş paragrafı";"Anahtar Teslim Yapım"
"malatya kuluncak dükkan ve iş yeri yapımı";"yerel";"3";"https://cbinsaat.com/hizmetler/dukkan-is-yeri-yapimi/kuluncak/";"giriş paragrafı";"Anahtar Teslim Yapım"
"malatya kuluncak ofis ve ticari alan uygulamaları";"yerel";"3";"https://cbinsaat.com/hizmetler/ofis-ticari-alan/kuluncak/";"giriş paragrafı";"Anahtar Teslim Yapım"
"malatya kuluncak prefabrik ve hafif çelik yapı";"yerel";"3";"https://cbinsaat.com/hizmetler/prefabrik-hafif-celik/kuluncak/";"giriş paragrafı";"Anahtar Teslim Yapım"
"malatya pütürge anahtar teslim inşaat";"yerel";"3";"https://cbinsaat.com/hizmetler/anahtar-teslim-insaat/puturge/";"giriş paragrafı";"Anahtar Teslim Yapım"
"malatya pütürge anahtar teslim müstakil ev yapımı";"yerel";"3";"https://cbinsaat.com/hizmetler/anahtar-teslim-mustakil-ev/puturge/";"giriş paragrafı";"Anahtar Teslim Yapım"
"malatya pütürge anahtar teslim villa yapımı";"yerel";"3";"https://cbinsaat.com/hizmetler/anahtar-teslim-villa/puturge/";"giriş paragrafı";"Anahtar Teslim Yapım"
"malatya pütürge bağ evi ve köy evi yapımı";"yerel";"3";"https://cbinsaat.com/hizmetler/bag-evi-koy-evi/puturge/";"giriş paragrafı";"Anahtar Teslim Yapım"
"malatya pütürge depo ve atölye yapımı";"yerel";"3";"https://cbinsaat.com/hizmetler/depo-atolye-yapimi/puturge/";"giriş paragrafı";"Anahtar Teslim Yapım"
"malatya pütürge dükkan ve iş yeri yapımı";"yerel";"3";"https://cbinsaat.com/hizmetler/dukkan-is-yeri-yapimi/puturge/";"giriş paragrafı";"Anahtar Teslim Yapım"
"malatya pütürge ofis ve ticari alan uygulamaları";"yerel";"3";"https://cbinsaat.com/hizmetler/ofis-ticari-alan/puturge/";"giriş paragrafı";"Anahtar Teslim Yapım"
"malatya pütürge prefabrik ve hafif çelik yapı";"yerel";"3";"https://cbinsaat.com/hizmetler/prefabrik-hafif-celik/puturge/";"giriş paragrafı";"Anahtar Teslim Yapım"
"malatya yazıhan anahtar teslim inşaat";"yerel";"3";"https://cbinsaat.com/hizmetler/anahtar-teslim-insaat/yazihan/";"giriş paragrafı";"Anahtar Teslim Yapım"
"malatya yazıhan anahtar teslim müstakil ev yapımı";"yerel";"3";"https://cbinsaat.com/hizmetler/anahtar-teslim-mustakil-ev/yazihan/";"giriş paragrafı";"Anahtar Teslim Yapım"
"malatya yazıhan anahtar teslim villa yapımı";"yerel";"3";"https://cbinsaat.com/hizmetler/anahtar-teslim-villa/yazihan/";"giriş paragrafı";"Anahtar Teslim Yapım"
"malatya yazıhan bağ evi ve köy evi yapımı";"yerel";"3";"https://cbinsaat.com/hizmetler/bag-evi-koy-evi/yazihan/";"giriş paragrafı";"Anahtar Teslim Yapım"
"malatya yazıhan depo ve atölye yapımı";"yerel";"3";"https://cbinsaat.com/hizmetler/depo-atolye-yapimi/yazihan/";"giriş paragrafı";"Anahtar Teslim Yapım"
"malatya yazıhan dükkan ve iş yeri yapımı";"yerel";"3";"https://cbinsaat.com/hizmetler/dukkan-is-yeri-yapimi/yazihan/";"giriş paragrafı";"Anahtar Teslim Yapım"
"malatya yazıhan ofis ve ticari alan uygulamaları";"yerel";"3";"https://cbinsaat.com/hizmetler/ofis-ticari-alan/yazihan/";"giriş paragrafı";"Anahtar Teslim Yapım"
"malatya yazıhan prefabrik ve hafif çelik yapı";"yerel";"3";"https://cbinsaat.com/hizmetler/prefabrik-hafif-celik/yazihan/";"giriş paragrafı";"Anahtar Teslim Yapım"
"malatya yeşilyurt anahtar teslim inşaat";"yerel";"3";"https://cbinsaat.com/hizmetler/anahtar-teslim-insaat/yesilyurt/";"giriş paragrafı";"Anahtar Teslim Yapım"
"malatya yeşilyurt anahtar teslim müstakil ev yapımı";"yerel";"3";"https://cbinsaat.com/hizmetler/anahtar-teslim-mustakil-ev/yesilyurt/";"giriş paragrafı";"Anahtar Teslim Yapım"
"malatya yeşilyurt anahtar teslim villa yapımı";"yerel";"3";"https://cbinsaat.com/hizmetler/anahtar-teslim-villa/yesilyurt/";"giriş paragrafı";"Anahtar Teslim Yapım"
"malatya yeşilyurt bağ evi ve köy evi yapımı";"yerel";"3";"https://cbinsaat.com/hizmetler/bag-evi-koy-evi/yesilyurt/";"giriş paragrafı";"Anahtar Teslim Yapım"
"malatya yeşilyurt depo ve atölye yapımı";"yerel";"3";"https://cbinsaat.com/hizmetler/depo-atolye-yapimi/yesilyurt/";"giriş paragrafı";"Anahtar Teslim Yapım"
"malatya yeşilyurt dükkan ve iş yeri yapımı";"yerel";"3";"https://cbinsaat.com/hizmetler/dukkan-is-yeri-yapimi/yesilyurt/";"giriş paragrafı";"Anahtar Teslim Yapım"
"malatya yeşilyurt ofis ve ticari alan uygulamaları";"yerel";"3";"https://cbinsaat.com/hizmetler/ofis-ticari-alan/yesilyurt/";"giriş paragrafı";"Anahtar Teslim Yapım"
"malatya yeşilyurt prefabrik ve hafif çelik yapı";"yerel";"3";"https://cbinsaat.com/hizmetler/prefabrik-hafif-celik/yesilyurt/";"giriş paragrafı";"Anahtar Teslim Yapım"
"mevcut depoya ara kat eklenir mi?";"bilgi";"3";"https://cbinsaat.com/hizmetler/depo-atolye-yapimi/";"SSS bölümü";"Anahtar Teslim Yapım"
"mutfaklı işletmelerde baca yapıyor musunuz?";"bilgi";"3";"https://cbinsaat.com/hizmetler/dukkan-is-yeri-yapimi/";"SSS bölümü";"Anahtar Teslim Yapım"
"prefabrik yapıya ısıtma kurulur mu?";"bilgi";"3";"https://cbinsaat.com/hizmetler/prefabrik-hafif-celik/";"SSS bölümü";"Anahtar Teslim Yapım"
"proje ve ruhsat işlerini siz mi yapıyorsunuz?";"bilgi";"3";"https://cbinsaat.com/hizmetler/anahtar-teslim-mustakil-ev/";"SSS bölümü";"Anahtar Teslim Yapım"
"ruhsat ve iş yeri açma izni işlerini yapıyor musunuz?";"bilgi";"3";"https://cbinsaat.com/hizmetler/dukkan-is-yeri-yapimi/";"SSS bölümü";"Anahtar Teslim Yapım"
"sanayi sitesindeki dükkânda çalışıyor musunuz?";"bilgi";"3";"https://cbinsaat.com/hizmetler/depo-atolye-yapimi/";"SSS bölümü";"Anahtar Teslim Yapım"
"sulama sistemini de siz kuruyor musunuz?";"bilgi";"3";"https://cbinsaat.com/hizmetler/bag-evi-koy-evi/";"SSS bölümü";"Anahtar Teslim Yapım"
"şehir dışına da geliyor musunuz?";"bilgi";"3";"https://cbinsaat.com/hizmetler/bag-evi-koy-evi/";"SSS bölümü";"Anahtar Teslim Yapım"
"villa yapımı ne kadar sürer?";"bilgi";"3";"https://cbinsaat.com/hizmetler/anahtar-teslim-villa/";"SSS bölümü";"Anahtar Teslim Yapım"
"yangın tesisatı zorunlu mu?";"bilgi";"3";"https://cbinsaat.com/hizmetler/depo-atolye-yapimi/";"SSS bölümü";"Anahtar Teslim Yapım"
"yarım kalmış bir villayı devralır mısınız?";"bilgi";"3";"https://cbinsaat.com/hizmetler/anahtar-teslim-villa/";"SSS bölümü";"Anahtar Teslim Yapım"
"bahçe aydınlatmasını da siz yapıyor musunuz?";"bilgi";"3";"https://cbinsaat.com/hizmetler/bahce-cevre-duzenleme/";"SSS bölümü";"Bahçe ve Çevre"
"bahçe kapısına motor takılır mı?";"bilgi";"3";"https://cbinsaat.com/hizmetler/demir-korkuluk/";"SSS bölümü";"Bahçe ve Çevre"
"istinat duvarı için proje gerekiyor mu?";"bilgi";"3";"https://cbinsaat.com/hizmetler/bahce-cevre-duzenleme/";"SSS bölümü";"Bahçe ve Çevre"
"malatya akçadağ bahçe ve çevre düzenleme";"yerel";"3";"https://cbinsaat.com/hizmetler/bahce-cevre-duzenleme/akcadag/";"giriş paragrafı";"Bahçe ve Çevre"
"malatya akçadağ demir korkuluk, bahçe kapısı ve sundurma";"yerel";"3";"https://cbinsaat.com/hizmetler/demir-korkuluk/akcadag/";"giriş paragrafı";"Bahçe ve Çevre"
"malatya arapgir bahçe ve çevre düzenleme";"yerel";"3";"https://cbinsaat.com/hizmetler/bahce-cevre-duzenleme/arapgir/";"giriş paragrafı";"Bahçe ve Çevre"
"malatya arapgir demir korkuluk, bahçe kapısı ve sundurma";"yerel";"3";"https://cbinsaat.com/hizmetler/demir-korkuluk/arapgir/";"giriş paragrafı";"Bahçe ve Çevre"
"malatya arguvan bahçe ve çevre düzenleme";"yerel";"3";"https://cbinsaat.com/hizmetler/bahce-cevre-duzenleme/arguvan/";"giriş paragrafı";"Bahçe ve Çevre"
"malatya arguvan demir korkuluk, bahçe kapısı ve sundurma";"yerel";"3";"https://cbinsaat.com/hizmetler/demir-korkuluk/arguvan/";"giriş paragrafı";"Bahçe ve Çevre"
"malatya battalgazi bahçe ve çevre düzenleme";"yerel";"3";"https://cbinsaat.com/hizmetler/bahce-cevre-duzenleme/battalgazi/";"giriş paragrafı";"Bahçe ve Çevre"
"malatya battalgazi demir korkuluk, bahçe kapısı ve sundurma";"yerel";"3";"https://cbinsaat.com/hizmetler/demir-korkuluk/battalgazi/";"giriş paragrafı";"Bahçe ve Çevre"
"malatya darende bahçe ve çevre düzenleme";"yerel";"3";"https://cbinsaat.com/hizmetler/bahce-cevre-duzenleme/darende/";"giriş paragrafı";"Bahçe ve Çevre"
"malatya darende demir korkuluk, bahçe kapısı ve sundurma";"yerel";"3";"https://cbinsaat.com/hizmetler/demir-korkuluk/darende/";"giriş paragrafı";"Bahçe ve Çevre"
"malatya doğanşehir bahçe ve çevre düzenleme";"yerel";"3";"https://cbinsaat.com/hizmetler/bahce-cevre-duzenleme/dogansehir/";"giriş paragrafı";"Bahçe ve Çevre"
"malatya doğanşehir demir korkuluk, bahçe kapısı ve sundurma";"yerel";"3";"https://cbinsaat.com/hizmetler/demir-korkuluk/dogansehir/";"giriş paragrafı";"Bahçe ve Çevre"
"malatya doğanyol bahçe ve çevre düzenleme";"yerel";"3";"https://cbinsaat.com/hizmetler/bahce-cevre-duzenleme/doganyol/";"giriş paragrafı";"Bahçe ve Çevre"
"malatya doğanyol demir korkuluk, bahçe kapısı ve sundurma";"yerel";"3";"https://cbinsaat.com/hizmetler/demir-korkuluk/doganyol/";"giriş paragrafı";"Bahçe ve Çevre"
"malatya hekimhan bahçe ve çevre düzenleme";"yerel";"3";"https://cbinsaat.com/hizmetler/bahce-cevre-duzenleme/hekimhan/";"giriş paragrafı";"Bahçe ve Çevre"
"malatya hekimhan demir korkuluk, bahçe kapısı ve sundurma";"yerel";"3";"https://cbinsaat.com/hizmetler/demir-korkuluk/hekimhan/";"giriş paragrafı";"Bahçe ve Çevre"
"malatya kale bahçe ve çevre düzenleme";"yerel";"3";"https://cbinsaat.com/hizmetler/bahce-cevre-duzenleme/kale/";"giriş paragrafı";"Bahçe ve Çevre"
"malatya kale demir korkuluk, bahçe kapısı ve sundurma";"yerel";"3";"https://cbinsaat.com/hizmetler/demir-korkuluk/kale/";"giriş paragrafı";"Bahçe ve Çevre"
"malatya kuluncak bahçe ve çevre düzenleme";"yerel";"3";"https://cbinsaat.com/hizmetler/bahce-cevre-duzenleme/kuluncak/";"giriş paragrafı";"Bahçe ve Çevre"
"malatya kuluncak demir korkuluk, bahçe kapısı ve sundurma";"yerel";"3";"https://cbinsaat.com/hizmetler/demir-korkuluk/kuluncak/";"giriş paragrafı";"Bahçe ve Çevre"
"malatya pütürge bahçe ve çevre düzenleme";"yerel";"3";"https://cbinsaat.com/hizmetler/bahce-cevre-duzenleme/puturge/";"giriş paragrafı";"Bahçe ve Çevre"
"malatya pütürge demir korkuluk, bahçe kapısı ve sundurma";"yerel";"3";"https://cbinsaat.com/hizmetler/demir-korkuluk/puturge/";"giriş paragrafı";"Bahçe ve Çevre"
"malatya yazıhan bahçe ve çevre düzenleme";"yerel";"3";"https://cbinsaat.com/hizmetler/bahce-cevre-duzenleme/yazihan/";"giriş paragrafı";"Bahçe ve Çevre"
"malatya yazıhan demir korkuluk, bahçe kapısı ve sundurma";"yerel";"3";"https://cbinsaat.com/hizmetler/demir-korkuluk/yazihan/";"giriş paragrafı";"Bahçe ve Çevre"
"malatya yeşilyurt bahçe ve çevre düzenleme";"yerel";"3";"https://cbinsaat.com/hizmetler/bahce-cevre-duzenleme/yesilyurt/";"giriş paragrafı";"Bahçe ve Çevre"
"malatya yeşilyurt demir korkuluk, bahçe kapısı ve sundurma";"yerel";"3";"https://cbinsaat.com/hizmetler/demir-korkuluk/yesilyurt/";"giriş paragrafı";"Bahçe ve Çevre"
"mevcut korkuluğu boyatabilir miyim?";"bilgi";"3";"https://cbinsaat.com/hizmetler/demir-korkuluk/";"SSS bölümü";"Bahçe ve Çevre"
"otomatik sulama kurar mısınız?";"bilgi";"3";"https://cbinsaat.com/hizmetler/bahce-cevre-duzenleme/";"SSS bölümü";"Bahçe ve Çevre"
"ölçüyü siz mi alıyorsunuz?";"bilgi";"3";"https://cbinsaat.com/hizmetler/demir-korkuluk/";"SSS bölümü";"Bahçe ve Çevre"
"1+1 tadilat";"bilgi";"3";"https://cbinsaat.com/blog/kucuk-daireyi-buyuk-gostermek/";"gövde ve H2";"Blog"
"3+1 daire tadilatı kaç gün sürer?";"bilgi";"3";"https://cbinsaat.com/blog/daire-tadilati-is-sirasi/";"SSS bölümü";"Blog"
"acil elektrik arızası";"bilgi";"3";"https://cbinsaat.com/blog/acil-elektrik-arizasinda-ne-yapilir/";"gövde ve H2";"Blog"
"açılış tarihine yetiştirebilir misiniz?";"bilgi";"3";"https://cbinsaat.com/blog/dukkan-tadilatinda-acilis-takvimi/";"SSS bölümü";"Blog"
"ağ altyapısı";"bilgi";"3";"https://cbinsaat.com/blog/ofis-kurulumunda-altyapi/";"gövde ve H2";"Blog"
"akıllı ev altyapısı şimdiden bırakılmalı mı?";"bilgi";"3";"https://cbinsaat.com/blog/ev-elektrik-tesisati-maliyeti/";"SSS bölümü";"Blog"
"akustik dinleme";"bilgi";"3";"https://cbinsaat.com/blog/su-kacagi-nasil-bulunur-blog/";"gövde ve H2";"Blog"
"alan kazanma";"bilgi";"3";"https://cbinsaat.com/blog/kucuk-daireyi-buyuk-gostermek/";"gövde ve H2";"Blog"
"alçı sıva";"bilgi";"3";"https://cbinsaat.com/blog/alci-mi-macun-mu/";"gövde ve H2";"Blog"
"alçıpan";"bilgi";"3";"https://cbinsaat.com/blog/alcipan-nerede-kullanilir/";"gövde ve H2";"Blog"
"alçıpan duvar ses geçirir mi?";"bilgi";"3";"https://cbinsaat.com/blog/alcipan-nerede-kullanilir/";"SSS bölümü";"Blog"
"alçıpan tavan kaç santim alçaltır?";"bilgi";"3";"https://cbinsaat.com/blog/alcipan-nerede-kullanilir/";"SSS bölümü";"Blog"
"alçıpanda saten gerekir mi?";"bilgi";"3";"https://cbinsaat.com/blog/alci-mi-macun-mu/";"SSS bölümü";"Blog"
"alt kata su iniyor";"bilgi";"3";"https://cbinsaat.com/blog/banyo-tadilatinda-su-yalitimi/";"gövde ve H2";"Blog"
"alt komşuda leke var, kaynak bende mi?";"bilgi";"3";"https://cbinsaat.com/blog/su-kacagi-nasil-bulunur-blog/";"SSS bölümü";"Blog"
"alt komşumda leke var, sorumluluk kimde?";"bilgi";"3";"https://cbinsaat.com/blog/banyo-tadilatinda-su-yalitimi/";"SSS bölümü";"Blog"
"alüminyum kablo";"bilgi";"3";"https://cbinsaat.com/blog/tadilatta-sonradan-cikan-kalemler/";"gövde ve H2";"Blog"
"ana şalter";"bilgi";"3";"https://cbinsaat.com/blog/acil-elektrik-arizasinda-ne-yapilir/";"gövde ve H2";"Blog"
"ana şalterimin nerede olduğunu bilmiyorum, ne yapmalıyım?";"bilgi";"3";"https://cbinsaat.com/blog/acil-elektrik-arizasinda-ne-yapilir/";"SSS bölümü";"Blog"
"anahtar teslim ev ne kadar sürer?";"bilgi";"3";"https://cbinsaat.com/blog/ev-yaptirmaya-nereden-baslanir/";"SSS bölümü";"Blog"
"anahtar teslim inşaat";"bilgi";"3";"https://cbinsaat.com/blog/anahtar-teslim-insaat-kapsami/";"gövde ve H2";"Blog"
"anahtar teslim kapsam";"bilgi";"3";"https://cbinsaat.com/blog/anahtar-teslim-insaat-kapsami/";"gövde ve H2";"Blog"
"analog kamera";"bilgi";"3";"https://cbinsaat.com/blog/guvenlik-kamerasi-secim-rehberi/";"gövde ve H2";"Blog"
"ankastre montaj";"bilgi";"3";"https://cbinsaat.com/blog/mutfak-tadilatinda-plan/";"gövde ve H2";"Blog"
"antipas";"bilgi";"3";"https://cbinsaat.com/blog/demir-isleri-neden-paslanir/";"gövde ve H2";"Blog"
"apartman ana giderinde masrafı kim öder?";"bilgi";"3";"https://cbinsaat.com/blog/lavabo-tikanikligi-neden-olur/";"SSS bölümü";"Blog"
"apartman girişi yenileme";"bilgi";"3";"https://cbinsaat.com/blog/apartman-ortak-alan-yenileme/";"gövde ve H2";"Blog"
"apartman hidroforu";"bilgi";"3";"https://cbinsaat.com/blog/hidrofor-secimi-nasil-yapilir/";"gövde ve H2";"Blog"
"apartman mantolama";"bilgi";"3";"https://cbinsaat.com/blog/mantolama-ne-kazandirir/";"gövde ve H2";"Blog"
"apartman su sistemi";"bilgi";"3";"https://cbinsaat.com/blog/su-deposu-hidrofor-birlikte/";"gövde ve H2";"Blog"
"apartmanda çatı yalıtımı kararı nasıl alınır?";"bilgi";"3";"https://cbinsaat.com/blog/cati-yalitimi-nasil-yapilir/";"SSS bölümü";"Blog"
"apartmanda tadilat";"bilgi";"3";"https://cbinsaat.com/blog/tadilatta-komsu-iliskileri/";"gövde ve H2";"Blog"
"apartmanda topraklama yoksa daire içinde çözebilir miyim?";"bilgi";"3";"https://cbinsaat.com/blog/topraklama-neden-onemli/";"SSS bölümü";"Blog"
"arazi elektrik hattı";"bilgi";"3";"https://cbinsaat.com/blog/gunes-enerjisiyle-sulama/";"gövde ve H2";"Blog"
"araziye elektrik yok, ne yapılabilir?";"bilgi";"3";"https://cbinsaat.com/blog/bag-evi-yapiminda-altyapi/";"SSS bölümü";"Blog"
"asit uygulaması";"bilgi";"3";"https://cbinsaat.com/blog/damlama-sulama-tikaniklik/";"gövde ve H2";"Blog"
"askılı klozet";"bilgi";"3";"https://cbinsaat.com/blog/kucuk-banyoda-cozumler/";"gövde ve H2";"Blog"
"askılı klozet sağlam mı?";"bilgi";"3";"https://cbinsaat.com/blog/kucuk-banyoda-cozumler/";"SSS bölümü";"Blog"
"asma tavan";"bilgi";"3";"https://cbinsaat.com/blog/alcipan-nerede-kullanilir/";"gövde ve H2";"Blog"
"astar";"bilgi";"3";"https://cbinsaat.com/blog/boya-neden-kabarir/";"gövde ve H2";"Blog"
"aşırı yük";"bilgi";"3";"https://cbinsaat.com/blog/sigorta-surekli-neden-atar/";"gövde ve H2";"Blog"
"atölye zemini";"bilgi";"3";"https://cbinsaat.com/blog/depo-atolye-zemini/";"gövde ve H2";"Blog"
"avize mi spot mu?";"bilgi";"3";"https://cbinsaat.com/blog/ic-mekan-aydinlatma-planlama/";"SSS bölümü";"Blog"
"avize seçimi";"bilgi";"3";"https://cbinsaat.com/blog/avize-secim-rehberi/";"gövde ve H2";"Blog"
"avizeyi ben alsam montajını yapar mısınız?";"bilgi";"3";"https://cbinsaat.com/blog/avize-secim-rehberi/";"SSS bölümü";"Blog"
"aydınlatma değişikliği tadilatsız yapılabilir mi?";"bilgi";"3";"https://cbinsaat.com/blog/ic-mekan-aydinlatma-planlama/";"SSS bölümü";"Blog"
"aydınlatma planı";"bilgi";"3";"https://cbinsaat.com/blog/ic-mekan-aydinlatma-planlama/";"gövde ve H2";"Blog"
"ayrı hat";"bilgi";"3";"https://cbinsaat.com/blog/ic-mekan-priz-plani/";"gövde ve H2";"Blog"
"baca dibi";"bilgi";"3";"https://cbinsaat.com/blog/cati-akintisi-nereden-baslar/";"gövde ve H2";"Blog"
"baca gazı ölçümü";"bilgi";"3";"https://cbinsaat.com/blog/kombi-bakimi-neden-gerekli/";"gövde ve H2";"Blog"
"bağ evi için ruhsat gerekiyor mu?";"bilgi";"3";"https://cbinsaat.com/blog/bag-evi-yapiminda-altyapi/";"SSS bölümü";"Blog"
"bağ evi yapımı";"bilgi";"3";"https://cbinsaat.com/blog/bag-evi-yapiminda-altyapi/";"gövde ve H2";"Blog"
"bağ evini kışa nasıl hazırlarım?";"bilgi";"3";"https://cbinsaat.com/blog/kis-gelmeden-yapilacak-10-kontrol/";"SSS bölümü";"Blog"
"bahçe aydınlatma";"bilgi";"3";"https://cbinsaat.com/blog/bahce-aydinlatmasi-nasil-planlanir/";"gövde ve H2";"Blog"
"bahçe aydınlatması ne kadar elektrik harcar?";"bilgi";"3";"https://cbinsaat.com/blog/bahce-aydinlatmasi-nasil-planlanir/";"SSS bölümü";"Blog"
"bahçe drenajı";"bilgi";"3";"https://cbinsaat.com/blog/bahce-duzenlemesinde-sira/";"gövde ve H2";"Blog"
"bahçe duvarı";"bilgi";"3";"https://cbinsaat.com/blog/istinat-duvari-neden-catlar/";"gövde ve H2";"Blog"
"bahçe duvarı ile istinat duvarı aynı mı?";"bilgi";"3";"https://cbinsaat.com/blog/istinat-duvari-neden-catlar/";"SSS bölümü";"Blog"
"bahçe düzenleme";"bilgi";"3";"https://cbinsaat.com/blog/bahce-duzenlemesinde-sira/";"gövde ve H2";"Blog"
"bahçe düzenlemesi ne kadar sürer?";"bilgi";"3";"https://cbinsaat.com/blog/bahce-duzenlemesinde-sira/";"SSS bölümü";"Blog"
"bahçe sulama kurulumu";"bilgi";"3";"https://cbinsaat.com/blog/otomatik-bahce-sulama/";"gövde ve H2";"Blog"
"bahçe sulama sistemi";"bilgi";"3";"https://cbinsaat.com/blog/otomatik-sulama-kurulumu/";"gövde ve H2";"Blog"
"bakım sırasında elektrik ne kadar kesilir?";"bilgi";"3";"https://cbinsaat.com/blog/elektrik-panosu-bakimi/";"SSS bölümü";"Blog"
"bakım sırasında üretim durur mu?";"bilgi";"3";"https://cbinsaat.com/blog/kompanzasyon-panosu-nedir/";"SSS bölümü";"Blog"
"bakım yaptırdım ama yine arıza verdi, normal mi?";"bilgi";"3";"https://cbinsaat.com/blog/kombi-bakimi-neden-gerekli/";"SSS bölümü";"Blog"
"balkon damlıyor";"bilgi";"3";"https://cbinsaat.com/blog/balkon-yenilemede-sira/";"gövde ve H2";"Blog"
"balkon kaç günde biter?";"bilgi";"3";"https://cbinsaat.com/blog/balkon-yenilemede-sira/";"SSS bölümü";"Blog"
"balkon korkuluğunu tek başına değiştirebilir miyim?";"bilgi";"3";"https://cbinsaat.com/blog/demir-isleri-neden-paslanir/";"SSS bölümü";"Blog"
"balkon seramiği";"bilgi";"3";"https://cbinsaat.com/blog/balkon-yenilemede-sira/";"gövde ve H2";"Blog"
"balkon yenileme";"bilgi";"3";"https://cbinsaat.com/blog/balkon-yenilemede-sira/";"gövde ve H2";"Blog"
"balkonda sadece seramik değiştirmek yeterli mi?";"bilgi";"3";"https://cbinsaat.com/blog/teras-su-yalitimi-adimlari/";"SSS bölümü";"Blog"
"balkonu kapatmak istiyorum, yalıtım gerekli mi?";"bilgi";"3";"https://cbinsaat.com/blog/balkon-yenilemede-sira/";"SSS bölümü";"Blog"
"banyo ısıtma";"bilgi";"3";"https://cbinsaat.com/blog/havlupan-mi-petek-mi/";"gövde ve H2";"Blog"
"banyo nişi";"bilgi";"3";"https://cbinsaat.com/blog/kucuk-banyoda-cozumler/";"gövde ve H2";"Blog"
"banyo peteği";"bilgi";"3";"https://cbinsaat.com/blog/havlupan-mi-petek-mi/";"gövde ve H2";"Blog"
"banyo seramik";"bilgi";"3";"https://cbinsaat.com/blog/banyo-tadilati-siralama/";"gövde ve H2";"Blog"
"banyo tadilatı";"bilgi";"3";"https://cbinsaat.com/blog/banyo-tadilati-siralama/";"gövde ve H2";"Blog"
"banyo tadilatı kaç gün sürer?";"bilgi";"3";"https://cbinsaat.com/blog/banyo-tadilatinda-su-yalitimi/";"SSS bölümü";"Blog"
"banyo yenileme süresi";"bilgi";"3";"https://cbinsaat.com/blog/banyo-tadilati-siralama/";"gövde ve H2";"Blog"
"banyoda saten kullanılır mı?";"bilgi";"3";"https://cbinsaat.com/blog/alci-mi-macun-mu/";"SSS bölümü";"Blog"
"barbakan";"bilgi";"3";"https://cbinsaat.com/blog/istinat-duvari-neden-catlar/";"gövde ve H2";"Blog"
"barbakandan su akıyor, sorun mu?";"bilgi";"3";"https://cbinsaat.com/blog/istinat-duvari-neden-catlar/";"SSS bölümü";"Blog"
"basıncı kendim tamamlayabilir miyim?";"bilgi";"3";"https://cbinsaat.com/blog/kombi-basinci-neden-duser/";"SSS bölümü";"Blog"
"basınç düşünce petekler ısınmaz mı?";"bilgi";"3";"https://cbinsaat.com/blog/kombi-basinci-neden-duser/";"SSS bölümü";"Blog"
"basınç şalteri";"bilgi";"3";"https://cbinsaat.com/blog/hidrofor-surekli-calisiyor/";"gövde ve H2";"Blog"
"basınç testi";"bilgi";"3";"https://cbinsaat.com/blog/su-kacagi-nasil-bulunur-blog/";"gövde ve H2";"Blog"
"basma yüksekliği";"bilgi";"3";"https://cbinsaat.com/blog/kuyu-pompasi-secimi/";"gövde ve H2";"Blog"
"basma yüksekliği hesabı";"bilgi";"3";"https://cbinsaat.com/blog/hidrofor-secimi-nasil-yapilir/";"gövde ve H2";"Blog"
"beton belgelerini alabilir miyim?";"bilgi";"3";"https://cbinsaat.com/blog/kaba-insaatta-nelere-dikkat/";"SSS bölümü";"Blog"
"beton numunesi";"bilgi";"3";"https://cbinsaat.com/blog/kaba-insaatta-nelere-dikkat/";"gövde ve H2";"Blog"
"beton zemin";"bilgi";"3";"https://cbinsaat.com/blog/depo-atolye-zemini/";"gövde ve H2";"Blog"
"betonarme kontrol";"bilgi";"3";"https://cbinsaat.com/blog/kaba-insaatta-nelere-dikkat/";"gövde ve H2";"Blog"
"betonarme mi çelik mi";"bilgi";"3";"https://cbinsaat.com/blog/betonarme-mi-celik-mi/";"gövde ve H2";"Blog"
"bir dairenin su tesisatı kaç günde yenilenir?";"bilgi";"3";"https://cbinsaat.com/blog/ev-su-tesisati-yenileme/";"SSS bölümü";"Blog"
"bir odaya kaç spot gerekir?";"bilgi";"3";"https://cbinsaat.com/blog/ic-mekan-aydinlatma-planlama/";"SSS bölümü";"Blog"
"bollard armatür";"bilgi";"3";"https://cbinsaat.com/blog/bahce-aydinlatmasi-nasil-planlanir/";"gövde ve H2";"Blog"
"boru donması";"bilgi";"3";"https://cbinsaat.com/blog/kis-gelmeden-yapilacak-10-kontrol/";"gövde ve H2";"Blog"
"boru eğimi";"bilgi";"3";"https://cbinsaat.com/blog/lavabo-tikanikligi-neden-olur/";"gövde ve H2";"Blog"
"boru patladı";"bilgi";"3";"https://cbinsaat.com/blog/donmus-boru-ne-yapilir/";"gövde ve H2";"Blog"
"boru patlarsa ne olur?";"bilgi";"3";"https://cbinsaat.com/blog/petek-mi-yerden-isitma-mi/";"SSS bölümü";"Blog"
"boş ses veren her karo değişmeli mi?";"bilgi";"3";"https://cbinsaat.com/blog/seramik-bos-ses-veriyor/";"SSS bölümü";"Blog"
"boşken mi yapmalı?";"bilgi";"3";"https://cbinsaat.com/blog/satis-oncesi-ev-yenileme-rehberi/";"SSS bölümü";"Blog"
"boya çatlıyor";"bilgi";"3";"https://cbinsaat.com/blog/boya-neden-kabarir/";"gövde ve H2";"Blog"
"boya kabarıyor";"bilgi";"3";"https://cbinsaat.com/blog/boya-neden-kabarir/";"gövde ve H2";"Blog"
"boya kokusu ne kadar sürer?";"bilgi";"3";"https://cbinsaat.com/blog/boya-neden-kabarir/";"SSS bölümü";"Blog"
"boya rengi ne olmalı?";"bilgi";"3";"https://cbinsaat.com/blog/kiralik-daire-hazirlama-rehberi/";"SSS bölümü";"Blog"
"boyadan sonra fark ettim, ne yapmalıyım?";"bilgi";"3";"https://cbinsaat.com/blog/duvar-dalgali-nasil-duzeltilir/";"SSS bölümü";"Blog"
"bölme duvar";"bilgi";"3";"https://cbinsaat.com/blog/alcipan-nerede-kullanilir/";"gövde ve H2";"Blog"
"bu işler tadilat olmadan yapılabilir mi?";"bilgi";"3";"https://cbinsaat.com/blog/kucuk-daireyi-buyuk-gostermek/";"SSS bölümü";"Blog"
"bu kontrolleri kendim yapabilir miyim?";"bilgi";"3";"https://cbinsaat.com/blog/kis-gelmeden-yapilacak-10-kontrol/";"SSS bölümü";"Blog"
"bu sürprizler için baştan pay ayırmalı mıyım?";"bilgi";"3";"https://cbinsaat.com/blog/tadilatta-sonradan-cikan-kalemler/";"SSS bölümü";"Blog"
"buhar kesici";"bilgi";"3";"https://cbinsaat.com/blog/cati-yalitimi-nasil-yapilir/";"gövde ve H2";"Blog"
"cephe çatlağı";"bilgi";"3";"https://cbinsaat.com/blog/cephe-boyasi-ne-zaman-yenilenmeli/";"gövde ve H2";"Blog"
"cephe yenileme";"bilgi";"3";"https://cbinsaat.com/blog/cephe-boyasi-ne-zaman-yenilenmeli/";"gövde ve H2";"Blog"
"cepheden nem";"bilgi";"3";"https://cbinsaat.com/blog/cepheden-nem-alan-duvar/";"gövde ve H2";"Blog"
"conta değişimi ne kadar sürer?";"bilgi";"3";"https://cbinsaat.com/blog/pencereden-hava-geliyor/";"SSS bölümü";"Blog"
"cos fi";"bilgi";"3";"https://cbinsaat.com/blog/kompanzasyon-panosu-nedir/";"gövde ve H2";"Blog"
"crı";"bilgi";"3";"https://cbinsaat.com/blog/dukkan-tadilati-elektrik-aydinlatma/";"gövde ve H2";"Blog"
"çatı akıyor";"bilgi";"3";"https://cbinsaat.com/blog/cati-akintisi-nereden-baslar/";"gövde ve H2";"Blog"
"çatı aktarma ne kadar sürer?";"bilgi";"3";"https://cbinsaat.com/blog/cati-akintisi-nereden-baslar/";"SSS bölümü";"Blog"
"çatı arası yalıtım";"bilgi";"3";"https://cbinsaat.com/blog/cati-yalitimi-nasil-yapilir/";"gövde ve H2";"Blog"
"çatı deresi";"bilgi";"3";"https://cbinsaat.com/blog/cati-akintisi-nereden-baslar/";"gövde ve H2";"Blog"
"çatı eğimi";"bilgi";"3";"https://cbinsaat.com/blog/kar-yuku-ve-cati-tasarimi/";"gövde ve H2";"Blog"
"çatı havalandırma";"bilgi";"3";"https://cbinsaat.com/blog/cati-yalitimi-nasil-yapilir/";"gövde ve H2";"Blog"
"çatı kontrolü";"bilgi";"3";"https://cbinsaat.com/blog/kis-gelmeden-yapilacak-10-kontrol/";"gövde ve H2";"Blog"
"çatı makası";"bilgi";"3";"https://cbinsaat.com/blog/kar-yuku-ve-cati-tasarimi/";"gövde ve H2";"Blog"
"çatı oluğu temizliği";"bilgi";"3";"https://cbinsaat.com/blog/oluk-neden-tasar/";"gövde ve H2";"Blog"
"çatı sızıntısı";"bilgi";"3";"https://cbinsaat.com/blog/cati-akintisi-nereden-baslar/";"gövde ve H2";"Blog"
"çatı yalıtımı";"bilgi";"3";"https://cbinsaat.com/blog/cati-yalitimi-nasil-yapilir/";"gövde ve H2";"Blog"
"çatı yalıtımı ne kadar sürer?";"bilgi";"3";"https://cbinsaat.com/blog/cati-yalitimi-nasil-yapilir/";"SSS bölümü";"Blog"
"çatıdaki karı temizletmeli miyim?";"bilgi";"3";"https://cbinsaat.com/blog/kar-yuku-ve-cati-tasarimi/";"SSS bölümü";"Blog"
"çatlağın tehlikeli olup olmadığını siz söyleyebilir misiniz?";"bilgi";"3";"https://cbinsaat.com/blog/deprem-sonrasi-ic-mekan-yenileme/";"SSS bölümü";"Blog"
"çatlak onarımı";"bilgi";"3";"https://cbinsaat.com/blog/deprem-sonrasi-ic-mekan-yenileme/";"gövde ve H2";"Blog"
"çekvalf";"bilgi";"3";"https://cbinsaat.com/blog/hidrofor-surekli-calisiyor/";"gövde ve H2";"Blog"
"çelik ev maliyeti";"bilgi";"3";"https://cbinsaat.com/blog/betonarme-mi-celik-mi/";"gövde ve H2";"Blog"
"çelik kapı seçimi";"bilgi";"3";"https://cbinsaat.com/blog/kapi-pencere-secerken/";"gövde ve H2";"Blog"
"çift cam mı üçlü cam mı?";"bilgi";"3";"https://cbinsaat.com/blog/kapi-pencere-secerken/";"SSS bölümü";"Blog"
"çoklu priz kullanmak zararlı mı?";"bilgi";"3";"https://cbinsaat.com/blog/ic-mekan-priz-plani/";"SSS bölümü";"Blog"
"çoklu priz riski";"bilgi";"3";"https://cbinsaat.com/blog/priz-neden-isinir/";"gövde ve H2";"Blog"
"daire boyama";"bilgi";"3";"https://cbinsaat.com/blog/kiralik-daire-hazirlama-rehberi/";"gövde ve H2";"Blog"
"daire değeri artırma";"bilgi";"3";"https://cbinsaat.com/blog/satis-oncesi-ev-yenileme-rehberi/";"gövde ve H2";"Blog"
"daire tadilatı";"bilgi";"3";"https://cbinsaat.com/blog/daire-tadilati-is-sirasi/";"gövde ve H2";"Blog"
"daire yenileme";"bilgi";"3";"https://cbinsaat.com/blog/ev-tadilati-nereden-baslanir/";"gövde ve H2";"Blog"
"dalgalı duvar";"bilgi";"3";"https://cbinsaat.com/blog/duvar-dalgali-nasil-duzeltilir/";"gövde ve H2";"Blog"
"dalgıç pompa";"bilgi";"3";"https://cbinsaat.com/blog/kuyu-pompasi-secimi/";"gövde ve H2";"Blog"
"dalgıç pompa çalışmıyor";"bilgi";"3";"https://cbinsaat.com/blog/dalgic-pompa-calismiyor/";"gövde ve H2";"Blog"
"damlama hattı kaç yıl kullanılır?";"bilgi";"3";"https://cbinsaat.com/blog/damlama-mi-yagmurlama-mi/";"SSS bölümü";"Blog"
"damlama sulama";"bilgi";"3";"https://cbinsaat.com/blog/damlama-mi-yagmurlama-mi/";"gövde ve H2";"Blog"
"damlama sulama pompası";"bilgi";"3";"https://cbinsaat.com/blog/tarimsal-sulama-pompa-secimi/";"gövde ve H2";"Blog"
"damlama sulama tıkanması";"bilgi";"3";"https://cbinsaat.com/blog/damlama-sulama-tikaniklik/";"gövde ve H2";"Blog"
"damlatıcı tıkandı";"bilgi";"3";"https://cbinsaat.com/blog/damlama-sulama-tikaniklik/";"gövde ve H2";"Blog"
"debi hesabı";"bilgi";"3";"https://cbinsaat.com/blog/hidrofor-secimi-nasil-yapilir/";"gövde ve H2";"Blog"
"değişimde eski kombiyi ne yapıyorsunuz?";"bilgi";"3";"https://cbinsaat.com/blog/kombi-mi-degistirmeli-tamir-mi/";"SSS bölümü";"Blog"
"demir korkuluk";"bilgi";"3";"https://cbinsaat.com/blog/demir-isleri-neden-paslanir/";"gövde ve H2";"Blog"
"depo çatıda mı bodrumda mı olmalı?";"bilgi";"3";"https://cbinsaat.com/blog/su-deposu-hidrofor-birlikte/";"SSS bölümü";"Blog"
"depo hacmi hesabı";"bilgi";"3";"https://cbinsaat.com/blog/su-deposu-hidrofor-birlikte/";"gövde ve H2";"Blog"
"depo kapağı";"bilgi";"3";"https://cbinsaat.com/blog/su-deposu-ne-zaman-temizlenmeli/";"gövde ve H2";"Blog"
"depo olmadan sadece hidrofor kurulabilir mi?";"bilgi";"3";"https://cbinsaat.com/blog/su-deposu-hidrofor-birlikte/";"SSS bölümü";"Blog"
"depo zemini";"bilgi";"3";"https://cbinsaat.com/blog/depo-atolye-zemini/";"gövde ve H2";"Blog"
"depo zemini ne kadar sürede kullanılabilir?";"bilgi";"3";"https://cbinsaat.com/blog/depo-atolye-zemini/";"SSS bölümü";"Blog"
"deponun içi paslanmışsa ne yapılır?";"bilgi";"3";"https://cbinsaat.com/blog/su-deposu-ne-zaman-temizlenmeli/";"SSS bölümü";"Blog"
"deprem sonrası tadilat";"bilgi";"3";"https://cbinsaat.com/blog/deprem-sonrasi-ic-mekan-yenileme/";"gövde ve H2";"Blog"
"derz aralığı";"bilgi";"3";"https://cbinsaat.com/blog/seramik-bos-ses-veriyor/";"gövde ve H2";"Blog"
"derz rengi neden kararıyor?";"bilgi";"3";"https://cbinsaat.com/blog/seramik-bos-ses-veriyor/";"SSS bölümü";"Blog"
"dış cephe boyası";"bilgi";"3";"https://cbinsaat.com/blog/cephe-boyasi-ne-zaman-yenilenmeli/";"gövde ve H2";"Blog"
"dış cephe yalıtım";"bilgi";"3";"https://cbinsaat.com/blog/mantolama-ne-kazandirir/";"gövde ve H2";"Blog"
"dış mekan aydınlatma";"bilgi";"3";"https://cbinsaat.com/blog/bahce-aydinlatmasi-nasil-planlanir/";"gövde ve H2";"Blog"
"dimmer";"bilgi";"3";"https://cbinsaat.com/blog/ic-mekan-aydinlatma-planlama/";"gövde ve H2";"Blog"
"dinamik su seviyesi";"bilgi";"3";"https://cbinsaat.com/blog/kuyu-pompasi-basinc-sorunu/";"gövde ve H2";"Blog"
"doğalgaz açtırma ne kadar sürer?";"bilgi";"3";"https://cbinsaat.com/blog/dogalgaza-gecerken-dikkat/";"SSS bölümü";"Blog"
"doğalgaz faturası yüksek";"bilgi";"3";"https://cbinsaat.com/blog/dogalgaz-faturasi-neden-yuksek/";"gövde ve H2";"Blog"
"doğalgaz iç tesisat";"bilgi";"3";"https://cbinsaat.com/blog/dogalgaza-gecerken-dikkat/";"gövde ve H2";"Blog"
"doğalgaza geçiş";"bilgi";"3";"https://cbinsaat.com/blog/dogalgaza-gecerken-dikkat/";"gövde ve H2";"Blog"
"dolabı ben aldım, montajını yapar mısınız?";"bilgi";"3";"https://cbinsaat.com/blog/mutfak-tadilatinda-plan/";"SSS bölümü";"Blog"
"don koruması";"bilgi";"3";"https://cbinsaat.com/blog/donmus-boru-ne-yapilir/";"gövde ve H2";"Blog"
"donan boru mutlaka patlar mı?";"bilgi";"3";"https://cbinsaat.com/blog/donmus-boru-ne-yapilir/";"SSS bölümü";"Blog"
"donan boru nasıl çözülür?";"bilgi";"3";"https://cbinsaat.com/blog/kis-gelmeden-yapilacak-10-kontrol/";"SSS bölümü";"Blog"
"donmuş boru";"bilgi";"3";"https://cbinsaat.com/blog/donmus-boru-ne-yapilir/";"gövde ve H2";"Blog"
"drenaj";"bilgi";"3";"https://cbinsaat.com/blog/istinat-duvari-neden-catlar/";"gövde ve H2";"Blog"
"duvar düzeltme";"bilgi";"3";"https://cbinsaat.com/blog/duvar-dalgali-nasil-duzeltilir/";"gövde ve H2";"Blog"
"duvar kaldırma";"bilgi";"3";"https://cbinsaat.com/blog/kucuk-daireyi-buyuk-gostermek/";"gövde ve H2";"Blog"
"duvar kontrolü";"bilgi";"3";"https://cbinsaat.com/blog/duvar-dalgali-nasil-duzeltilir/";"gövde ve H2";"Blog"
"duvardaki nem kurudu mu, nasıl anlarım?";"bilgi";"3";"https://cbinsaat.com/blog/boya-neden-kabarir/";"SSS bölümü";"Blog"
"duvarı kaldırmadan mutfağı açık hâle getirebilir miyim?";"bilgi";"3";"https://cbinsaat.com/blog/kucuk-daireyi-buyuk-gostermek/";"SSS bölümü";"Blog"
"dükkan tadilatı ne kadar sürer?";"bilgi";"3";"https://cbinsaat.com/blog/dukkan-tadilati-elektrik-aydinlatma/";"SSS bölümü";"Blog"
"eksik listesi";"bilgi";"3";"https://cbinsaat.com/blog/yapi-teslim-kontrol-listesi/";"gövde ve H2";"Blog"
"eksik listesi ne kadar sürede kapatılır?";"bilgi";"3";"https://cbinsaat.com/blog/yapi-teslim-kontrol-listesi/";"SSS bölümü";"Blog"
"elektrik güvenliği";"bilgi";"3";"https://cbinsaat.com/blog/acil-elektrik-arizasinda-ne-yapilir/";"gövde ve H2";"Blog"
"elektrik kaçağı";"bilgi";"3";"https://cbinsaat.com/blog/kacak-akim-rolesi-neden-atar/";"gövde ve H2";"Blog"
"elektrik kesilirse sulama durur mu?";"bilgi";"3";"https://cbinsaat.com/blog/sera-elektrik-ve-otomasyon/";"SSS bölümü";"Blog"
"elektrik kıvılcım";"bilgi";"3";"https://cbinsaat.com/blog/acil-elektrik-arizasinda-ne-yapilir/";"gövde ve H2";"Blog"
"elektrik panosu";"bilgi";"3";"https://cbinsaat.com/blog/isyeri-elektrik-gucu-hesabi/";"gövde ve H2";"Blog"
"elektrik panosu bakımı";"bilgi";"3";"https://cbinsaat.com/blog/elektrik-panosu-bakimi/";"gövde ve H2";"Blog"
"elektrik projesi";"bilgi";"3";"https://cbinsaat.com/blog/ic-mekan-priz-plani/";"gövde ve H2";"Blog"
"elektrik projesi yaptırmalı mıyım?";"bilgi";"3";"https://cbinsaat.com/blog/ev-elektrik-tesisati-maliyeti/";"SSS bölümü";"Blog"
"elektrik tesisatının ömrü kaç yıldır?";"bilgi";"3";"https://cbinsaat.com/blog/elektrik-tesisati-yenileme-belirtileri/";"SSS bölümü";"Blog"
"elektrikli havlupan";"bilgi";"3";"https://cbinsaat.com/blog/havlupan-mi-petek-mi/";"gövde ve H2";"Blog"
"elektrikli havlupan çok mu harcar?";"bilgi";"3";"https://cbinsaat.com/blog/havlupan-mi-petek-mi/";"SSS bölümü";"Blog"
"emiş hattı";"bilgi";"3";"https://cbinsaat.com/blog/su-deposu-hidrofor-birlikte/";"gövde ve H2";"Blog"
"emniyet ventili";"bilgi";"3";"https://cbinsaat.com/blog/kombi-basinci-neden-dusuyor/";"gövde ve H2";"Blog"
"en düşük teklifi seçmek yanlış mı?";"bilgi";"3";"https://cbinsaat.com/blog/muteahhit-secerken-sorulacak-sorular/";"SSS bölümü";"Blog"
"endüstriyel aydınlatma";"bilgi";"3";"https://cbinsaat.com/blog/fabrika-elektrik-tesisati-planlama/";"gövde ve H2";"Blog"
"enflasyon nasıl yönetiliyor?";"bilgi";"3";"https://cbinsaat.com/blog/insaat-butcesi-nasil-kurulur/";"SSS bölümü";"Blog"
"epoksi mi helikopter perdah mı?";"bilgi";"3";"https://cbinsaat.com/blog/depo-atolye-zemini/";"SSS bölümü";"Blog"
"epoksi zemin";"bilgi";"3";"https://cbinsaat.com/blog/depo-atolye-zemini/";"gövde ve H2";"Blog"
"eski fayansın üstüne döşenir mi?";"bilgi";"3";"https://cbinsaat.com/blog/seramik-bos-ses-veriyor/";"SSS bölümü";"Blog"
"eski seramiğin üzerine yeni seramik döşenebilir mi?";"bilgi";"3";"https://cbinsaat.com/blog/banyo-tadilati-siralama/";"SSS bölümü";"Blog"
"eski şapın üstüne yeni şap dökülür mü?";"bilgi";"3";"https://cbinsaat.com/blog/sap-kurumadan-parke-doseme/";"SSS bölümü";"Blog"
"eski tesisat";"bilgi";"3";"https://cbinsaat.com/blog/elektrik-tesisati-yenileme-belirtileri/";"gövde ve H2";"Blog"
"eski tezgâhı söküp yenisini takar mısınız?";"bilgi";"3";"https://cbinsaat.com/blog/granit-mi-mermer-mi-tezgah/";"SSS bölümü";"Blog"
"eş potansiyel";"bilgi";"3";"https://cbinsaat.com/blog/topraklama-neden-onemli/";"gövde ve H2";"Blog"
"eşanjör arızası";"bilgi";"3";"https://cbinsaat.com/blog/kombi-mi-degistirmeli-tamir-mi/";"gövde ve H2";"Blog"
"eşanjör temizliği";"bilgi";"3";"https://cbinsaat.com/blog/kombi-bakimi-neden-gerekli/";"gövde ve H2";"Blog"
"eşyalı mı vermeli?";"bilgi";"3";"https://cbinsaat.com/blog/kiralik-daire-hazirlama-rehberi/";"SSS bölümü";"Blog"
"etaplı tadilat";"bilgi";"3";"https://cbinsaat.com/blog/eski-ev-tadilatinda-oncelik/";"gövde ve H2";"Blog"
"etaplı tadilat daha mı pahalı?";"bilgi";"3";"https://cbinsaat.com/blog/eski-ev-tadilatinda-oncelik/";"SSS bölümü";"Blog"
"ev boyama satış";"bilgi";"3";"https://cbinsaat.com/blog/satis-oncesi-ev-yenileme-rehberi/";"gövde ve H2";"Blog"
"ev elektrik tesisatı";"bilgi";"3";"https://cbinsaat.com/blog/ev-elektrik-tesisati-maliyeti/";"gövde ve H2";"Blog"
"ev satmadan önce yenileme";"bilgi";"3";"https://cbinsaat.com/blog/satis-oncesi-ev-yenileme-rehberi/";"gövde ve H2";"Blog"
"ev tadilatı";"bilgi";"3";"https://cbinsaat.com/blog/ev-tadilati-nereden-baslanir/";"gövde ve H2";"Blog"
"ev yapım maliyeti";"bilgi";"3";"https://cbinsaat.com/blog/insaat-butcesi-nasil-kurulur/";"gövde ve H2";"Blog"
"ev yaptırmak";"bilgi";"3";"https://cbinsaat.com/blog/ev-yaptirmaya-nereden-baslanir/";"gövde ve H2";"Blog"
"fabrika elektrik tesisatı";"bilgi";"3";"https://cbinsaat.com/blog/fabrika-elektrik-tesisati-planlama/";"gövde ve H2";"Blog"
"faturamda kaçak olabilir mi?";"bilgi";"3";"https://cbinsaat.com/blog/dogalgaz-faturasi-neden-yuksek/";"SSS bölümü";"Blog"
"fayans çatladı";"bilgi";"3";"https://cbinsaat.com/blog/seramik-bos-ses-veriyor/";"gövde ve H2";"Blog"
"faz koruma";"bilgi";"3";"https://cbinsaat.com/blog/dalgic-pompa-calismiyor/";"gövde ve H2";"Blog"
"ferforje";"bilgi";"3";"https://cbinsaat.com/blog/demir-isleri-neden-paslanir/";"gövde ve H2";"Blog"
"fiyat iş sırasında değişir mi?";"bilgi";"3";"https://cbinsaat.com/blog/tadilat-butcesi-nasil-planlanir/";"SSS bölümü";"Blog"
"fosseptik";"bilgi";"3";"https://cbinsaat.com/blog/bag-evi-yapiminda-altyapi/";"gövde ve H2";"Blog"
"frekans kontrollü hidrofor";"bilgi";"3";"https://cbinsaat.com/blog/hidrofor-secimi-nasil-yapilir/";"gövde ve H2";"Blog"
"frekans kontrollü hidrofor sık devreye girme sorununu çözer mi?";"bilgi";"3";"https://cbinsaat.com/blog/hidrofor-surekli-calisiyor/";"SSS bölümü";"Blog"
"galvaniz boru";"bilgi";"3";"https://cbinsaat.com/blog/tadilatta-sonradan-cikan-kalemler/";"gövde ve H2";"Blog"
"galvaniz boru değişimi";"bilgi";"3";"https://cbinsaat.com/blog/ev-su-tesisati-yenileme/";"gövde ve H2";"Blog"
"galvaniz boruyu mutlaka değiştirmeli miyim?";"bilgi";"3";"https://cbinsaat.com/blog/ev-su-tesisati-yenileme/";"SSS bölümü";"Blog"
"galvaniz kaplama";"bilgi";"3";"https://cbinsaat.com/blog/demir-isleri-neden-paslanir/";"gövde ve H2";"Blog"
"galvaniz mi boya mı?";"bilgi";"3";"https://cbinsaat.com/blog/demir-isleri-neden-paslanir/";"SSS bölümü";"Blog"
"gaz açtırma";"bilgi";"3";"https://cbinsaat.com/blog/dogalgaza-gecerken-dikkat/";"gövde ve H2";"Blog"
"gaz kokusu alırsam ne yapmalıyım?";"bilgi";"3";"https://cbinsaat.com/blog/dogalgaza-gecerken-dikkat/";"SSS bölümü";"Blog"
"gece veya hafta sonu geliyor musunuz?";"bilgi";"3";"https://cbinsaat.com/blog/acil-elektrik-arizasinda-ne-yapilir/";"SSS bölümü";"Blog"
"genleşme tankı";"bilgi";"3";"https://cbinsaat.com/blog/hidrofor-basinc-sorunu/";"gövde ve H2";"Blog"
"genleşme tankının basıncı kaç olmalı?";"bilgi";"3";"https://cbinsaat.com/blog/hidrofor-basinc-sorunu/";"SSS bölümü";"Blog"
"gerilim düşümü";"bilgi";"3";"https://cbinsaat.com/blog/kuyu-pompasi-secimi/";"gövde ve H2";"Blog"
"gider açma";"bilgi";"3";"https://cbinsaat.com/blog/lavabo-tikanikligi-neden-olur/";"gövde ve H2";"Blog"
"gizli aydınlatma";"bilgi";"3";"https://cbinsaat.com/blog/ic-mekan-aydinlatma-planlama/";"gövde ve H2";"Blog"
"gömme dolap";"bilgi";"3";"https://cbinsaat.com/blog/kucuk-daireyi-buyuk-gostermek/";"gövde ve H2";"Blog"
"gömme rezervuar";"bilgi";"3";"https://cbinsaat.com/blog/kucuk-banyoda-cozumler/";"gövde ve H2";"Blog"
"granit seramik";"bilgi";"3";"https://cbinsaat.com/blog/seramik-mi-parke-mi/";"gövde ve H2";"Blog"
"granit tezgah";"bilgi";"3";"https://cbinsaat.com/blog/granit-mi-mermer-mi-tezgah/";"gövde ve H2";"Blog"
"güç artırımı";"bilgi";"3";"https://cbinsaat.com/blog/isyeri-elektrik-gucu-hesabi/";"gövde ve H2";"Blog"
"güç artırımı ne kadar sürer?";"bilgi";"3";"https://cbinsaat.com/blog/isyeri-elektrik-gucu-hesabi/";"SSS bölümü";"Blog"
"güçlendirme yapıyor musunuz?";"bilgi";"3";"https://cbinsaat.com/blog/deprem-sonrasi-ic-mekan-yenileme/";"SSS bölümü";"Blog"
"güneş enerjili pompa";"bilgi";"3";"https://cbinsaat.com/blog/gunes-enerjisiyle-sulama/";"gövde ve H2";"Blog"
"güneş enerjili sulama pompası mantıklı mı?";"bilgi";"3";"https://cbinsaat.com/blog/tarimsal-sulama-pompa-secimi/";"SSS bölümü";"Blog"
"güneş enerjisi su pompası";"bilgi";"3";"https://cbinsaat.com/blog/bag-evi-yapiminda-altyapi/";"gövde ve H2";"Blog"
"güneş enerjisiyle çalışır mı?";"bilgi";"3";"https://cbinsaat.com/blog/kuyu-pompasi-secimi/";"SSS bölümü";"Blog"
"güneş paneli koyacağım, çatı taşır mı?";"bilgi";"3";"https://cbinsaat.com/blog/kar-yuku-ve-cati-tasarimi/";"SSS bölümü";"Blog"
"güvenlik kamerası seçimi";"bilgi";"3";"https://cbinsaat.com/blog/guvenlik-kamerasi-secim-rehberi/";"gövde ve H2";"Blog"
"hafif çelik ev kredi alır mı?";"bilgi";"3";"https://cbinsaat.com/blog/betonarme-mi-celik-mi/";"SSS bölümü";"Blog"
"hafif çelik yapı";"bilgi";"3";"https://cbinsaat.com/blog/betonarme-mi-celik-mi/";"gövde ve H2";"Blog"
"hafif çelik yapıya yerden ısıtma kurulur mu?";"bilgi";"3";"https://cbinsaat.com/blog/betonarme-mi-celik-mi/";"SSS bölümü";"Blog"
"hakediş";"bilgi";"3";"https://cbinsaat.com/blog/anahtar-teslim-insaat-kapsami/";"gövde ve H2";"Blog"
"hakediş planı";"bilgi";"3";"https://cbinsaat.com/blog/insaat-butcesi-nasil-kurulur/";"gövde ve H2";"Blog"
"hangi etabı atlarsam sorun olur?";"bilgi";"3";"https://cbinsaat.com/blog/eski-ev-tadilatinda-oncelik/";"SSS bölümü";"Blog"
"hangi priz markası daha iyi?";"bilgi";"3";"https://cbinsaat.com/blog/priz-neden-isinir/";"SSS bölümü";"Blog"
"hangisi daha ekonomik?";"bilgi";"3";"https://cbinsaat.com/blog/granit-mi-mermer-mi-tezgah/";"SSS bölümü";"Blog"
"harmonik";"bilgi";"3";"https://cbinsaat.com/blog/kompanzasyon-panosu-nedir/";"gövde ve H2";"Blog"
"hasar tespiti";"bilgi";"3";"https://cbinsaat.com/blog/deprem-sonrasi-ic-mekan-yenileme/";"gövde ve H2";"Blog"
"hat yıkama";"bilgi";"3";"https://cbinsaat.com/blog/damlama-sulama-tikaniklik/";"gövde ve H2";"Blog"
"havalandırma gerçekten fark eder mi?";"bilgi";"3";"https://cbinsaat.com/blog/cepheden-nem-alan-duvar/";"SSS bölümü";"Blog"
"havayı ne sıklıkla almalıyım?";"bilgi";"3";"https://cbinsaat.com/blog/petek-isinmiyor-ne-yapmali/";"SSS bölümü";"Blog"
"havlupan";"bilgi";"3";"https://cbinsaat.com/blog/havlupan-mi-petek-mi/";"gövde ve H2";"Blog"
"havlupan ısıtmıyor";"bilgi";"3";"https://cbinsaat.com/blog/havlupan-mi-petek-mi/";"gövde ve H2";"Blog"
"havlupan ısıtmıyor, ne yapmalıyım?";"bilgi";"3";"https://cbinsaat.com/blog/havlupan-mi-petek-mi/";"SSS bölümü";"Blog"
"havlupanı sonradan takabilir miyim?";"bilgi";"3";"https://cbinsaat.com/blog/havlupan-mi-petek-mi/";"SSS bölümü";"Blog"
"helikopter perdah";"bilgi";"3";"https://cbinsaat.com/blog/depo-atolye-zemini/";"gövde ve H2";"Blog"
"hepsini yaptırmak zorunda mıyım?";"bilgi";"3";"https://cbinsaat.com/blog/tadilatta-sonradan-cikan-kalemler/";"SSS bölümü";"Blog"
"her marka kombiye bakıyor musunuz?";"bilgi";"3";"https://cbinsaat.com/blog/kombi-hata-kodlari-ne-anlama-gelir/";"SSS bölümü";"Blog"
"hızlı şap";"bilgi";"3";"https://cbinsaat.com/blog/sap-kurumadan-parke-doseme/";"gövde ve H2";"Blog"
"hidrofor";"bilgi";"3";"https://cbinsaat.com/blog/hidrofor-basinc-sorunu/";"gövde ve H2";"Blog"
"hidrofor gürültülü çalışıyor, normal mi?";"bilgi";"3";"https://cbinsaat.com/blog/hidrofor-basinc-sorunu/";"SSS bölümü";"Blog"
"hidrofor gürültüsü azaltılabilir mi?";"bilgi";"3";"https://cbinsaat.com/blog/hidrofor-surekli-calisiyor/";"SSS bölümü";"Blog"
"hidrofor kaç yıl kullanılır?";"bilgi";"3";"https://cbinsaat.com/blog/hidrofor-secimi-nasil-yapilir/";"SSS bölümü";"Blog"
"hidrofor seçimi";"bilgi";"3";"https://cbinsaat.com/blog/hidrofor-secimi-nasil-yapilir/";"gövde ve H2";"Blog"
"hidrofor sık devreye giriyor";"bilgi";"3";"https://cbinsaat.com/blog/hidrofor-surekli-calisiyor/";"gövde ve H2";"Blog"
"hidrofor sürekli çalışıyor";"bilgi";"3";"https://cbinsaat.com/blog/hidrofor-basinc-sorunu/";"gövde ve H2";"Blog"
"hidrofor tamiri mi değişim mi?";"bilgi";"3";"https://cbinsaat.com/blog/hidrofor-basinc-sorunu/";"SSS bölümü";"Blog"
"ıp kamera";"bilgi";"3";"https://cbinsaat.com/blog/guvenlik-kamerasi-secim-rehberi/";"gövde ve H2";"Blog"
"ıp koruma sınıfı";"bilgi";"3";"https://cbinsaat.com/blog/bahce-aydinlatmasi-nasil-planlanir/";"gövde ve H2";"Blog"
"ısı köprüsü";"bilgi";"3";"https://cbinsaat.com/blog/mantolama-ne-kazandirir/";"gövde ve H2";"Blog"
"ısıcam";"bilgi";"3";"https://cbinsaat.com/blog/kapi-pencere-secerken/";"gövde ve H2";"Blog"
"ısınan prizi kendim değiştirebilir miyim?";"bilgi";"3";"https://cbinsaat.com/blog/priz-neden-isinir/";"SSS bölümü";"Blog"
"ısınma tasarrufu";"bilgi";"3";"https://cbinsaat.com/blog/dogalgaz-faturasi-neden-yuksek/";"gövde ve H2";"Blog"
"ısıtıcı kablo ne kadar elektrik harcar?";"bilgi";"3";"https://cbinsaat.com/blog/donmus-boru-ne-yapilir/";"SSS bölümü";"Blog"
"ısıtma hattı kaçağı sayaçta görünür mü?";"bilgi";"3";"https://cbinsaat.com/blog/kombi-basinci-neden-dusuyor/";"SSS bölümü";"Blog"
"ıslanırsa ne olur?";"bilgi";"3";"https://cbinsaat.com/blog/alcipan-nerede-kullanilir/";"SSS bölümü";"Blog"
"iç cephe boya";"bilgi";"3";"https://cbinsaat.com/blog/boya-neden-kabarir/";"gövde ve H2";"Blog"
"iç cephe hazırlık";"bilgi";"3";"https://cbinsaat.com/blog/alci-mi-macun-mu/";"gövde ve H2";"Blog"
"iç mekan yenileme";"bilgi";"3";"https://cbinsaat.com/blog/deprem-sonrasi-ic-mekan-yenileme/";"gövde ve H2";"Blog"
"iç mekân yenilemesi ne kadar sürer?";"bilgi";"3";"https://cbinsaat.com/blog/deprem-sonrasi-ic-mekan-yenileme/";"SSS bölümü";"Blog"
"iniş borusu";"bilgi";"3";"https://cbinsaat.com/blog/oluk-neden-tasar/";"gövde ve H2";"Blog"
"inşaat bütçesi";"bilgi";"3";"https://cbinsaat.com/blog/insaat-butcesi-nasil-kurulur/";"gövde ve H2";"Blog"
"inşaat sözleşmesi";"bilgi";"3";"https://cbinsaat.com/blog/anahtar-teslim-insaat-kapsami/";"gövde ve H2";"Blog"
"internet olmadan çalışır mı?";"bilgi";"3";"https://cbinsaat.com/blog/guvenlik-kamerasi-secim-rehberi/";"SSS bölümü";"Blog"
"istinat duvarı";"bilgi";"3";"https://cbinsaat.com/blog/istinat-duvari-neden-catlar/";"gövde ve H2";"Blog"
"istinat duvarı çatlağı";"bilgi";"3";"https://cbinsaat.com/blog/istinat-duvari-neden-catlar/";"gövde ve H2";"Blog"
"iş programı";"bilgi";"3";"https://cbinsaat.com/blog/anahtar-teslim-insaat-kapsami/";"gövde ve H2";"Blog"
"iş sırasında ek iş çıkarsa ne olur?";"bilgi";"3";"https://cbinsaat.com/blog/anahtar-teslim-insaat-kapsami/";"SSS bölümü";"Blog"
"iş yeri açılış";"bilgi";"3";"https://cbinsaat.com/blog/dukkan-tadilatinda-acilis-takvimi/";"gövde ve H2";"Blog"
"iş yeri elektrik gücü";"bilgi";"3";"https://cbinsaat.com/blog/isyeri-elektrik-gucu-hesabi/";"gövde ve H2";"Blog"
"işletme elektriği";"bilgi";"3";"https://cbinsaat.com/blog/isyeri-elektrik-gucu-hesabi/";"gövde ve H2";"Blog"
"jeneratör bağlantısı";"bilgi";"3";"https://cbinsaat.com/blog/jenerator-transfer-panosu/";"gövde ve H2";"Blog"
"jeneratör gerekli mi?";"bilgi";"3";"https://cbinsaat.com/blog/isyeri-elektrik-gucu-hesabi/";"SSS bölümü";"Blog"
"jeneratör kaç saniyede devreye girer?";"bilgi";"3";"https://cbinsaat.com/blog/jenerator-transfer-panosu/";"SSS bölümü";"Blog"
"kaba inşaat kontrol";"bilgi";"3";"https://cbinsaat.com/blog/kaba-insaatta-nelere-dikkat/";"gövde ve H2";"Blog"
"kaba inşaat maliyeti";"bilgi";"3";"https://cbinsaat.com/blog/insaat-butcesi-nasil-kurulur/";"gövde ve H2";"Blog"
"kablo kesiti";"bilgi";"3";"https://cbinsaat.com/blog/ev-elektrik-tesisati-maliyeti/";"gövde ve H2";"Blog"
"kaç kat boya gerekir?";"bilgi";"3";"https://cbinsaat.com/blog/boya-neden-kabarir/";"SSS bölümü";"Blog"
"kaç odacıklı profil yeterli?";"bilgi";"3";"https://cbinsaat.com/blog/kapi-pencere-secerken/";"SSS bölümü";"Blog"
"kaçak akım atıyor";"bilgi";"3";"https://cbinsaat.com/blog/kacak-akim-rolesi-neden-atar/";"gövde ve H2";"Blog"
"kaçak akım nedenleri";"bilgi";"3";"https://cbinsaat.com/blog/kacak-akim-rolesi-neden-atar/";"gövde ve H2";"Blog"
"kaçak akım rölesi atıyor";"bilgi";"3";"https://cbinsaat.com/blog/sigorta-surekli-neden-atar/";"gövde ve H2";"Blog"
"kaçak akım rölesi ne kadar sürede değişmeli?";"bilgi";"3";"https://cbinsaat.com/blog/sigorta-surekli-neden-atar/";"SSS bölümü";"Blog"
"kaçak akım rölesi olmadan yaşanmaz mı?";"bilgi";"3";"https://cbinsaat.com/blog/kacak-akim-rolesi-neden-atar/";"SSS bölümü";"Blog"
"kaçak tespiti duvarı kırmadan yapılabilir mi?";"bilgi";"3";"https://cbinsaat.com/blog/su-kacagi-nasil-bulunur-blog/";"SSS bölümü";"Blog"
"kalıp söküm süresi";"bilgi";"3";"https://cbinsaat.com/blog/kaba-insaatta-nelere-dikkat/";"gövde ve H2";"Blog"
"kalorifer sorunu";"bilgi";"3";"https://cbinsaat.com/blog/peteklerin-alti-neden-soguk/";"gövde ve H2";"Blog"
"kamera yerleşimi";"bilgi";"3";"https://cbinsaat.com/blog/guvenlik-kamerasi-secim-rehberi/";"gövde ve H2";"Blog"
"kapı ayarı ne kadar sürer?";"bilgi";"3";"https://cbinsaat.com/blog/kapi-neden-surtuyor/";"SSS bölümü";"Blog"
"kapı kasası";"bilgi";"3";"https://cbinsaat.com/blog/kapi-neden-surtuyor/";"gövde ve H2";"Blog"
"kapı kendiliğinden kapanıyor";"bilgi";"3";"https://cbinsaat.com/blog/kapi-neden-surtuyor/";"gövde ve H2";"Blog"
"kapı sürtüyor";"bilgi";"3";"https://cbinsaat.com/blog/kapi-neden-surtuyor/";"gövde ve H2";"Blog"
"kapıyı ben aldım, montajını yapar mısınız?";"bilgi";"3";"https://cbinsaat.com/blog/kapi-neden-surtuyor/";"SSS bölümü";"Blog"
"kar tutucu";"bilgi";"3";"https://cbinsaat.com/blog/kar-yuku-ve-cati-tasarimi/";"gövde ve H2";"Blog"
"kar yükü";"bilgi";"3";"https://cbinsaat.com/blog/kar-yuku-ve-cati-tasarimi/";"gövde ve H2";"Blog"
"karar için kaç kat maliki onayı gerekiyor?";"bilgi";"3";"https://cbinsaat.com/blog/apartman-ortak-alan-yenileme/";"SSS bölümü";"Blog"
"kararı apartman nasıl alır?";"bilgi";"3";"https://cbinsaat.com/blog/cephe-boyasi-ne-zaman-yenilenmeli/";"SSS bölümü";"Blog"
"kasa çevresi çatlıyor, neden?";"bilgi";"3";"https://cbinsaat.com/blog/kapi-neden-surtuyor/";"SSS bölümü";"Blog"
"katmanlı aydınlatma";"bilgi";"3";"https://cbinsaat.com/blog/avize-secim-rehberi/";"gövde ve H2";"Blog"
"kayısı sulama";"bilgi";"3";"https://cbinsaat.com/blog/damlama-mi-yagmurlama-mi/";"gövde ve H2";"Blog"
"kayıt süresi hesabı";"bilgi";"3";"https://cbinsaat.com/blog/guvenlik-kamerasi-secim-rehberi/";"gövde ve H2";"Blog"
"kendim su takviyesi yapabilir miyim?";"bilgi";"3";"https://cbinsaat.com/blog/kombi-basinci-neden-dusuyor/";"SSS bölümü";"Blog"
"kepenk kapalıyken mi çalışıyorsunuz?";"bilgi";"3";"https://cbinsaat.com/blog/dukkan-tadilatinda-acilis-takvimi/";"SSS bölümü";"Blog"
"keşif ücretli mi?";"bilgi";"3";"https://cbinsaat.com/blog/anahtar-teslim-insaat-kapsami/";"SSS bölümü";"Blog"
"keşif ve metraj";"bilgi";"3";"https://cbinsaat.com/blog/tadilat-butcesi-nasil-planlanir/";"gövde ve H2";"Blog"
"kırmadan kaçak bulunabilir mi?";"bilgi";"3";"https://cbinsaat.com/blog/su-kacagi-erken-belirtileri/";"SSS bölümü";"Blog"
"kısa devre";"bilgi";"3";"https://cbinsaat.com/blog/sigorta-surekli-neden-atar/";"gövde ve H2";"Blog"
"kış hazırlığı";"bilgi";"3";"https://cbinsaat.com/blog/kis-gelmeden-yapilacak-10-kontrol/";"gövde ve H2";"Blog"
"kış tesisat bakımı";"bilgi";"3";"https://cbinsaat.com/blog/donmus-boru-ne-yapilir/";"gövde ve H2";"Blog"
"kışın beton dökülür mü?";"bilgi";"3";"https://cbinsaat.com/blog/kaba-insaatta-nelere-dikkat/";"SSS bölümü";"Blog"
"kışın çalışır mı?";"bilgi";"3";"https://cbinsaat.com/blog/gunes-enerjisiyle-sulama/";"SSS bölümü";"Blog"
"kışın pencere değiştirilir mi?";"bilgi";"3";"https://cbinsaat.com/blog/pencereden-hava-geliyor/";"SSS bölümü";"Blog"
"kışın yapılabilir mi?";"bilgi";"3";"https://cbinsaat.com/blog/teras-su-yalitimi-adimlari/";"SSS bölümü";"Blog"
"kilit taşı";"bilgi";"3";"https://cbinsaat.com/blog/bahce-duzenlemesinde-sira/";"gövde ve H2";"Blog"
"kilit taşı mı beton zemin mi?";"bilgi";"3";"https://cbinsaat.com/blog/bahce-duzenlemesinde-sira/";"SSS bölümü";"Blog"
"kira getirisi";"bilgi";"3";"https://cbinsaat.com/blog/kiralik-daire-hazirlama-rehberi/";"gövde ve H2";"Blog"
"kiralık daire hazırlığı ne kadar sürer?";"bilgi";"3";"https://cbinsaat.com/blog/kiralik-daire-hazirlama-rehberi/";"SSS bölümü";"Blog"
"kiralık daire tadilatı";"bilgi";"3";"https://cbinsaat.com/blog/kiralik-daire-hazirlama-rehberi/";"gövde ve H2";"Blog"
"kiralık daire yenileme";"bilgi";"3";"https://cbinsaat.com/blog/kiralik-daire-hazirlama-rehberi/";"gövde ve H2";"Blog"
"kiralık ev hazırlama";"bilgi";"3";"https://cbinsaat.com/blog/kiralik-daire-hazirlama-rehberi/";"gövde ve H2";"Blog"
"kombi arıza";"bilgi";"3";"https://cbinsaat.com/blog/kombi-basinci-neden-duser/";"gövde ve H2";"Blog"
"kombi arıza kodu";"bilgi";"3";"https://cbinsaat.com/blog/kombi-hata-kodlari-ne-anlama-gelir/";"gövde ve H2";"Blog"
"kombi ateşleme arızası";"bilgi";"3";"https://cbinsaat.com/blog/kombi-hata-kodlari-ne-anlama-gelir/";"gövde ve H2";"Blog"
"kombi ayarı";"bilgi";"3";"https://cbinsaat.com/blog/dogalgaz-faturasi-neden-yuksek/";"gövde ve H2";"Blog"
"kombi bağlantısı";"bilgi";"3";"https://cbinsaat.com/blog/dogalgaza-gecerken-dikkat/";"gövde ve H2";"Blog"
"kombi bakım fiyatı";"bilgi";"3";"https://cbinsaat.com/blog/kombi-bakimi-neden-gerekli/";"gövde ve H2";"Blog"
"kombi bakımı";"bilgi";"3";"https://cbinsaat.com/blog/kombi-bakimi-neden-gerekli/";"gövde ve H2";"Blog"
"kombi bakımı yılda kaç kez?";"bilgi";"3";"https://cbinsaat.com/blog/kombi-bakimi-neden-gerekli/";"SSS bölümü";"Blog"
"kombi basıncı düşüyor";"bilgi";"3";"https://cbinsaat.com/blog/kombi-basinci-neden-dusuyor/";"gövde ve H2";"Blog"
"kombi basıncı kaç bar olmalı?";"bilgi";"3";"https://cbinsaat.com/blog/kombi-basinci-neden-duser/";"SSS bölümü";"Blog"
"kombi değişimi";"bilgi";"3";"https://cbinsaat.com/blog/kombi-mi-degistirmeli-tamir-mi/";"gövde ve H2";"Blog"
"kombi hata kodu";"bilgi";"3";"https://cbinsaat.com/blog/kombi-hata-kodlari-ne-anlama-gelir/";"gövde ve H2";"Blog"
"kombi kaç yıl kullanılır";"bilgi";"3";"https://cbinsaat.com/blog/kombi-mi-degistirmeli-tamir-mi/";"gövde ve H2";"Blog"
"kombi kaç yıl kullanılır?";"bilgi";"3";"https://cbinsaat.com/blog/kombi-mi-degistirmeli-tamir-mi/";"SSS bölümü";"Blog"
"kombi kartı";"bilgi";"3";"https://cbinsaat.com/blog/kombi-mi-degistirmeli-tamir-mi/";"gövde ve H2";"Blog"
"kombi kışın gece dondu, ne yapmalıyım?";"bilgi";"3";"https://cbinsaat.com/blog/kombi-hata-kodlari-ne-anlama-gelir/";"SSS bölümü";"Blog"
"kombi kilitlendi";"bilgi";"3";"https://cbinsaat.com/blog/kombi-hata-kodlari-ne-anlama-gelir/";"gövde ve H2";"Blog"
"kombi reset";"bilgi";"3";"https://cbinsaat.com/blog/kombi-hata-kodlari-ne-anlama-gelir/";"gövde ve H2";"Blog"
"kombi sezon bakımı";"bilgi";"3";"https://cbinsaat.com/blog/kis-gelmeden-yapilacak-10-kontrol/";"gövde ve H2";"Blog"
"kombi su eksiltiyor";"bilgi";"3";"https://cbinsaat.com/blog/kombi-basinci-neden-duser/";"gövde ve H2";"Blog"
"kombi tamiri";"bilgi";"3";"https://cbinsaat.com/blog/kombi-mi-degistirmeli-tamir-mi/";"gövde ve H2";"Blog"
"kombiyi balkona alabilir miyim?";"bilgi";"3";"https://cbinsaat.com/blog/dogalgaza-gecerken-dikkat/";"SSS bölümü";"Blog"
"kombiyi gece kapatmalı mıyım?";"bilgi";"3";"https://cbinsaat.com/blog/dogalgaz-faturasi-neden-yuksek/";"SSS bölümü";"Blog"
"kompanzasyon";"bilgi";"3";"https://cbinsaat.com/blog/isyeri-elektrik-gucu-hesabi/";"gövde ve H2";"Blog"
"kompanzasyon her iş yerinde gerekli mi?";"bilgi";"3";"https://cbinsaat.com/blog/isyeri-elektrik-gucu-hesabi/";"SSS bölümü";"Blog"
"kompanzasyon panosu ne kadar sürede kendini amorti eder?";"bilgi";"3";"https://cbinsaat.com/blog/kompanzasyon-panosu-nedir/";"SSS bölümü";"Blog"
"kompozit tezgah";"bilgi";"3";"https://cbinsaat.com/blog/granit-mi-mermer-mi-tezgah/";"gövde ve H2";"Blog"
"komşum sürekli şikâyet ediyor, ne yapmalıyım?";"bilgi";"3";"https://cbinsaat.com/blog/tadilatta-komsu-iliskileri/";"SSS bölümü";"Blog"
"kondansatör";"bilgi";"3";"https://cbinsaat.com/blog/kompanzasyon-panosu-nedir/";"gövde ve H2";"Blog"
"korkuluğu da yeniliyor musunuz?";"bilgi";"3";"https://cbinsaat.com/blog/balkon-yenilemede-sira/";"SSS bölümü";"Blog"
"korkuluk boyası kaç yılda bir yenilenmeli?";"bilgi";"3";"https://cbinsaat.com/blog/demir-isleri-neden-paslanir/";"SSS bölümü";"Blog"
"korkuluk paslanması";"bilgi";"3";"https://cbinsaat.com/blog/demir-isleri-neden-paslanir/";"gövde ve H2";"Blog"
"korkuluk ve doğrama boyası dahil mi?";"bilgi";"3";"https://cbinsaat.com/blog/cephe-boyasi-ne-zaman-yenilenmeli/";"SSS bölümü";"Blog"
"koruma topraklaması";"bilgi";"3";"https://cbinsaat.com/blog/topraklama-neden-onemli/";"gövde ve H2";"Blog"
"kritik yük";"bilgi";"3";"https://cbinsaat.com/blog/jenerator-transfer-panosu/";"gövde ve H2";"Blog"
"kumlu su pompaya zarar verir mi?";"bilgi";"3";"https://cbinsaat.com/blog/kuyu-pompasi-basinc-sorunu/";"SSS bölümü";"Blog"
"kuru çalışma";"bilgi";"3";"https://cbinsaat.com/blog/dalgic-pompa-calismiyor/";"gövde ve H2";"Blog"
"kuru çalışma koruması";"bilgi";"3";"https://cbinsaat.com/blog/su-deposu-hidrofor-birlikte/";"gövde ve H2";"Blog"
"kuruma nasıl hızlandırılır?";"bilgi";"3";"https://cbinsaat.com/blog/sap-kurumadan-parke-doseme/";"SSS bölümü";"Blog"
"kuvars tezgah";"bilgi";"3";"https://cbinsaat.com/blog/granit-mi-mermer-mi-tezgah/";"gövde ve H2";"Blog"
"kuvvet panosu";"bilgi";"3";"https://cbinsaat.com/blog/fabrika-elektrik-tesisati-planlama/";"gövde ve H2";"Blog"
"kuyu pompası";"bilgi";"3";"https://cbinsaat.com/blog/bag-evi-yapiminda-altyapi/";"gövde ve H2";"Blog"
"kuyu pompası arızası";"bilgi";"3";"https://cbinsaat.com/blog/dalgic-pompa-calismiyor/";"gövde ve H2";"Blog"
"kuyu pompası basınç";"bilgi";"3";"https://cbinsaat.com/blog/kuyu-pompasi-basinc-sorunu/";"gövde ve H2";"Blog"
"kuyu verimi";"bilgi";"3";"https://cbinsaat.com/blog/tarimsal-sulama-pompa-secimi/";"gövde ve H2";"Blog"
"kuyu verimi ölçümü ne kadar sürer?";"bilgi";"3";"https://cbinsaat.com/blog/kuyu-pompasi-secimi/";"SSS bölümü";"Blog"
"küçük banyo";"bilgi";"3";"https://cbinsaat.com/blog/kucuk-banyoda-cozumler/";"gövde ve H2";"Blog"
"küçük banyo tadilatı ne kadar sürer?";"bilgi";"3";"https://cbinsaat.com/blog/kucuk-banyoda-cozumler/";"SSS bölümü";"Blog"
"küçük daire tadilatı";"bilgi";"3";"https://cbinsaat.com/blog/kucuk-daireyi-buyuk-gostermek/";"gövde ve H2";"Blog"
"küf";"bilgi";"3";"https://cbinsaat.com/blog/cepheden-nem-alan-duvar/";"gövde ve H2";"Blog"
"küf boyasıyla çözülür mü?";"bilgi";"3";"https://cbinsaat.com/blog/cepheden-nem-alan-duvar/";"SSS bölümü";"Blog"
"laminat parke";"bilgi";"3";"https://cbinsaat.com/blog/seramik-mi-parke-mi/";"gövde ve H2";"Blog"
"lavabo tıkanıklığı";"bilgi";"3";"https://cbinsaat.com/blog/lavabo-tikanikligi-neden-olur/";"gövde ve H2";"Blog"
"led şerit ne kadar dayanır?";"bilgi";"3";"https://cbinsaat.com/blog/avize-secim-rehberi/";"SSS bölümü";"Blog"
"lümen hesabı";"bilgi";"3";"https://cbinsaat.com/blog/avize-secim-rehberi/";"gövde ve H2";"Blog"
"macun";"bilgi";"3";"https://cbinsaat.com/blog/alci-mi-macun-mu/";"gövde ve H2";"Blog"
"mağaza aydınlatması";"bilgi";"3";"https://cbinsaat.com/blog/dukkan-tadilati-elektrik-aydinlatma/";"gövde ve H2";"Blog"
"mağaza tadilatı";"bilgi";"3";"https://cbinsaat.com/blog/dukkan-tadilatinda-acilis-takvimi/";"gövde ve H2";"Blog"
"mahya";"bilgi";"3";"https://cbinsaat.com/blog/cati-akintisi-nereden-baslar/";"gövde ve H2";"Blog"
"malzemeleri ben alabilir miyim?";"bilgi";"3";"https://cbinsaat.com/blog/daire-tadilati-is-sirasi/";"SSS bölümü";"Blog"
"malzemeyi ben alsam ucuzlar mı?";"bilgi";"3";"https://cbinsaat.com/blog/insaat-butcesi-nasil-kurulur/";"SSS bölümü";"Blog"
"malzemeyi kendim alsam daha mı ucuz olur?";"bilgi";"3";"https://cbinsaat.com/blog/ev-tadilati-nereden-baslanir/";"SSS bölümü";"Blog"
"mantolama";"bilgi";"3";"https://cbinsaat.com/blog/mantolama-ne-kazandirir/";"gövde ve H2";"Blog"
"mantolama kalınlığı";"bilgi";"3";"https://cbinsaat.com/blog/mantolama-ne-kazandirir/";"gövde ve H2";"Blog"
"mantolama kendini kaç yılda amorti eder?";"bilgi";"3";"https://cbinsaat.com/blog/mantolama-ne-kazandirir/";"SSS bölümü";"Blog"
"mantolama nem sorunu yaratır mı?";"bilgi";"3";"https://cbinsaat.com/blog/mantolama-ne-kazandirir/";"SSS bölümü";"Blog"
"mastar";"bilgi";"3";"https://cbinsaat.com/blog/duvar-dalgali-nasil-duzeltilir/";"gövde ve H2";"Blog"
"mat boya kusuru gizler mi?";"bilgi";"3";"https://cbinsaat.com/blog/duvar-dalgali-nasil-duzeltilir/";"SSS bölümü";"Blog"
"membran";"bilgi";"3";"https://cbinsaat.com/blog/teras-su-yalitimi-adimlari/";"gövde ve H2";"Blog"
"menteşe ayarı";"bilgi";"3";"https://cbinsaat.com/blog/kapi-neden-surtuyor/";"gövde ve H2";"Blog"
"merdiven boyama";"bilgi";"3";"https://cbinsaat.com/blog/apartman-ortak-alan-yenileme/";"gövde ve H2";"Blog"
"mermer tezgah";"bilgi";"3";"https://cbinsaat.com/blog/granit-mi-mermer-mi-tezgah/";"gövde ve H2";"Blog"
"metraj çıkarmak ücretli mi?";"bilgi";"3";"https://cbinsaat.com/blog/tadilat-butcesi-nasil-planlanir/";"SSS bölümü";"Blog"
"metrekare fiyatı verebilir misiniz?";"bilgi";"3";"https://cbinsaat.com/blog/insaat-butcesi-nasil-kurulur/";"SSS bölümü";"Blog"
"mevcut bahçeye sonradan kurulabilir mi?";"bilgi";"3";"https://cbinsaat.com/blog/bahce-aydinlatmasi-nasil-planlanir/";"SSS bölümü";"Blog"
"mevcut çimi bozmadan sistem kurulabilir mi?";"bilgi";"3";"https://cbinsaat.com/blog/otomatik-bahce-sulama/";"SSS bölümü";"Blog"
"mevcut duvara sonradan drenaj yapılabilir mi?";"bilgi";"3";"https://cbinsaat.com/blog/istinat-duvari-neden-catlar/";"SSS bölümü";"Blog"
"mevcut hidroforumu invertörle güncelleyebilir miyim?";"bilgi";"3";"https://cbinsaat.com/blog/hidrofor-secimi-nasil-yapilir/";"SSS bölümü";"Blog"
"mevcut jeneratörüme transfer panosu eklenebilir mi?";"bilgi";"3";"https://cbinsaat.com/blog/jenerator-transfer-panosu/";"SSS bölümü";"Blog"
"mevcut peteklerle birlikte kullanılabilir mi?";"bilgi";"3";"https://cbinsaat.com/blog/petek-mi-yerden-isitma-mi/";"SSS bölümü";"Blog"
"mevcut sisteme kamera eklenebilir mi?";"bilgi";"3";"https://cbinsaat.com/blog/guvenlik-kamerasi-secim-rehberi/";"SSS bölümü";"Blog"
"mevcut sistemimi genişletebilir miyim?";"bilgi";"3";"https://cbinsaat.com/blog/tarimsal-sulama-pompa-secimi/";"SSS bölümü";"Blog"
"mevcut tozuyan zemin düzeltilebilir mi?";"bilgi";"3";"https://cbinsaat.com/blog/depo-atolye-zemini/";"SSS bölümü";"Blog"
"moloz tahliyesi";"bilgi";"3";"https://cbinsaat.com/blog/tadilatta-komsu-iliskileri/";"gövde ve H2";"Blog"
"molozu siz mi atıyorsunuz?";"bilgi";"3";"https://cbinsaat.com/blog/tadilatta-komsu-iliskileri/";"SSS bölümü";"Blog"
"mutfağı kullanamayacak mıyım?";"bilgi";"3";"https://cbinsaat.com/blog/mutfak-tadilatinda-plan/";"SSS bölümü";"Blog"
"mutfak dolabı ölçüsü";"bilgi";"3";"https://cbinsaat.com/blog/mutfak-tadilatinda-plan/";"gövde ve H2";"Blog"
"mutfak gideri tıkandı";"bilgi";"3";"https://cbinsaat.com/blog/lavabo-tikanikligi-neden-olur/";"gövde ve H2";"Blog"
"mutfak tadilatı kaç gün sürer?";"bilgi";"3";"https://cbinsaat.com/blog/mutfak-tadilatinda-plan/";"SSS bölümü";"Blog"
"mutfak tezgahı";"bilgi";"3";"https://cbinsaat.com/blog/granit-mi-mermer-mi-tezgah/";"gövde ve H2";"Blog"
"mutfak yenileme";"bilgi";"3";"https://cbinsaat.com/blog/mutfak-tadilatinda-plan/";"gövde ve H2";"Blog"
"müstakil ev inşaatı";"bilgi";"3";"https://cbinsaat.com/blog/ev-yaptirmaya-nereden-baslanir/";"gövde ve H2";"Blog"
"müteahhit seçimi";"bilgi";"3";"https://cbinsaat.com/blog/muteahhit-secerken-sorulacak-sorular/";"gövde ve H2";"Blog"
"ne kadar dalgalanma normal?";"bilgi";"3";"https://cbinsaat.com/blog/duvar-dalgali-nasil-duzeltilir/";"SSS bölümü";"Blog"
"ne kadar sürer?";"bilgi";"3";"https://cbinsaat.com/blog/ofis-kurulumunda-altyapi/";"SSS bölümü";"Blog"
"ne sıklıkla asit uygulaması yapmalıyım?";"bilgi";"3";"https://cbinsaat.com/blog/damlama-sulama-tikaniklik/";"SSS bölümü";"Blog"
"nem dayanımlı alçıpan";"bilgi";"3";"https://cbinsaat.com/blog/alcipan-nerede-kullanilir/";"gövde ve H2";"Blog"
"nem dayanımlı tesisat";"bilgi";"3";"https://cbinsaat.com/blog/sera-elektrik-ve-otomasyon/";"gövde ve H2";"Blog"
"nem ölçümü yapıyor musunuz?";"bilgi";"3";"https://cbinsaat.com/blog/cepheden-nem-alan-duvar/";"SSS bölümü";"Blog"
"ofis akustik";"bilgi";"3";"https://cbinsaat.com/blog/ofis-kurulumunda-altyapi/";"gövde ve H2";"Blog"
"ofis aydınlatma";"bilgi";"3";"https://cbinsaat.com/blog/ofis-kurulumunda-altyapi/";"gövde ve H2";"Blog"
"ofis bölme duvar";"bilgi";"3";"https://cbinsaat.com/blog/ofis-kurulumunda-altyapi/";"gövde ve H2";"Blog"
"ofis çalışırken tadilat yapılabilir mi?";"bilgi";"3";"https://cbinsaat.com/blog/ofis-kurulumunda-altyapi/";"SSS bölümü";"Blog"
"oluk değişimi mi tamir mi?";"bilgi";"3";"https://cbinsaat.com/blog/oluk-neden-tasar/";"SSS bölümü";"Blog"
"oluk taşıyor";"bilgi";"3";"https://cbinsaat.com/blog/oluk-neden-tasar/";"gövde ve H2";"Blog"
"oluk temizliği";"bilgi";"3";"https://cbinsaat.com/blog/kis-gelmeden-yapilacak-10-kontrol/";"gövde ve H2";"Blog"
"oluk temizliği ne sıklıkla yapılmalı?";"bilgi";"3";"https://cbinsaat.com/blog/oluk-neden-tasar/";"SSS bölümü";"Blog"
"ortak alan aydınlatma";"bilgi";"3";"https://cbinsaat.com/blog/apartman-ortak-alan-yenileme/";"gövde ve H2";"Blog"
"otomatik bahçe sulama";"bilgi";"3";"https://cbinsaat.com/blog/otomatik-bahce-sulama/";"gövde ve H2";"Blog"
"otomatik sulama";"bilgi";"3";"https://cbinsaat.com/blog/otomatik-sulama-kurulumu/";"gövde ve H2";"Blog"
"otomatik transfer";"bilgi";"3";"https://cbinsaat.com/blog/jenerator-transfer-panosu/";"gövde ve H2";"Blog"
"oturarak yapılabilir mi?";"bilgi";"3";"https://cbinsaat.com/blog/eski-ev-tadilatinda-oncelik/";"SSS bölümü";"Blog"
"ödeme nasıl yapılıyor?";"bilgi";"3";"https://cbinsaat.com/blog/apartman-ortak-alan-yenileme/";"SSS bölümü";"Blog"
"panel çalınırsa ne olur?";"bilgi";"3";"https://cbinsaat.com/blog/gunes-enerjisiyle-sulama/";"SSS bölümü";"Blog"
"pano etiketleme";"bilgi";"3";"https://cbinsaat.com/blog/elektrik-panosu-bakimi/";"gövde ve H2";"Blog"
"pano kontrolü";"bilgi";"3";"https://cbinsaat.com/blog/elektrik-panosu-bakimi/";"gövde ve H2";"Blog"
"panoyu kendim temizleyebilir miyim?";"bilgi";"3";"https://cbinsaat.com/blog/elektrik-panosu-bakimi/";"SSS bölümü";"Blog"
"parapet detayı";"bilgi";"3";"https://cbinsaat.com/blog/teras-su-yalitimi-adimlari/";"gövde ve H2";"Blog"
"parke döşeme";"bilgi";"3";"https://cbinsaat.com/blog/sap-kurumadan-parke-doseme/";"gövde ve H2";"Blog"
"parke kaç yılda bir yenilenir?";"bilgi";"3";"https://cbinsaat.com/blog/seramik-mi-parke-mi/";"SSS bölümü";"Blog"
"paspayı";"bilgi";"3";"https://cbinsaat.com/blog/kaba-insaatta-nelere-dikkat/";"gövde ve H2";"Blog"
"pencere contası";"bilgi";"3";"https://cbinsaat.com/blog/pencereden-hava-geliyor/";"gövde ve H2";"Blog"
"pencere donanımı";"bilgi";"3";"https://cbinsaat.com/blog/kapi-pencere-secerken/";"gövde ve H2";"Blog"
"pencere montajı";"bilgi";"3";"https://cbinsaat.com/blog/pencereden-hava-geliyor/";"gövde ve H2";"Blog"
"pencereden hava geliyor";"bilgi";"3";"https://cbinsaat.com/blog/pencereden-hava-geliyor/";"gövde ve H2";"Blog"
"peteği sökmeden temizlemek mümkün mü?";"bilgi";"3";"https://cbinsaat.com/blog/petek-isinmiyor-ne-yapmali/";"SSS bölümü";"Blog"
"petek hava alma";"bilgi";"3";"https://cbinsaat.com/blog/peteklerin-alti-neden-soguk/";"gövde ve H2";"Blog"
"petek hava yapmış";"bilgi";"3";"https://cbinsaat.com/blog/petek-isinmiyor-ne-yapmali/";"gövde ve H2";"Blog"
"petek mi yerden ısıtma mı";"bilgi";"3";"https://cbinsaat.com/blog/petek-mi-yerden-isitma-mi/";"gövde ve H2";"Blog"
"petek temizliği";"bilgi";"3";"https://cbinsaat.com/blog/peteklerin-alti-neden-soguk/";"gövde ve H2";"Blog"
"petek temizliği kaç yılda bir yapılmalı?";"bilgi";"3";"https://cbinsaat.com/blog/petek-isinmiyor-ne-yapmali/";"SSS bölümü";"Blog"
"petek temizliğini ne sıklıkla yaptırmalıyım?";"bilgi";"3";"https://cbinsaat.com/blog/peteklerin-alti-neden-soguk/";"SSS bölümü";"Blog"
"petek tesisatı";"bilgi";"3";"https://cbinsaat.com/blog/dogalgaza-gecerken-dikkat/";"gövde ve H2";"Blog"
"petek üstten soğuk";"bilgi";"3";"https://cbinsaat.com/blog/petek-isinmiyor-ne-yapmali/";"gövde ve H2";"Blog"
"pex kolektörlü sistem";"bilgi";"3";"https://cbinsaat.com/blog/ev-su-tesisati-yenileme/";"gövde ve H2";"Blog"
"pompa (lastik) ile açamadım, ne yapmalıyım?";"bilgi";"3";"https://cbinsaat.com/blog/lavabo-tikanikligi-neden-olur/";"SSS bölümü";"Blog"
"pompa aşınması";"bilgi";"3";"https://cbinsaat.com/blog/kuyu-pompasi-basinc-sorunu/";"gövde ve H2";"Blog"
"pompa çalışıyor ama su gelmiyor, neden?";"bilgi";"3";"https://cbinsaat.com/blog/dalgic-pompa-calismiyor/";"SSS bölümü";"Blog"
"pompa seçimi";"bilgi";"3";"https://cbinsaat.com/blog/kuyu-pompasi-secimi/";"gövde ve H2";"Blog"
"pompa sık sık termikten atıyor, ne yapmalıyım?";"bilgi";"3";"https://cbinsaat.com/blog/dalgic-pompa-calismiyor/";"SSS bölümü";"Blog"
"pompam sık sık yanıyor, neden?";"bilgi";"3";"https://cbinsaat.com/blog/kuyu-pompasi-secimi/";"SSS bölümü";"Blog"
"pompayı daha derine indirmek çözüm mü?";"bilgi";"3";"https://cbinsaat.com/blog/kuyu-pompasi-basinc-sorunu/";"SSS bölümü";"Blog"
"pop-up sprinkler";"bilgi";"3";"https://cbinsaat.com/blog/otomatik-bahce-sulama/";"gövde ve H2";"Blog"
"pprc boru";"bilgi";"3";"https://cbinsaat.com/blog/ev-su-tesisati-yenileme/";"gövde ve H2";"Blog"
"prefabrik ev";"bilgi";"3";"https://cbinsaat.com/blog/betonarme-mi-celik-mi/";"gövde ve H2";"Blog"
"prefabrik yapı kaç yıl dayanır?";"bilgi";"3";"https://cbinsaat.com/blog/betonarme-mi-celik-mi/";"SSS bölümü";"Blog"
"presostat";"bilgi";"3";"https://cbinsaat.com/blog/hidrofor-basinc-sorunu/";"gövde ve H2";"Blog"
"priz kararması";"bilgi";"3";"https://cbinsaat.com/blog/priz-neden-isinir/";"gövde ve H2";"Blog"
"priz kıvılcım";"bilgi";"3";"https://cbinsaat.com/blog/priz-neden-isinir/";"gövde ve H2";"Blog"
"priz markası fark eder mi?";"bilgi";"3";"https://cbinsaat.com/blog/ic-mekan-priz-plani/";"SSS bölümü";"Blog"
"priz planı";"bilgi";"3";"https://cbinsaat.com/blog/ic-mekan-priz-plani/";"gövde ve H2";"Blog"
"priz sayısı";"bilgi";"3";"https://cbinsaat.com/blog/ic-mekan-priz-plani/";"gövde ve H2";"Blog"
"priz yüksekliği";"bilgi";"3";"https://cbinsaat.com/blog/ic-mekan-priz-plani/";"gövde ve H2";"Blog"
"prizde toprak olup olmadığını nasıl anlarım?";"bilgi";"3";"https://cbinsaat.com/blog/yapi-teslim-kontrol-listesi/";"SSS bölümü";"Blog"
"profil odacık";"bilgi";"3";"https://cbinsaat.com/blog/kapi-pencere-secerken/";"gövde ve H2";"Blog"
"proje çizimi yapıyor musunuz?";"bilgi";"3";"https://cbinsaat.com/blog/fabrika-elektrik-tesisati-planlama/";"SSS bölümü";"Blog"
"purjör";"bilgi";"3";"https://cbinsaat.com/blog/petek-isinmiyor-ne-yapmali/";"gövde ve H2";"Blog"
"pvc mi metal mi?";"bilgi";"3";"https://cbinsaat.com/blog/oluk-neden-tasar/";"SSS bölümü";"Blog"
"pvc pencere ayarı";"bilgi";"3";"https://cbinsaat.com/blog/pencereden-hava-geliyor/";"gövde ve H2";"Blog"
"pvc pencere seçimi";"bilgi";"3";"https://cbinsaat.com/blog/kapi-pencere-secerken/";"gövde ve H2";"Blog"
"radyatör ısınmıyor";"bilgi";"3";"https://cbinsaat.com/blog/petek-isinmiyor-ne-yapmali/";"gövde ve H2";"Blog"
"radye temel";"bilgi";"3";"https://cbinsaat.com/blog/temel-tipi-nasil-secilir/";"gövde ve H2";"Blog"
"radye temel her zaman daha mı iyi?";"bilgi";"3";"https://cbinsaat.com/blog/temel-tipi-nasil-secilir/";"SSS bölümü";"Blog"
"reaktif enerji";"bilgi";"3";"https://cbinsaat.com/blog/kompanzasyon-panosu-nedir/";"gövde ve H2";"Blog"
"referans görebilir miyim?";"bilgi";"3";"https://cbinsaat.com/blog/muteahhit-secerken-sorulacak-sorular/";"SSS bölümü";"Blog"
"renk sıcaklığı";"bilgi";"3";"https://cbinsaat.com/blog/ic-mekan-aydinlatma-planlama/";"gövde ve H2";"Blog"
"reset tuşuna basmak zararlı mı?";"bilgi";"3";"https://cbinsaat.com/blog/kombi-hata-kodlari-ne-anlama-gelir/";"SSS bölümü";"Blog"
"rezidüel akım";"bilgi";"3";"https://cbinsaat.com/blog/kacak-akim-rolesi-neden-atar/";"gövde ve H2";"Blog"
"röle atıyor ama hiçbir cihazda bulamıyorum, ne yapmalıyım?";"bilgi";"3";"https://cbinsaat.com/blog/kacak-akim-rolesi-neden-atar/";"SSS bölümü";"Blog"
"ruhsat işlerini yapıyor musunuz?";"bilgi";"3";"https://cbinsaat.com/blog/dukkan-tadilatinda-acilis-takvimi/";"SSS bölümü";"Blog"
"rutubet";"bilgi";"3";"https://cbinsaat.com/blog/cepheden-nem-alan-duvar/";"gövde ve H2";"Blog"
"sadece akıntının olduğu yeri tamir eder misiniz?";"bilgi";"3";"https://cbinsaat.com/blog/cati-akintisi-nereden-baslar/";"SSS bölümü";"Blog"
"sadece aydınlatma yaptırabilir miyiz?";"bilgi";"3";"https://cbinsaat.com/blog/apartman-ortak-alan-yenileme/";"SSS bölümü";"Blog"
"sadece bir cepheyi boyatabilir miyiz?";"bilgi";"3";"https://cbinsaat.com/blog/cephe-boyasi-ne-zaman-yenilenmeli/";"SSS bölümü";"Blog"
"sadece kaba inşaat yaptırabilir miyim?";"bilgi";"3";"https://cbinsaat.com/blog/ev-yaptirmaya-nereden-baslanir/";"SSS bölümü";"Blog"
"sanayi elektrik";"bilgi";"3";"https://cbinsaat.com/blog/fabrika-elektrik-tesisati-planlama/";"gövde ve H2";"Blog"
"saten alçı";"bilgi";"3";"https://cbinsaat.com/blog/alci-mi-macun-mu/";"gövde ve H2";"Blog"
"satış öncesi tadilat";"bilgi";"3";"https://cbinsaat.com/blog/satis-oncesi-ev-yenileme-rehberi/";"gövde ve H2";"Blog"
"satış öncesi yenileme kendini amorti eder mi?";"bilgi";"3";"https://cbinsaat.com/blog/satis-oncesi-ev-yenileme-rehberi/";"SSS bölümü";"Blog"
"sayaç dönüyor";"bilgi";"3";"https://cbinsaat.com/blog/su-kacagi-erken-belirtileri/";"gövde ve H2";"Blog"
"sera elektriği";"bilgi";"3";"https://cbinsaat.com/blog/sera-elektrik-ve-otomasyon/";"gövde ve H2";"Blog"
"sera sulama";"bilgi";"3";"https://cbinsaat.com/blog/sera-elektrik-ve-otomasyon/";"gövde ve H2";"Blog"
"sera tesisatı ne sıklıkla kontrol edilmeli?";"bilgi";"3";"https://cbinsaat.com/blog/sera-elektrik-ve-otomasyon/";"SSS bölümü";"Blog"
"seramiğin üstüne parke döşenir mi?";"bilgi";"3";"https://cbinsaat.com/blog/seramik-mi-parke-mi/";"SSS bölümü";"Blog"
"seramik boş ses";"bilgi";"3";"https://cbinsaat.com/blog/seramik-bos-ses-veriyor/";"gövde ve H2";"Blog"
"seramik kalkıyor";"bilgi";"3";"https://cbinsaat.com/blog/seramik-bos-ses-veriyor/";"gövde ve H2";"Blog"
"seramik mi parke mi";"bilgi";"3";"https://cbinsaat.com/blog/seramik-mi-parke-mi/";"gövde ve H2";"Blog"
"sıva terazisi";"bilgi";"3";"https://cbinsaat.com/blog/duvar-dalgali-nasil-duzeltilir/";"gövde ve H2";"Blog"
"sifon kokusu";"bilgi";"3";"https://cbinsaat.com/blog/lavabo-tikanikligi-neden-olur/";"gövde ve H2";"Blog"
"sigorta bu hasarı karşılar mı?";"bilgi";"3";"https://cbinsaat.com/blog/su-kacagi-erken-belirtileri/";"SSS bölümü";"Blog"
"sigorta neden atar";"bilgi";"3";"https://cbinsaat.com/blog/sigorta-surekli-neden-atar/";"gövde ve H2";"Blog"
"sigortayı büyük amperajlıyla değiştirebilir miyim?";"bilgi";"3";"https://cbinsaat.com/blog/sigorta-surekli-neden-atar/";"SSS bölümü";"Blog"
"silikonlu boya";"bilgi";"3";"https://cbinsaat.com/blog/cephe-boyasi-ne-zaman-yenilenmeli/";"gövde ve H2";"Blog"
"sineklik ve panjur da yapıyor musunuz?";"bilgi";"3";"https://cbinsaat.com/blog/pencereden-hava-geliyor/";"SSS bölümü";"Blog"
"sipariş ne kadar sürede gelir?";"bilgi";"3";"https://cbinsaat.com/blog/kapi-pencere-secerken/";"SSS bölümü";"Blog"
"sistem kaç yılda kendini amorti eder?";"bilgi";"3";"https://cbinsaat.com/blog/gunes-enerjisiyle-sulama/";"SSS bölümü";"Blog"
"sistemi kendim kurabilir miyim?";"bilgi";"3";"https://cbinsaat.com/blog/damlama-mi-yagmurlama-mi/";"SSS bölümü";"Blog"
"solar bahçe armatürleri işe yarar mı?";"bilgi";"3";"https://cbinsaat.com/blog/bahce-aydinlatmasi-nasil-planlanir/";"SSS bölümü";"Blog"
"solar sulama";"bilgi";"3";"https://cbinsaat.com/blog/gunes-enerjisiyle-sulama/";"gövde ve H2";"Blog"
"sonradan priz eklenebilir mi?";"bilgi";"3";"https://cbinsaat.com/blog/ic-mekan-priz-plani/";"SSS bölümü";"Blog"
"sözleşme şart mı?";"bilgi";"3";"https://cbinsaat.com/blog/muteahhit-secerken-sorulacak-sorular/";"SSS bölümü";"Blog"
"spot aydınlatma";"bilgi";"3";"https://cbinsaat.com/blog/ic-mekan-aydinlatma-planlama/";"gövde ve H2";"Blog"
"spot yerleşimi";"bilgi";"3";"https://cbinsaat.com/blog/avize-secim-rehberi/";"gövde ve H2";"Blog"
"sprinkler sistemi";"bilgi";"3";"https://cbinsaat.com/blog/otomatik-bahce-sulama/";"gövde ve H2";"Blog"
"su borusu dondu";"bilgi";"3";"https://cbinsaat.com/blog/donmus-boru-ne-yapilir/";"gövde ve H2";"Blog"
"su deposu hidrofor";"bilgi";"3";"https://cbinsaat.com/blog/su-deposu-hidrofor-birlikte/";"gövde ve H2";"Blog"
"su deposu temizliği";"bilgi";"3";"https://cbinsaat.com/blog/su-deposu-ne-zaman-temizlenmeli/";"gövde ve H2";"Blog"
"su faturası arttı";"bilgi";"3";"https://cbinsaat.com/blog/su-kacagi-erken-belirtileri/";"gövde ve H2";"Blog"
"su kaçağı";"bilgi";"3";"https://cbinsaat.com/blog/su-kacagi-nasil-bulunur-blog/";"gövde ve H2";"Blog"
"su kaçağı belirtileri";"bilgi";"3";"https://cbinsaat.com/blog/su-kacagi-erken-belirtileri/";"gövde ve H2";"Blog"
"su kaçağı tespiti";"bilgi";"3";"https://cbinsaat.com/blog/su-kacagi-nasil-bulunur-blog/";"gövde ve H2";"Blog"
"su seviyesi düştü";"bilgi";"3";"https://cbinsaat.com/blog/kuyu-pompasi-basinc-sorunu/";"gövde ve H2";"Blog"
"su takviyesi";"bilgi";"3";"https://cbinsaat.com/blog/kombi-basinci-neden-dusuyor/";"gövde ve H2";"Blog"
"su tesisatı yenileme";"bilgi";"3";"https://cbinsaat.com/blog/ev-su-tesisati-yenileme/";"gövde ve H2";"Blog"
"su testi";"bilgi";"3";"https://cbinsaat.com/blog/teras-su-yalitimi-adimlari/";"gövde ve H2";"Blog"
"su yalıtımı";"bilgi";"3";"https://cbinsaat.com/blog/banyo-tadilati-siralama/";"gövde ve H2";"Blog"
"su yalıtımı yok";"bilgi";"3";"https://cbinsaat.com/blog/tadilatta-sonradan-cikan-kalemler/";"gövde ve H2";"Blog"
"sulama debisi";"bilgi";"3";"https://cbinsaat.com/blog/tarimsal-sulama-pompa-secimi/";"gövde ve H2";"Blog"
"sulama filtresi";"bilgi";"3";"https://cbinsaat.com/blog/damlama-sulama-tikaniklik/";"gövde ve H2";"Blog"
"sulama hattı";"bilgi";"3";"https://cbinsaat.com/blog/bahce-duzenlemesinde-sira/";"gövde ve H2";"Blog"
"sulama otomasyonu şart mı?";"bilgi";"3";"https://cbinsaat.com/blog/damlama-mi-yagmurlama-mi/";"SSS bölümü";"Blog"
"sulama pompası seçimi";"bilgi";"3";"https://cbinsaat.com/blog/tarimsal-sulama-pompa-secimi/";"gövde ve H2";"Blog"
"sulama sistemi seçimi";"bilgi";"3";"https://cbinsaat.com/blog/damlama-mi-yagmurlama-mi/";"gövde ve H2";"Blog"
"sulama zonu";"bilgi";"3";"https://cbinsaat.com/blog/otomatik-sulama-kurulumu/";"gövde ve H2";"Blog"
"sundurma kar yükü";"bilgi";"3";"https://cbinsaat.com/blog/kar-yuku-ve-cati-tasarimi/";"gövde ve H2";"Blog"
"sundurmam çöktü, yenisi nasıl yapılmalı?";"bilgi";"3";"https://cbinsaat.com/blog/kar-yuku-ve-cati-tasarimi/";"SSS bölümü";"Blog"
"sürekli temel";"bilgi";"3";"https://cbinsaat.com/blog/temel-tipi-nasil-secilir/";"gövde ve H2";"Blog"
"sürgülü kapı ses geçirir mi?";"bilgi";"3";"https://cbinsaat.com/blog/kucuk-daireyi-buyuk-gostermek/";"SSS bölümü";"Blog"
"sürme yalıtım";"bilgi";"3";"https://cbinsaat.com/blog/banyo-tadilatinda-su-yalitimi/";"gövde ve H2";"Blog"
"sürpriz çıkınca fiyat nasıl belirleniyor?";"bilgi";"3";"https://cbinsaat.com/blog/tadilatta-sonradan-cikan-kalemler/";"SSS bölümü";"Blog"
"şap kuruma süresi";"bilgi";"3";"https://cbinsaat.com/blog/sap-kurumadan-parke-doseme/";"gövde ve H2";"Blog"
"şapın üstüne seramik ne zaman döşenir?";"bilgi";"3";"https://cbinsaat.com/blog/sap-kurumadan-parke-doseme/";"SSS bölümü";"Blog"
"şebeke suyu yeterli mi, pompa gerekir mi?";"bilgi";"3";"https://cbinsaat.com/blog/otomatik-bahce-sulama/";"SSS bölümü";"Blog"
"şebeke suyu yeterli mi?";"bilgi";"3";"https://cbinsaat.com/blog/otomatik-sulama-kurulumu/";"SSS bölümü";"Blog"
"şehir dışına geliyor musunuz?";"bilgi";"3";"https://cbinsaat.com/blog/bag-evi-yapiminda-altyapi/";"SSS bölümü";"Blog"
"tabela işini de yapıyor musunuz?";"bilgi";"3";"https://cbinsaat.com/blog/dukkan-tadilati-elektrik-aydinlatma/";"SSS bölümü";"Blog"
"tadilat aşamaları";"bilgi";"3";"https://cbinsaat.com/blog/daire-tadilati-is-sirasi/";"gövde ve H2";"Blog"
"tadilat bütçesi";"bilgi";"3";"https://cbinsaat.com/blog/ev-tadilati-nereden-baslanir/";"gövde ve H2";"Blog"
"tadilat firması seçimi";"bilgi";"3";"https://cbinsaat.com/blog/muteahhit-secerken-sorulacak-sorular/";"gövde ve H2";"Blog"
"tadilat fiyatı";"bilgi";"3";"https://cbinsaat.com/blog/tadilat-butcesi-nasil-planlanir/";"gövde ve H2";"Blog"
"tadilat gürültü saatleri";"bilgi";"3";"https://cbinsaat.com/blog/tadilatta-komsu-iliskileri/";"gövde ve H2";"Blog"
"tadilat için apartmandan izin gerekir mi?";"bilgi";"3";"https://cbinsaat.com/blog/ev-tadilati-nereden-baslanir/";"SSS bölümü";"Blog"
"tadilat iş sırası";"bilgi";"3";"https://cbinsaat.com/blog/daire-tadilati-is-sirasi/";"gövde ve H2";"Blog"
"tadilat maliyeti";"bilgi";"3";"https://cbinsaat.com/blog/tadilat-butcesi-nasil-planlanir/";"gövde ve H2";"Blog"
"tadilat metrajı";"bilgi";"3";"https://cbinsaat.com/blog/tadilat-butcesi-nasil-planlanir/";"gövde ve H2";"Blog"
"tadilat önceliği";"bilgi";"3";"https://cbinsaat.com/blog/eski-ev-tadilatinda-oncelik/";"gövde ve H2";"Blog"
"tadilat programı";"bilgi";"3";"https://cbinsaat.com/blog/daire-tadilati-is-sirasi/";"gövde ve H2";"Blog"
"tadilat riski";"bilgi";"3";"https://cbinsaat.com/blog/tadilatta-sonradan-cikan-kalemler/";"gövde ve H2";"Blog"
"tadilat saatleri kanunla belirli mi?";"bilgi";"3";"https://cbinsaat.com/blog/tadilatta-komsu-iliskileri/";"SSS bölümü";"Blog"
"tadilat sırası";"bilgi";"3";"https://cbinsaat.com/blog/banyo-tadilati-siralama/";"gövde ve H2";"Blog"
"tadilat sırasında banyoyu kullanabilir miyim?";"bilgi";"3";"https://cbinsaat.com/blog/banyo-tadilati-siralama/";"SSS bölümü";"Blog"
"tadilat sırasında evde oturulur mu?";"bilgi";"3";"https://cbinsaat.com/blog/daire-tadilati-is-sirasi/";"SSS bölümü";"Blog"
"tadilat süresi";"bilgi";"3";"https://cbinsaat.com/blog/ev-tadilati-nereden-baslanir/";"gövde ve H2";"Blog"
"tadilat sürprizleri";"bilgi";"3";"https://cbinsaat.com/blog/tadilatta-sonradan-cikan-kalemler/";"gövde ve H2";"Blog"
"tadilat şikayeti";"bilgi";"3";"https://cbinsaat.com/blog/tadilatta-komsu-iliskileri/";"gövde ve H2";"Blog"
"tadilat teslimi";"bilgi";"3";"https://cbinsaat.com/blog/yapi-teslim-kontrol-listesi/";"gövde ve H2";"Blog"
"tarımsal sulama enerjisi";"bilgi";"3";"https://cbinsaat.com/blog/gunes-enerjisiyle-sulama/";"gövde ve H2";"Blog"
"taş yünü";"bilgi";"3";"https://cbinsaat.com/blog/cati-yalitimi-nasil-yapilir/";"gövde ve H2";"Blog"
"tek banyolu evde ne yapacağız?";"bilgi";"3";"https://cbinsaat.com/blog/banyo-tadilatinda-su-yalitimi/";"SSS bölümü";"Blog"
"tekil temel";"bilgi";"3";"https://cbinsaat.com/blog/temel-tipi-nasil-secilir/";"gövde ve H2";"Blog"
"teklif karşılaştırma";"bilgi";"3";"https://cbinsaat.com/blog/muteahhit-secerken-sorulacak-sorular/";"gövde ve H2";"Blog"
"teklifler arasındaki fark neden bu kadar büyük?";"bilgi";"3";"https://cbinsaat.com/blog/tadilat-butcesi-nasil-planlanir/";"SSS bölümü";"Blog"
"teknesiz duş";"bilgi";"3";"https://cbinsaat.com/blog/kucuk-banyoda-cozumler/";"gövde ve H2";"Blog"
"teknesiz duşta su dışarı taşar mı?";"bilgi";"3";"https://cbinsaat.com/blog/kucuk-banyoda-cozumler/";"SSS bölümü";"Blog"
"temel tipi";"bilgi";"3";"https://cbinsaat.com/blog/temel-tipi-nasil-secilir/";"gövde ve H2";"Blog"
"temel topraklaması nedir?";"bilgi";"3";"https://cbinsaat.com/blog/temel-tipi-nasil-secilir/";"SSS bölümü";"Blog"
"temizlik sırasında su kesilir mi?";"bilgi";"3";"https://cbinsaat.com/blog/su-deposu-ne-zaman-temizlenmeli/";"SSS bölümü";"Blog"
"temizlik yaptırdım ama düzelmedi, neden?";"bilgi";"3";"https://cbinsaat.com/blog/peteklerin-alti-neden-soguk/";"SSS bölümü";"Blog"
"teras izolasyon";"bilgi";"3";"https://cbinsaat.com/blog/teras-su-yalitimi-adimlari/";"gövde ve H2";"Blog"
"teras su yalıtımı";"bilgi";"3";"https://cbinsaat.com/blog/teras-su-yalitimi-adimlari/";"gövde ve H2";"Blog"
"termal kamera";"bilgi";"3";"https://cbinsaat.com/blog/su-kacagi-nasil-bulunur-blog/";"gövde ve H2";"Blog"
"termal kamera pano";"bilgi";"3";"https://cbinsaat.com/blog/elektrik-panosu-bakimi/";"gövde ve H2";"Blog"
"termostat kullanımı";"bilgi";"3";"https://cbinsaat.com/blog/dogalgaz-faturasi-neden-yuksek/";"gövde ve H2";"Blog"
"tesisat kaçağı";"bilgi";"3";"https://cbinsaat.com/blog/kombi-basinci-neden-dusuyor/";"gövde ve H2";"Blog"
"teslim kontrol listesi";"bilgi";"3";"https://cbinsaat.com/blog/yapi-teslim-kontrol-listesi/";"gövde ve H2";"Blog"
"teslim sonrası ne kadar destek veriyorsunuz?";"bilgi";"3";"https://cbinsaat.com/blog/yapi-teslim-kontrol-listesi/";"SSS bölümü";"Blog"
"tespit ne kadar sürer?";"bilgi";"3";"https://cbinsaat.com/blog/su-kacagi-nasil-bulunur-blog/";"SSS bölümü";"Blog"
"tezgah şablonu";"bilgi";"3";"https://cbinsaat.com/blog/mutfak-tadilatinda-plan/";"gövde ve H2";"Blog"
"tezgâh üstü fayans yerine aynı taş kullanılır mı?";"bilgi";"3";"https://cbinsaat.com/blog/granit-mi-mermer-mi-tezgah/";"SSS bölümü";"Blog"
"tıkalı damlatıcıyı temizlemek mümkün mü?";"bilgi";"3";"https://cbinsaat.com/blog/damlama-sulama-tikaniklik/";"SSS bölümü";"Blog"
"ticari elektrik tesisatı";"bilgi";"3";"https://cbinsaat.com/blog/dukkan-tadilati-elektrik-aydinlatma/";"gövde ve H2";"Blog"
"ticari tadilat";"bilgi";"3";"https://cbinsaat.com/blog/dukkan-tadilatinda-acilis-takvimi/";"gövde ve H2";"Blog"
"topraklama";"bilgi";"3";"https://cbinsaat.com/blog/topraklama-neden-onemli/";"gövde ve H2";"Blog"
"topraklama ölçümü ne sıklıkla yapılmalı?";"bilgi";"3";"https://cbinsaat.com/blog/topraklama-neden-onemli/";"SSS bölümü";"Blog"
"topraklama var mı";"bilgi";"3";"https://cbinsaat.com/blog/topraklama-neden-onemli/";"gövde ve H2";"Blog"
"topraklama yok";"bilgi";"3";"https://cbinsaat.com/blog/elektrik-tesisati-yenileme-belirtileri/";"gövde ve H2";"Blog"
"toz kontrolü nasıl yapılıyor?";"bilgi";"3";"https://cbinsaat.com/blog/ofis-kurulumunda-altyapi/";"SSS bölümü";"Blog"
"transfer panosu";"bilgi";"3";"https://cbinsaat.com/blog/jenerator-transfer-panosu/";"gövde ve H2";"Blog"
"uzaktan kumanda sistemi internet olmadan çalışır mı?";"bilgi";"3";"https://cbinsaat.com/blog/sera-elektrik-ve-otomasyon/";"SSS bölümü";"Blog"
"üretimi durdurmadan çalışabilir misiniz?";"bilgi";"3";"https://cbinsaat.com/blog/fabrika-elektrik-tesisati-planlama/";"SSS bölümü";"Blog"
"vitrin yapımı";"bilgi";"3";"https://cbinsaat.com/blog/dukkan-tadilatinda-acilis-takvimi/";"gövde ve H2";"Blog"
"yağmur oluğu";"bilgi";"3";"https://cbinsaat.com/blog/oluk-neden-tasar/";"gövde ve H2";"Blog"
"yağmurda tespit yapılabilir mi?";"bilgi";"3";"https://cbinsaat.com/blog/cati-akintisi-nereden-baslar/";"SSS bölümü";"Blog"
"yağmurlama sulama";"bilgi";"3";"https://cbinsaat.com/blog/damlama-mi-yagmurlama-mi/";"gövde ve H2";"Blog"
"yalıtım";"bilgi";"3";"https://cbinsaat.com/blog/dogalgaz-faturasi-neden-yuksek/";"gövde ve H2";"Blog"
"yalıtım yaptım ama yine soğuk, neden?";"bilgi";"3";"https://cbinsaat.com/blog/cati-yalitimi-nasil-yapilir/";"SSS bölümü";"Blog"
"yalıtım yaptırsam ne kadar tasarruf ederim?";"bilgi";"3";"https://cbinsaat.com/blog/dogalgaz-faturasi-neden-yuksek/";"SSS bölümü";"Blog"
"yangın alçıpan";"bilgi";"3";"https://cbinsaat.com/blog/alcipan-nerede-kullanilir/";"gövde ve H2";"Blog"
"yanık kokusu elektrik";"bilgi";"3";"https://cbinsaat.com/blog/acil-elektrik-arizasinda-ne-yapilir/";"gövde ve H2";"Blog"
"yapı ruhsatı";"bilgi";"3";"https://cbinsaat.com/blog/ev-yaptirmaya-nereden-baslanir/";"gövde ve H2";"Blog"
"yapı sözleşmesi";"bilgi";"3";"https://cbinsaat.com/blog/muteahhit-secerken-sorulacak-sorular/";"gövde ve H2";"Blog"
"yapı teslimi";"bilgi";"3";"https://cbinsaat.com/blog/yapi-teslim-kontrol-listesi/";"gövde ve H2";"Blog"
"yarım kalmış inşaatı devralır mısınız?";"bilgi";"3";"https://cbinsaat.com/blog/kaba-insaatta-nelere-dikkat/";"SSS bölümü";"Blog"
"yeni kombiyi ben alsam montajını yapar mısınız?";"bilgi";"3";"https://cbinsaat.com/blog/kombi-mi-degistirmeli-tamir-mi/";"SSS bölümü";"Blog"
"yenileme sırasında evde oturabilir miyim?";"bilgi";"3";"https://cbinsaat.com/blog/elektrik-tesisati-yenileme-belirtileri/";"SSS bölümü";"Blog"
"yerden ısıtma";"bilgi";"3";"https://cbinsaat.com/blog/petek-mi-yerden-isitma-mi/";"gövde ve H2";"Blog"
"yerden ısıtma daha mı ekonomik?";"bilgi";"3";"https://cbinsaat.com/blog/petek-mi-yerden-isitma-mi/";"SSS bölümü";"Blog"
"yerden ısıtma dezavantajları";"bilgi";"3";"https://cbinsaat.com/blog/petek-mi-yerden-isitma-mi/";"gövde ve H2";"Blog"
"yerden ısıtma kaplama";"bilgi";"3";"https://cbinsaat.com/blog/seramik-mi-parke-mi/";"gövde ve H2";"Blog"
"yerden ısıtma maliyeti";"bilgi";"3";"https://cbinsaat.com/blog/petek-mi-yerden-isitma-mi/";"gövde ve H2";"Blog"
"yerden ısıtmada hangisi daha iyi?";"bilgi";"3";"https://cbinsaat.com/blog/seramik-mi-parke-mi/";"SSS bölümü";"Blog"
"yoğuşma";"bilgi";"3";"https://cbinsaat.com/blog/cepheden-nem-alan-duvar/";"gövde ve H2";"Blog"
"yoğuşmalı kombi bakımı";"bilgi";"3";"https://cbinsaat.com/blog/kombi-bakimi-neden-gerekli/";"gövde ve H2";"Blog"
"yoğuşmalı kombide bakım farklı mı?";"bilgi";"3";"https://cbinsaat.com/blog/kombi-bakimi-neden-gerekli/";"SSS bölümü";"Blog"
"yük dengesi";"bilgi";"3";"https://cbinsaat.com/blog/elektrik-panosu-bakimi/";"gövde ve H2";"Blog"
"yüzey hazırlığı";"bilgi";"3";"https://cbinsaat.com/blog/boya-neden-kabarir/";"gövde ve H2";"Blog"
"zayıf akım altyapısı";"bilgi";"3";"https://cbinsaat.com/blog/ev-elektrik-tesisati-maliyeti/";"gövde ve H2";"Blog"
"zemin etüdü";"bilgi";"3";"https://cbinsaat.com/blog/temel-tipi-nasil-secilir/";"gövde ve H2";"Blog"
"zemin etüdü zorunlu mu?";"bilgi";"3";"https://cbinsaat.com/blog/temel-tipi-nasil-secilir/";"SSS bölümü";"Blog"
"zemin kaplaması";"bilgi";"3";"https://cbinsaat.com/blog/seramik-mi-parke-mi/";"gövde ve H2";"Blog"
"zemin nem ölçümü";"bilgi";"3";"https://cbinsaat.com/blog/sap-kurumadan-parke-doseme/";"gövde ve H2";"Blog"
"zonlama";"bilgi";"3";"https://cbinsaat.com/blog/tarimsal-sulama-pompa-secimi/";"gövde ve H2";"Blog"
"balkonda sadece seramik değişse yeter mi?";"bilgi";"3";"https://cbinsaat.com/hizmetler/cati-izolasyonu/";"SSS bölümü";"Çatı ve Dış Cephe"
"cephe boyası kaç yıl dayanır?";"bilgi";"3";"https://cbinsaat.com/hizmetler/dis-cephe-boya/";"SSS bölümü";"Çatı ve Dış Cephe"
"çatı akıyor, sadece o noktayı tamir eder misiniz?";"bilgi";"3";"https://cbinsaat.com/hizmetler/cati-yapimi/";"SSS bölümü";"Çatı ve Dış Cephe"
"dış cephe boyası da dahil mi?";"bilgi";"3";"https://cbinsaat.com/hizmetler/dis-cephe-mantolama/";"SSS bölümü";"Çatı ve Dış Cephe"
"güneş paneli takılacak, çatıyı ona göre yapar mısınız?";"bilgi";"3";"https://cbinsaat.com/hizmetler/cati-yapimi/";"SSS bölümü";"Çatı ve Dış Cephe"
"hangi mevsimde yapılmalı?";"bilgi";"3";"https://cbinsaat.com/hizmetler/dis-cephe-boya/";"SSS bölümü";"Çatı ve Dış Cephe"
"iskele gerekiyor mu?";"bilgi";"3";"https://cbinsaat.com/hizmetler/cati-yapimi/";"SSS bölümü";"Çatı ve Dış Cephe"
"malatya akçadağ çatı yapımı ve yenileme";"yerel";"3";"https://cbinsaat.com/hizmetler/cati-yapimi/akcadag/";"giriş paragrafı";"Çatı ve Dış Cephe"
"malatya akçadağ çatı, teras ve balkon su yalıtımı";"yerel";"3";"https://cbinsaat.com/hizmetler/cati-izolasyonu/akcadag/";"giriş paragrafı";"Çatı ve Dış Cephe"
"malatya akçadağ dış cephe boya ve cephe yenileme";"yerel";"3";"https://cbinsaat.com/hizmetler/dis-cephe-boya/akcadag/";"giriş paragrafı";"Çatı ve Dış Cephe"
"malatya akçadağ dış cephe mantolama";"yerel";"3";"https://cbinsaat.com/hizmetler/dis-cephe-mantolama/akcadag/";"giriş paragrafı";"Çatı ve Dış Cephe"
"malatya arapgir çatı yapımı ve yenileme";"yerel";"3";"https://cbinsaat.com/hizmetler/cati-yapimi/arapgir/";"giriş paragrafı";"Çatı ve Dış Cephe"
"malatya arapgir çatı, teras ve balkon su yalıtımı";"yerel";"3";"https://cbinsaat.com/hizmetler/cati-izolasyonu/arapgir/";"giriş paragrafı";"Çatı ve Dış Cephe"
"malatya arapgir dış cephe boya ve cephe yenileme";"yerel";"3";"https://cbinsaat.com/hizmetler/dis-cephe-boya/arapgir/";"giriş paragrafı";"Çatı ve Dış Cephe"
"malatya arapgir dış cephe mantolama";"yerel";"3";"https://cbinsaat.com/hizmetler/dis-cephe-mantolama/arapgir/";"giriş paragrafı";"Çatı ve Dış Cephe"
"malatya arguvan çatı yapımı ve yenileme";"yerel";"3";"https://cbinsaat.com/hizmetler/cati-yapimi/arguvan/";"giriş paragrafı";"Çatı ve Dış Cephe"
"malatya arguvan çatı, teras ve balkon su yalıtımı";"yerel";"3";"https://cbinsaat.com/hizmetler/cati-izolasyonu/arguvan/";"giriş paragrafı";"Çatı ve Dış Cephe"
"malatya arguvan dış cephe boya ve cephe yenileme";"yerel";"3";"https://cbinsaat.com/hizmetler/dis-cephe-boya/arguvan/";"giriş paragrafı";"Çatı ve Dış Cephe"
"malatya arguvan dış cephe mantolama";"yerel";"3";"https://cbinsaat.com/hizmetler/dis-cephe-mantolama/arguvan/";"giriş paragrafı";"Çatı ve Dış Cephe"
"malatya battalgazi çatı yapımı ve yenileme";"yerel";"3";"https://cbinsaat.com/hizmetler/cati-yapimi/battalgazi/";"giriş paragrafı";"Çatı ve Dış Cephe"
"malatya battalgazi çatı, teras ve balkon su yalıtımı";"yerel";"3";"https://cbinsaat.com/hizmetler/cati-izolasyonu/battalgazi/";"giriş paragrafı";"Çatı ve Dış Cephe"
"malatya battalgazi dış cephe boya ve cephe yenileme";"yerel";"3";"https://cbinsaat.com/hizmetler/dis-cephe-boya/battalgazi/";"giriş paragrafı";"Çatı ve Dış Cephe"
"malatya battalgazi dış cephe mantolama";"yerel";"3";"https://cbinsaat.com/hizmetler/dis-cephe-mantolama/battalgazi/";"giriş paragrafı";"Çatı ve Dış Cephe"
"malatya darende çatı yapımı ve yenileme";"yerel";"3";"https://cbinsaat.com/hizmetler/cati-yapimi/darende/";"giriş paragrafı";"Çatı ve Dış Cephe"
"malatya darende çatı, teras ve balkon su yalıtımı";"yerel";"3";"https://cbinsaat.com/hizmetler/cati-izolasyonu/darende/";"giriş paragrafı";"Çatı ve Dış Cephe"
"malatya darende dış cephe boya ve cephe yenileme";"yerel";"3";"https://cbinsaat.com/hizmetler/dis-cephe-boya/darende/";"giriş paragrafı";"Çatı ve Dış Cephe"
"malatya darende dış cephe mantolama";"yerel";"3";"https://cbinsaat.com/hizmetler/dis-cephe-mantolama/darende/";"giriş paragrafı";"Çatı ve Dış Cephe"
"malatya doğanşehir çatı yapımı ve yenileme";"yerel";"3";"https://cbinsaat.com/hizmetler/cati-yapimi/dogansehir/";"giriş paragrafı";"Çatı ve Dış Cephe"
"malatya doğanşehir çatı, teras ve balkon su yalıtımı";"yerel";"3";"https://cbinsaat.com/hizmetler/cati-izolasyonu/dogansehir/";"giriş paragrafı";"Çatı ve Dış Cephe"
"malatya doğanşehir dış cephe boya ve cephe yenileme";"yerel";"3";"https://cbinsaat.com/hizmetler/dis-cephe-boya/dogansehir/";"giriş paragrafı";"Çatı ve Dış Cephe"
"malatya doğanşehir dış cephe mantolama";"yerel";"3";"https://cbinsaat.com/hizmetler/dis-cephe-mantolama/dogansehir/";"giriş paragrafı";"Çatı ve Dış Cephe"
"malatya doğanyol çatı yapımı ve yenileme";"yerel";"3";"https://cbinsaat.com/hizmetler/cati-yapimi/doganyol/";"giriş paragrafı";"Çatı ve Dış Cephe"
"malatya doğanyol çatı, teras ve balkon su yalıtımı";"yerel";"3";"https://cbinsaat.com/hizmetler/cati-izolasyonu/doganyol/";"giriş paragrafı";"Çatı ve Dış Cephe"
"malatya doğanyol dış cephe boya ve cephe yenileme";"yerel";"3";"https://cbinsaat.com/hizmetler/dis-cephe-boya/doganyol/";"giriş paragrafı";"Çatı ve Dış Cephe"
"malatya doğanyol dış cephe mantolama";"yerel";"3";"https://cbinsaat.com/hizmetler/dis-cephe-mantolama/doganyol/";"giriş paragrafı";"Çatı ve Dış Cephe"
"malatya hekimhan çatı yapımı ve yenileme";"yerel";"3";"https://cbinsaat.com/hizmetler/cati-yapimi/hekimhan/";"giriş paragrafı";"Çatı ve Dış Cephe"
"malatya hekimhan çatı, teras ve balkon su yalıtımı";"yerel";"3";"https://cbinsaat.com/hizmetler/cati-izolasyonu/hekimhan/";"giriş paragrafı";"Çatı ve Dış Cephe"
"malatya hekimhan dış cephe boya ve cephe yenileme";"yerel";"3";"https://cbinsaat.com/hizmetler/dis-cephe-boya/hekimhan/";"giriş paragrafı";"Çatı ve Dış Cephe"
"malatya hekimhan dış cephe mantolama";"yerel";"3";"https://cbinsaat.com/hizmetler/dis-cephe-mantolama/hekimhan/";"giriş paragrafı";"Çatı ve Dış Cephe"
"malatya kale çatı yapımı ve yenileme";"yerel";"3";"https://cbinsaat.com/hizmetler/cati-yapimi/kale/";"giriş paragrafı";"Çatı ve Dış Cephe"
"malatya kale çatı, teras ve balkon su yalıtımı";"yerel";"3";"https://cbinsaat.com/hizmetler/cati-izolasyonu/kale/";"giriş paragrafı";"Çatı ve Dış Cephe"
"malatya kale dış cephe boya ve cephe yenileme";"yerel";"3";"https://cbinsaat.com/hizmetler/dis-cephe-boya/kale/";"giriş paragrafı";"Çatı ve Dış Cephe"
"malatya kale dış cephe mantolama";"yerel";"3";"https://cbinsaat.com/hizmetler/dis-cephe-mantolama/kale/";"giriş paragrafı";"Çatı ve Dış Cephe"
"malatya kuluncak çatı yapımı ve yenileme";"yerel";"3";"https://cbinsaat.com/hizmetler/cati-yapimi/kuluncak/";"giriş paragrafı";"Çatı ve Dış Cephe"
"malatya kuluncak çatı, teras ve balkon su yalıtımı";"yerel";"3";"https://cbinsaat.com/hizmetler/cati-izolasyonu/kuluncak/";"giriş paragrafı";"Çatı ve Dış Cephe"
"malatya kuluncak dış cephe boya ve cephe yenileme";"yerel";"3";"https://cbinsaat.com/hizmetler/dis-cephe-boya/kuluncak/";"giriş paragrafı";"Çatı ve Dış Cephe"
"malatya kuluncak dış cephe mantolama";"yerel";"3";"https://cbinsaat.com/hizmetler/dis-cephe-mantolama/kuluncak/";"giriş paragrafı";"Çatı ve Dış Cephe"
"malatya pütürge çatı yapımı ve yenileme";"yerel";"3";"https://cbinsaat.com/hizmetler/cati-yapimi/puturge/";"giriş paragrafı";"Çatı ve Dış Cephe"
"malatya pütürge çatı, teras ve balkon su yalıtımı";"yerel";"3";"https://cbinsaat.com/hizmetler/cati-izolasyonu/puturge/";"giriş paragrafı";"Çatı ve Dış Cephe"
"malatya pütürge dış cephe boya ve cephe yenileme";"yerel";"3";"https://cbinsaat.com/hizmetler/dis-cephe-boya/puturge/";"giriş paragrafı";"Çatı ve Dış Cephe"
"malatya pütürge dış cephe mantolama";"yerel";"3";"https://cbinsaat.com/hizmetler/dis-cephe-mantolama/puturge/";"giriş paragrafı";"Çatı ve Dış Cephe"
"malatya yazıhan çatı yapımı ve yenileme";"yerel";"3";"https://cbinsaat.com/hizmetler/cati-yapimi/yazihan/";"giriş paragrafı";"Çatı ve Dış Cephe"
"malatya yazıhan çatı, teras ve balkon su yalıtımı";"yerel";"3";"https://cbinsaat.com/hizmetler/cati-izolasyonu/yazihan/";"giriş paragrafı";"Çatı ve Dış Cephe"
"malatya yazıhan dış cephe boya ve cephe yenileme";"yerel";"3";"https://cbinsaat.com/hizmetler/dis-cephe-boya/yazihan/";"giriş paragrafı";"Çatı ve Dış Cephe"
"malatya yazıhan dış cephe mantolama";"yerel";"3";"https://cbinsaat.com/hizmetler/dis-cephe-mantolama/yazihan/";"giriş paragrafı";"Çatı ve Dış Cephe"
"malatya yeşilyurt çatı yapımı ve yenileme";"yerel";"3";"https://cbinsaat.com/hizmetler/cati-yapimi/yesilyurt/";"giriş paragrafı";"Çatı ve Dış Cephe"
"malatya yeşilyurt çatı, teras ve balkon su yalıtımı";"yerel";"3";"https://cbinsaat.com/hizmetler/cati-izolasyonu/yesilyurt/";"giriş paragrafı";"Çatı ve Dış Cephe"
"malatya yeşilyurt dış cephe boya ve cephe yenileme";"yerel";"3";"https://cbinsaat.com/hizmetler/dis-cephe-boya/yesilyurt/";"giriş paragrafı";"Çatı ve Dış Cephe"
"malatya yeşilyurt dış cephe mantolama";"yerel";"3";"https://cbinsaat.com/hizmetler/dis-cephe-mantolama/yesilyurt/";"giriş paragrafı";"Çatı ve Dış Cephe"
"mantolama yaptırmadan boya yaptırsam olur mu?";"bilgi";"3";"https://cbinsaat.com/hizmetler/dis-cephe-boya/";"SSS bölümü";"Çatı ve Dış Cephe"
"su testi nasıl yapılıyor?";"bilgi";"3";"https://cbinsaat.com/hizmetler/cati-izolasyonu/";"SSS bölümü";"Çatı ve Dış Cephe"
"tek daireye mantolama yapılır mı?";"bilgi";"3";"https://cbinsaat.com/hizmetler/dis-cephe-mantolama/";"SSS bölümü";"Çatı ve Dış Cephe"
"boru patlarsa ne oluyor?";"bilgi";"3";"https://cbinsaat.com/hizmetler/yerden-isitma/";"SSS bölümü";"Doğalgaz"
"doğalgaz açtırma işlemini siz mi yapıyorsunuz?";"bilgi";"3";"https://cbinsaat.com/hizmetler/dogalgaz-ic-tesisat/";"SSS bölümü";"Doğalgaz"
"gaz kokusu alıyorum, ne yapmalıyım?";"bilgi";"3";"https://cbinsaat.com/hizmetler/dogalgaz-ic-tesisat/";"SSS bölümü";"Doğalgaz"
"havlupan mevcut hatta takılır mı?";"bilgi";"3";"https://cbinsaat.com/hizmetler/kombi-petek-montaji/";"SSS bölümü";"Doğalgaz"
"kombi bakımını yılda kaç kez yaptırmalıyım?";"bilgi";"3";"https://cbinsaat.com/hizmetler/kombi-bakim-ariza/";"SSS bölümü";"Doğalgaz"
"kombi montajı yapıyor musunuz?";"bilgi";"3";"https://cbinsaat.com/hizmetler/kombi-petek-montaji/";"SSS bölümü";"Doğalgaz"
"kombiyi ben aldım, montajını yapar mısınız?";"bilgi";"3";"https://cbinsaat.com/hizmetler/kombi-bakim-ariza/";"SSS bölümü";"Doğalgaz"
"kombiyi mutfaktan balkona alabilir miyiz?";"bilgi";"3";"https://cbinsaat.com/hizmetler/dogalgaz-ic-tesisat/";"SSS bölümü";"Doğalgaz"
"malatya akçadağ doğalgaz iç tesisatı";"yerel";"3";"https://cbinsaat.com/hizmetler/dogalgaz-ic-tesisat/akcadag/";"giriş paragrafı";"Doğalgaz"
"malatya akçadağ kombi bakımı ve arıza";"yerel";"3";"https://cbinsaat.com/hizmetler/kombi-bakim-ariza/akcadag/";"giriş paragrafı";"Doğalgaz"
"malatya akçadağ kombi ve petek montajı";"yerel";"3";"https://cbinsaat.com/hizmetler/kombi-petek-montaji/akcadag/";"giriş paragrafı";"Doğalgaz"
"malatya akçadağ yerden ısıtma sistemi";"yerel";"3";"https://cbinsaat.com/hizmetler/yerden-isitma/akcadag/";"giriş paragrafı";"Doğalgaz"
"malatya arapgir doğalgaz iç tesisatı";"yerel";"3";"https://cbinsaat.com/hizmetler/dogalgaz-ic-tesisat/arapgir/";"giriş paragrafı";"Doğalgaz"
"malatya arapgir kombi bakımı ve arıza";"yerel";"3";"https://cbinsaat.com/hizmetler/kombi-bakim-ariza/arapgir/";"giriş paragrafı";"Doğalgaz"
"malatya arapgir kombi ve petek montajı";"yerel";"3";"https://cbinsaat.com/hizmetler/kombi-petek-montaji/arapgir/";"giriş paragrafı";"Doğalgaz"
"malatya arapgir yerden ısıtma sistemi";"yerel";"3";"https://cbinsaat.com/hizmetler/yerden-isitma/arapgir/";"giriş paragrafı";"Doğalgaz"
"malatya arguvan doğalgaz iç tesisatı";"yerel";"3";"https://cbinsaat.com/hizmetler/dogalgaz-ic-tesisat/arguvan/";"giriş paragrafı";"Doğalgaz"
"malatya arguvan kombi bakımı ve arıza";"yerel";"3";"https://cbinsaat.com/hizmetler/kombi-bakim-ariza/arguvan/";"giriş paragrafı";"Doğalgaz"
"malatya arguvan kombi ve petek montajı";"yerel";"3";"https://cbinsaat.com/hizmetler/kombi-petek-montaji/arguvan/";"giriş paragrafı";"Doğalgaz"
"malatya arguvan yerden ısıtma sistemi";"yerel";"3";"https://cbinsaat.com/hizmetler/yerden-isitma/arguvan/";"giriş paragrafı";"Doğalgaz"
"malatya battalgazi doğalgaz iç tesisatı";"yerel";"3";"https://cbinsaat.com/hizmetler/dogalgaz-ic-tesisat/battalgazi/";"giriş paragrafı";"Doğalgaz"
"malatya battalgazi kombi bakımı ve arıza";"yerel";"3";"https://cbinsaat.com/hizmetler/kombi-bakim-ariza/battalgazi/";"giriş paragrafı";"Doğalgaz"
"malatya battalgazi kombi ve petek montajı";"yerel";"3";"https://cbinsaat.com/hizmetler/kombi-petek-montaji/battalgazi/";"giriş paragrafı";"Doğalgaz"
"malatya battalgazi yerden ısıtma sistemi";"yerel";"3";"https://cbinsaat.com/hizmetler/yerden-isitma/battalgazi/";"giriş paragrafı";"Doğalgaz"
"malatya darende doğalgaz iç tesisatı";"yerel";"3";"https://cbinsaat.com/hizmetler/dogalgaz-ic-tesisat/darende/";"giriş paragrafı";"Doğalgaz"
"malatya darende kombi bakımı ve arıza";"yerel";"3";"https://cbinsaat.com/hizmetler/kombi-bakim-ariza/darende/";"giriş paragrafı";"Doğalgaz"
"malatya darende kombi ve petek montajı";"yerel";"3";"https://cbinsaat.com/hizmetler/kombi-petek-montaji/darende/";"giriş paragrafı";"Doğalgaz"
"malatya darende yerden ısıtma sistemi";"yerel";"3";"https://cbinsaat.com/hizmetler/yerden-isitma/darende/";"giriş paragrafı";"Doğalgaz"
"malatya doğanşehir doğalgaz iç tesisatı";"yerel";"3";"https://cbinsaat.com/hizmetler/dogalgaz-ic-tesisat/dogansehir/";"giriş paragrafı";"Doğalgaz"
"malatya doğanşehir kombi bakımı ve arıza";"yerel";"3";"https://cbinsaat.com/hizmetler/kombi-bakim-ariza/dogansehir/";"giriş paragrafı";"Doğalgaz"
"malatya doğanşehir kombi ve petek montajı";"yerel";"3";"https://cbinsaat.com/hizmetler/kombi-petek-montaji/dogansehir/";"giriş paragrafı";"Doğalgaz"
"malatya doğanşehir yerden ısıtma sistemi";"yerel";"3";"https://cbinsaat.com/hizmetler/yerden-isitma/dogansehir/";"giriş paragrafı";"Doğalgaz"
"malatya doğanyol doğalgaz iç tesisatı";"yerel";"3";"https://cbinsaat.com/hizmetler/dogalgaz-ic-tesisat/doganyol/";"giriş paragrafı";"Doğalgaz"
"malatya doğanyol kombi bakımı ve arıza";"yerel";"3";"https://cbinsaat.com/hizmetler/kombi-bakim-ariza/doganyol/";"giriş paragrafı";"Doğalgaz"
"malatya doğanyol kombi ve petek montajı";"yerel";"3";"https://cbinsaat.com/hizmetler/kombi-petek-montaji/doganyol/";"giriş paragrafı";"Doğalgaz"
"malatya doğanyol yerden ısıtma sistemi";"yerel";"3";"https://cbinsaat.com/hizmetler/yerden-isitma/doganyol/";"giriş paragrafı";"Doğalgaz"
"malatya hekimhan doğalgaz iç tesisatı";"yerel";"3";"https://cbinsaat.com/hizmetler/dogalgaz-ic-tesisat/hekimhan/";"giriş paragrafı";"Doğalgaz"
"malatya hekimhan kombi bakımı ve arıza";"yerel";"3";"https://cbinsaat.com/hizmetler/kombi-bakim-ariza/hekimhan/";"giriş paragrafı";"Doğalgaz"
"malatya hekimhan kombi ve petek montajı";"yerel";"3";"https://cbinsaat.com/hizmetler/kombi-petek-montaji/hekimhan/";"giriş paragrafı";"Doğalgaz"
"malatya hekimhan yerden ısıtma sistemi";"yerel";"3";"https://cbinsaat.com/hizmetler/yerden-isitma/hekimhan/";"giriş paragrafı";"Doğalgaz"
"malatya kale doğalgaz iç tesisatı";"yerel";"3";"https://cbinsaat.com/hizmetler/dogalgaz-ic-tesisat/kale/";"giriş paragrafı";"Doğalgaz"
"malatya kale kombi bakımı ve arıza";"yerel";"3";"https://cbinsaat.com/hizmetler/kombi-bakim-ariza/kale/";"giriş paragrafı";"Doğalgaz"
"malatya kale kombi ve petek montajı";"yerel";"3";"https://cbinsaat.com/hizmetler/kombi-petek-montaji/kale/";"giriş paragrafı";"Doğalgaz"
"malatya kale yerden ısıtma sistemi";"yerel";"3";"https://cbinsaat.com/hizmetler/yerden-isitma/kale/";"giriş paragrafı";"Doğalgaz"
"malatya kuluncak doğalgaz iç tesisatı";"yerel";"3";"https://cbinsaat.com/hizmetler/dogalgaz-ic-tesisat/kuluncak/";"giriş paragrafı";"Doğalgaz"
"malatya kuluncak kombi bakımı ve arıza";"yerel";"3";"https://cbinsaat.com/hizmetler/kombi-bakim-ariza/kuluncak/";"giriş paragrafı";"Doğalgaz"
"malatya kuluncak kombi ve petek montajı";"yerel";"3";"https://cbinsaat.com/hizmetler/kombi-petek-montaji/kuluncak/";"giriş paragrafı";"Doğalgaz"
"malatya kuluncak yerden ısıtma sistemi";"yerel";"3";"https://cbinsaat.com/hizmetler/yerden-isitma/kuluncak/";"giriş paragrafı";"Doğalgaz"
"malatya pütürge doğalgaz iç tesisatı";"yerel";"3";"https://cbinsaat.com/hizmetler/dogalgaz-ic-tesisat/puturge/";"giriş paragrafı";"Doğalgaz"
"malatya pütürge kombi bakımı ve arıza";"yerel";"3";"https://cbinsaat.com/hizmetler/kombi-bakim-ariza/puturge/";"giriş paragrafı";"Doğalgaz"
"malatya pütürge kombi ve petek montajı";"yerel";"3";"https://cbinsaat.com/hizmetler/kombi-petek-montaji/puturge/";"giriş paragrafı";"Doğalgaz"
"malatya pütürge yerden ısıtma sistemi";"yerel";"3";"https://cbinsaat.com/hizmetler/yerden-isitma/puturge/";"giriş paragrafı";"Doğalgaz"
"malatya yazıhan doğalgaz iç tesisatı";"yerel";"3";"https://cbinsaat.com/hizmetler/dogalgaz-ic-tesisat/yazihan/";"giriş paragrafı";"Doğalgaz"
"malatya yazıhan kombi bakımı ve arıza";"yerel";"3";"https://cbinsaat.com/hizmetler/kombi-bakim-ariza/yazihan/";"giriş paragrafı";"Doğalgaz"
"malatya yazıhan kombi ve petek montajı";"yerel";"3";"https://cbinsaat.com/hizmetler/kombi-petek-montaji/yazihan/";"giriş paragrafı";"Doğalgaz"
"malatya yazıhan yerden ısıtma sistemi";"yerel";"3";"https://cbinsaat.com/hizmetler/yerden-isitma/yazihan/";"giriş paragrafı";"Doğalgaz"
"malatya yeşilyurt doğalgaz iç tesisatı";"yerel";"3";"https://cbinsaat.com/hizmetler/dogalgaz-ic-tesisat/yesilyurt/";"giriş paragrafı";"Doğalgaz"
"malatya yeşilyurt kombi bakımı ve arıza";"yerel";"3";"https://cbinsaat.com/hizmetler/kombi-bakim-ariza/yesilyurt/";"giriş paragrafı";"Doğalgaz"
"malatya yeşilyurt kombi ve petek montajı";"yerel";"3";"https://cbinsaat.com/hizmetler/kombi-petek-montaji/yesilyurt/";"giriş paragrafı";"Doğalgaz"
"malatya yeşilyurt yerden ısıtma sistemi";"yerel";"3";"https://cbinsaat.com/hizmetler/yerden-isitma/yesilyurt/";"giriş paragrafı";"Doğalgaz"
"mevcut evde yerden ısıtma yapılabilir mi?";"bilgi";"3";"https://cbinsaat.com/hizmetler/yerden-isitma/";"SSS bölümü";"Doğalgaz"
"ne kadar sürüyor?";"bilgi";"3";"https://cbinsaat.com/hizmetler/dogalgaz-ic-tesisat/";"SSS bölümü";"Doğalgaz"
"petek yerini kışın değiştirebilir miyiz?";"bilgi";"3";"https://cbinsaat.com/hizmetler/kombi-petek-montaji/";"SSS bölümü";"Doğalgaz"
"petekler üstten soğuk, alttan sıcak. sorun ne?";"bilgi";"3";"https://cbinsaat.com/hizmetler/kombi-bakim-ariza/";"SSS bölümü";"Doğalgaz"
"petekleri de siz mi takıyorsunuz?";"bilgi";"3";"https://cbinsaat.com/hizmetler/dogalgaz-ic-tesisat/";"SSS bölümü";"Doğalgaz"
"peteklerle birlikte kullanılır mı?";"bilgi";"3";"https://cbinsaat.com/hizmetler/yerden-isitma/";"SSS bölümü";"Doğalgaz"
"termostatik başlık işe yarıyor mu?";"bilgi";"3";"https://cbinsaat.com/hizmetler/kombi-petek-montaji/";"SSS bölümü";"Doğalgaz"
"apartman ortak alan tadilatı ne kadar tutar";"bilgi";"3";"https://cbinsaat.com/hizmetler/apartman-ortak-alan-tadilati/";"SSS";"Durum"
"battalgazi deprem sonrası ev tadilatı";"yerel";"3";"https://cbinsaat.com/hizmetler/deprem-sonrasi-tadilat/";"hizmet × ilçe sayfası";"Durum"
"battalgazi dükkan tadilatı";"yerel";"3";"https://cbinsaat.com/hizmetler/anahtar-teslim-is-yeri/";"hizmet × ilçe sayfası";"Durum"
"battalgazi kafe tadilatı";"yerel";"3";"https://cbinsaat.com/hizmetler/kafe-restoran-tadilati/";"hizmet × ilçe sayfası";"Durum"
"battalgazi kayısı bahçesi sulama";"yerel";"3";"https://cbinsaat.com/hizmetler/kayisi-bahcesi-sulama/";"hizmet × ilçe sayfası";"Durum"
"battalgazi kiralık ev yenileme";"yerel";"3";"https://cbinsaat.com/hizmetler/kiralik-ev-yenileme/";"hizmet × ilçe sayfası";"Durum"
"battalgazi komple ev yenileme";"yerel";"3";"https://cbinsaat.com/hizmetler/komple-ev-tadilati/";"hizmet × ilçe sayfası";"Durum"
"battalgazi ofis tadilatı";"yerel";"3";"https://cbinsaat.com/hizmetler/dukkan-ofis-tadilati/";"hizmet × ilçe sayfası";"Durum"
"battalgazi restoran tadilatı";"yerel";"3";"https://cbinsaat.com/hizmetler/kafe-restoran-tadilati/";"hizmet × ilçe sayfası";"Durum"
"battalgazi sera sulama sistemi";"yerel";"3";"https://cbinsaat.com/hizmetler/sera-elektrik-sulama/";"hizmet × ilçe sayfası";"Durum"
"battalgazi uzaktan pompa çalıştırma";"yerel";"3";"https://cbinsaat.com/hizmetler/uzaktan-kumanda-otomasyon/";"hizmet × ilçe sayfası";"Durum"
"battalgazi villa tadilatı";"yerel";"3";"https://cbinsaat.com/hizmetler/villa-dubleks-tadilati/";"hizmet × ilçe sayfası";"Durum"
"battalgazi yeni alınan daire tadilatı";"yerel";"3";"https://cbinsaat.com/hizmetler/anahtar-teslim-daire/";"hizmet × ilçe sayfası";"Durum"
"bina tesisat yenileme ne kadar tutar";"bilgi";"3";"https://cbinsaat.com/hizmetler/bina-tesisat-yenileme/";"SSS";"Durum"
"deprem sonrası ev tadilatı ne kadar tutar";"bilgi";"3";"https://cbinsaat.com/hizmetler/deprem-sonrasi-tadilat/";"SSS";"Durum"
"dükkan tadilatı ne kadar tutar";"bilgi";"3";"https://cbinsaat.com/hizmetler/anahtar-teslim-is-yeri/";"SSS";"Durum"
"eski ev tadilatı ne kadar tutar";"bilgi";"3";"https://cbinsaat.com/hizmetler/eski-ev-tadilati/";"SSS";"Durum"
"kafe tadilatı ne kadar tutar";"bilgi";"3";"https://cbinsaat.com/hizmetler/kafe-restoran-tadilati/";"SSS";"Durum"
"kayısı bahçesi sulama ne kadar tutar";"bilgi";"3";"https://cbinsaat.com/hizmetler/kayisi-bahcesi-sulama/";"SSS";"Durum"
"kiralık ev yenileme ne kadar tutar";"bilgi";"3";"https://cbinsaat.com/hizmetler/kiralik-ev-yenileme/";"SSS";"Durum"
"komple ev yenileme ne kadar tutar";"bilgi";"3";"https://cbinsaat.com/hizmetler/komple-ev-tadilati/";"SSS";"Durum"
"ofis tadilatı ne kadar tutar";"bilgi";"3";"https://cbinsaat.com/hizmetler/dukkan-ofis-tadilati/";"SSS";"Durum"
"restoran tadilatı ne kadar tutar";"bilgi";"3";"https://cbinsaat.com/hizmetler/kafe-restoran-tadilati/";"SSS";"Durum"
"satış öncesi ev yenileme ne kadar tutar";"bilgi";"3";"https://cbinsaat.com/hizmetler/satis-oncesi-ev-yenileme/";"SSS";"Durum"
"sera sulama sistemi ne kadar tutar";"bilgi";"3";"https://cbinsaat.com/hizmetler/sera-elektrik-sulama/";"SSS";"Durum"
"uzaktan pompa çalıştırma ne kadar tutar";"bilgi";"3";"https://cbinsaat.com/hizmetler/uzaktan-kumanda-otomasyon/";"SSS";"Durum"
"villa tadilatı ne kadar tutar";"bilgi";"3";"https://cbinsaat.com/hizmetler/villa-dubleks-tadilati/";"SSS";"Durum"
"yeni alınan daire tadilatı ne kadar tutar";"bilgi";"3";"https://cbinsaat.com/hizmetler/anahtar-teslim-daire/";"SSS";"Durum"
"yeşilyurt deprem sonrası ev tadilatı";"yerel";"3";"https://cbinsaat.com/hizmetler/deprem-sonrasi-tadilat/";"hizmet × ilçe sayfası";"Durum"
"yeşilyurt dükkan tadilatı";"yerel";"3";"https://cbinsaat.com/hizmetler/anahtar-teslim-is-yeri/";"hizmet × ilçe sayfası";"Durum"
"yeşilyurt kafe tadilatı";"yerel";"3";"https://cbinsaat.com/hizmetler/kafe-restoran-tadilati/";"hizmet × ilçe sayfası";"Durum"
"yeşilyurt kayısı bahçesi sulama";"yerel";"3";"https://cbinsaat.com/hizmetler/kayisi-bahcesi-sulama/";"hizmet × ilçe sayfası";"Durum"
"yeşilyurt kiralık ev yenileme";"yerel";"3";"https://cbinsaat.com/hizmetler/kiralik-ev-yenileme/";"hizmet × ilçe sayfası";"Durum"
"yeşilyurt komple ev yenileme";"yerel";"3";"https://cbinsaat.com/hizmetler/komple-ev-tadilati/";"hizmet × ilçe sayfası";"Durum"
"yeşilyurt ofis tadilatı";"yerel";"3";"https://cbinsaat.com/hizmetler/dukkan-ofis-tadilati/";"hizmet × ilçe sayfası";"Durum"
"yeşilyurt restoran tadilatı";"yerel";"3";"https://cbinsaat.com/hizmetler/kafe-restoran-tadilati/";"hizmet × ilçe sayfası";"Durum"
"yeşilyurt sera sulama sistemi";"yerel";"3";"https://cbinsaat.com/hizmetler/sera-elektrik-sulama/";"hizmet × ilçe sayfası";"Durum"
"yeşilyurt uzaktan pompa çalıştırma";"yerel";"3";"https://cbinsaat.com/hizmetler/uzaktan-kumanda-otomasyon/";"hizmet × ilçe sayfası";"Durum"
"yeşilyurt villa tadilatı";"yerel";"3";"https://cbinsaat.com/hizmetler/villa-dubleks-tadilati/";"hizmet × ilçe sayfası";"Durum"
"yeşilyurt yeni alınan daire tadilatı";"yerel";"3";"https://cbinsaat.com/hizmetler/anahtar-teslim-daire/";"hizmet × ilçe sayfası";"Durum"
"apartman için jeneratör mantıklı mı?";"bilgi";"3";"https://cbinsaat.com/hizmetler/jenerator-ups/";"SSS bölümü";"Elektrik"
"apartman ortak alan arızasına bakıyor musunuz?";"bilgi";"3";"https://cbinsaat.com/hizmetler/elektrik-ariza/";"SSS bölümü";"Elektrik"
"apartmanda kaç günde biter?";"bilgi";"3";"https://cbinsaat.com/hizmetler/diafon-goruntulu-konusma/";"SSS bölümü";"Elektrik"
"arazimde internet çekmiyor, yine de olur mu?";"bilgi";"3";"https://cbinsaat.com/hizmetler/uzaktan-kumanda-otomasyon/";"SSS bölümü";"Elektrik"
"arıza bulunamazsa ücret alıyor musunuz?";"bilgi";"3";"https://cbinsaat.com/hizmetler/elektrik-ariza/";"SSS bölümü";"Elektrik"
"aylık ücret ödeyecek miyim?";"bilgi";"3";"https://cbinsaat.com/hizmetler/uzaktan-kumanda-otomasyon/";"SSS bölümü";"Elektrik"
"aynı gün gelebiliyor musunuz?";"bilgi";"3";"https://cbinsaat.com/hizmetler/elektrik-ariza/";"SSS bölümü";"Elektrik"
"bahçe kapısı için ikinci panel takılabilir mi?";"bilgi";"3";"https://cbinsaat.com/hizmetler/diafon-goruntulu-konusma/";"SSS bölümü";"Elektrik"
"bir dairenin elektrik tesisatı kaç günde biter?";"bilgi";"3";"https://cbinsaat.com/hizmetler/elektrik-tesisati/";"SSS bölümü";"Elektrik"
"dimmer her led ile çalışır mı?";"bilgi";"3";"https://cbinsaat.com/hizmetler/avize-aydinlatma/";"SSS bölümü";"Elektrik"
"elektrik kesilirse ne oluyor?";"bilgi";"3";"https://cbinsaat.com/hizmetler/uzaktan-kumanda-otomasyon/";"SSS bölümü";"Elektrik"
"eski çerçeveye yeni mekanizma takılabilir mi?";"bilgi";"3";"https://cbinsaat.com/hizmetler/priz-tamiri/";"SSS bölümü";"Elektrik"
"eski seramik sigortalı kutu değişmeli mi?";"bilgi";"3";"https://cbinsaat.com/hizmetler/elektrik-panosu/";"SSS bölümü";"Elektrik"
"eski tesisatın kabloları kullanılabilir mi?";"bilgi";"3";"https://cbinsaat.com/hizmetler/elektrik-tesisati/";"SSS bölümü";"Elektrik"
"görüntülü diafon kaydediyor mu?";"bilgi";"3";"https://cbinsaat.com/hizmetler/diafon-goruntulu-konusma/";"SSS bölümü";"Elektrik"
"iş bitiminde belge veriyor musunuz?";"bilgi";"3";"https://cbinsaat.com/hizmetler/elektrik-tesisati/";"SSS bölümü";"Elektrik"
"jeneratör bağlantısını elektrikçi yapabilir mi?";"bilgi";"3";"https://cbinsaat.com/hizmetler/jenerator-ups/";"SSS bölümü";"Elektrik"
"jeneratör ne sıklıkla çalıştırılmalı?";"bilgi";"3";"https://cbinsaat.com/hizmetler/jenerator-ups/";"SSS bölümü";"Elektrik"
"kaç kamera gerekir?";"bilgi";"3";"https://cbinsaat.com/hizmetler/kamera-guvenlik-sistemleri/";"SSS bölümü";"Elektrik"
"kaçak akım rölesi sürekli atıyor, ne yapmalıyım?";"bilgi";"3";"https://cbinsaat.com/hizmetler/elektrik-ariza/";"SSS bölümü";"Elektrik"
"kompanzasyon panosu bana ne kazandırır?";"bilgi";"3";"https://cbinsaat.com/hizmetler/kompanzasyon-panosu/";"SSS bölümü";"Elektrik"
"kondansatörlerin ömrü ne kadar?";"bilgi";"3";"https://cbinsaat.com/hizmetler/kompanzasyon-panosu/";"SSS bölümü";"Elektrik"
"küçük bir dükkân için gerekli mi?";"bilgi";"3";"https://cbinsaat.com/hizmetler/kompanzasyon-panosu/";"SSS bölümü";"Elektrik"
"malatya akçadağ avize ve aydınlatma";"yerel";"3";"https://cbinsaat.com/hizmetler/avize-aydinlatma/akcadag/";"giriş paragrafı";"Elektrik"
"malatya akçadağ diafon ve görüntülü konuşma";"yerel";"3";"https://cbinsaat.com/hizmetler/diafon-goruntulu-konusma/akcadag/";"giriş paragrafı";"Elektrik"
"malatya akçadağ elektrik arıza";"yerel";"3";"https://cbinsaat.com/hizmetler/elektrik-ariza/akcadag/";"giriş paragrafı";"Elektrik"
"malatya akçadağ elektrik panosu";"yerel";"3";"https://cbinsaat.com/hizmetler/elektrik-panosu/akcadag/";"giriş paragrafı";"Elektrik"
"malatya akçadağ elektrik tesisatı";"yerel";"3";"https://cbinsaat.com/hizmetler/elektrik-tesisati/akcadag/";"giriş paragrafı";"Elektrik"
"malatya akçadağ fabrika elektrik tesisatı";"yerel";"3";"https://cbinsaat.com/hizmetler/fabrika-elektrik-tesisati/akcadag/";"giriş paragrafı";"Elektrik"
"malatya akçadağ jeneratör ve ups";"yerel";"3";"https://cbinsaat.com/hizmetler/jenerator-ups/akcadag/";"giriş paragrafı";"Elektrik"
"malatya akçadağ kamera ve güvenlik sistemleri";"yerel";"3";"https://cbinsaat.com/hizmetler/kamera-guvenlik-sistemleri/akcadag/";"giriş paragrafı";"Elektrik"
"malatya akçadağ kompanzasyon panosu";"yerel";"3";"https://cbinsaat.com/hizmetler/kompanzasyon-panosu/akcadag/";"giriş paragrafı";"Elektrik"
"malatya akçadağ priz tamiri ve montajı";"yerel";"3";"https://cbinsaat.com/hizmetler/priz-tamiri/akcadag/";"giriş paragrafı";"Elektrik"
"malatya akçadağ topraklama ve paratoner";"yerel";"3";"https://cbinsaat.com/hizmetler/topraklama-paratoner/akcadag/";"giriş paragrafı";"Elektrik"
"malatya akçadağ uzaktan kumanda ve otomasyon";"yerel";"3";"https://cbinsaat.com/hizmetler/uzaktan-kumanda-otomasyon/akcadag/";"giriş paragrafı";"Elektrik"
"malatya arapgir avize ve aydınlatma";"yerel";"3";"https://cbinsaat.com/hizmetler/avize-aydinlatma/arapgir/";"giriş paragrafı";"Elektrik"
"malatya arapgir diafon ve görüntülü konuşma";"yerel";"3";"https://cbinsaat.com/hizmetler/diafon-goruntulu-konusma/arapgir/";"giriş paragrafı";"Elektrik"
"malatya arapgir elektrik arıza";"yerel";"3";"https://cbinsaat.com/hizmetler/elektrik-ariza/arapgir/";"giriş paragrafı";"Elektrik"
"malatya arapgir elektrik panosu";"yerel";"3";"https://cbinsaat.com/hizmetler/elektrik-panosu/arapgir/";"giriş paragrafı";"Elektrik"
"malatya arapgir elektrik tesisatı";"yerel";"3";"https://cbinsaat.com/hizmetler/elektrik-tesisati/arapgir/";"giriş paragrafı";"Elektrik"
"malatya arapgir fabrika elektrik tesisatı";"yerel";"3";"https://cbinsaat.com/hizmetler/fabrika-elektrik-tesisati/arapgir/";"giriş paragrafı";"Elektrik"
"malatya arapgir jeneratör ve ups";"yerel";"3";"https://cbinsaat.com/hizmetler/jenerator-ups/arapgir/";"giriş paragrafı";"Elektrik"
"malatya arapgir kamera ve güvenlik sistemleri";"yerel";"3";"https://cbinsaat.com/hizmetler/kamera-guvenlik-sistemleri/arapgir/";"giriş paragrafı";"Elektrik"
"malatya arapgir kompanzasyon panosu";"yerel";"3";"https://cbinsaat.com/hizmetler/kompanzasyon-panosu/arapgir/";"giriş paragrafı";"Elektrik"
"malatya arapgir priz tamiri ve montajı";"yerel";"3";"https://cbinsaat.com/hizmetler/priz-tamiri/arapgir/";"giriş paragrafı";"Elektrik"
"malatya arapgir topraklama ve paratoner";"yerel";"3";"https://cbinsaat.com/hizmetler/topraklama-paratoner/arapgir/";"giriş paragrafı";"Elektrik"
"malatya arapgir uzaktan kumanda ve otomasyon";"yerel";"3";"https://cbinsaat.com/hizmetler/uzaktan-kumanda-otomasyon/arapgir/";"giriş paragrafı";"Elektrik"
"malatya arguvan avize ve aydınlatma";"yerel";"3";"https://cbinsaat.com/hizmetler/avize-aydinlatma/arguvan/";"giriş paragrafı";"Elektrik"
"malatya arguvan diafon ve görüntülü konuşma";"yerel";"3";"https://cbinsaat.com/hizmetler/diafon-goruntulu-konusma/arguvan/";"giriş paragrafı";"Elektrik"
"malatya arguvan elektrik arıza";"yerel";"3";"https://cbinsaat.com/hizmetler/elektrik-ariza/arguvan/";"giriş paragrafı";"Elektrik"
"malatya arguvan elektrik panosu";"yerel";"3";"https://cbinsaat.com/hizmetler/elektrik-panosu/arguvan/";"giriş paragrafı";"Elektrik"
"malatya arguvan elektrik tesisatı";"yerel";"3";"https://cbinsaat.com/hizmetler/elektrik-tesisati/arguvan/";"giriş paragrafı";"Elektrik"
"malatya arguvan fabrika elektrik tesisatı";"yerel";"3";"https://cbinsaat.com/hizmetler/fabrika-elektrik-tesisati/arguvan/";"giriş paragrafı";"Elektrik"
"malatya arguvan jeneratör ve ups";"yerel";"3";"https://cbinsaat.com/hizmetler/jenerator-ups/arguvan/";"giriş paragrafı";"Elektrik"
"malatya arguvan kamera ve güvenlik sistemleri";"yerel";"3";"https://cbinsaat.com/hizmetler/kamera-guvenlik-sistemleri/arguvan/";"giriş paragrafı";"Elektrik"
"malatya arguvan kompanzasyon panosu";"yerel";"3";"https://cbinsaat.com/hizmetler/kompanzasyon-panosu/arguvan/";"giriş paragrafı";"Elektrik"
"malatya arguvan priz tamiri ve montajı";"yerel";"3";"https://cbinsaat.com/hizmetler/priz-tamiri/arguvan/";"giriş paragrafı";"Elektrik"
"malatya arguvan topraklama ve paratoner";"yerel";"3";"https://cbinsaat.com/hizmetler/topraklama-paratoner/arguvan/";"giriş paragrafı";"Elektrik"
"malatya arguvan uzaktan kumanda ve otomasyon";"yerel";"3";"https://cbinsaat.com/hizmetler/uzaktan-kumanda-otomasyon/arguvan/";"giriş paragrafı";"Elektrik"
"malatya battalgazi avize ve aydınlatma";"yerel";"3";"https://cbinsaat.com/hizmetler/avize-aydinlatma/battalgazi/";"giriş paragrafı";"Elektrik"
"malatya battalgazi diafon ve görüntülü konuşma";"yerel";"3";"https://cbinsaat.com/hizmetler/diafon-goruntulu-konusma/battalgazi/";"giriş paragrafı";"Elektrik"
"malatya battalgazi elektrik arıza";"yerel";"3";"https://cbinsaat.com/hizmetler/elektrik-ariza/battalgazi/";"giriş paragrafı";"Elektrik"
"malatya battalgazi elektrik panosu";"yerel";"3";"https://cbinsaat.com/hizmetler/elektrik-panosu/battalgazi/";"giriş paragrafı";"Elektrik"
"malatya battalgazi elektrik tesisatı";"yerel";"3";"https://cbinsaat.com/hizmetler/elektrik-tesisati/battalgazi/";"giriş paragrafı";"Elektrik"
"malatya battalgazi fabrika elektrik tesisatı";"yerel";"3";"https://cbinsaat.com/hizmetler/fabrika-elektrik-tesisati/battalgazi/";"giriş paragrafı";"Elektrik"
"malatya battalgazi jeneratör ve ups";"yerel";"3";"https://cbinsaat.com/hizmetler/jenerator-ups/battalgazi/";"giriş paragrafı";"Elektrik"
"malatya battalgazi kamera ve güvenlik sistemleri";"yerel";"3";"https://cbinsaat.com/hizmetler/kamera-guvenlik-sistemleri/battalgazi/";"giriş paragrafı";"Elektrik"
"malatya battalgazi kompanzasyon panosu";"yerel";"3";"https://cbinsaat.com/hizmetler/kompanzasyon-panosu/battalgazi/";"giriş paragrafı";"Elektrik"
"malatya battalgazi priz tamiri ve montajı";"yerel";"3";"https://cbinsaat.com/hizmetler/priz-tamiri/battalgazi/";"giriş paragrafı";"Elektrik"
"malatya battalgazi topraklama ve paratoner";"yerel";"3";"https://cbinsaat.com/hizmetler/topraklama-paratoner/battalgazi/";"giriş paragrafı";"Elektrik"
"malatya battalgazi uzaktan kumanda ve otomasyon";"yerel";"3";"https://cbinsaat.com/hizmetler/uzaktan-kumanda-otomasyon/battalgazi/";"giriş paragrafı";"Elektrik"
"malatya darende avize ve aydınlatma";"yerel";"3";"https://cbinsaat.com/hizmetler/avize-aydinlatma/darende/";"giriş paragrafı";"Elektrik"
"malatya darende diafon ve görüntülü konuşma";"yerel";"3";"https://cbinsaat.com/hizmetler/diafon-goruntulu-konusma/darende/";"giriş paragrafı";"Elektrik"
"malatya darende elektrik arıza";"yerel";"3";"https://cbinsaat.com/hizmetler/elektrik-ariza/darende/";"giriş paragrafı";"Elektrik"
"malatya darende elektrik panosu";"yerel";"3";"https://cbinsaat.com/hizmetler/elektrik-panosu/darende/";"giriş paragrafı";"Elektrik"
"malatya darende elektrik tesisatı";"yerel";"3";"https://cbinsaat.com/hizmetler/elektrik-tesisati/darende/";"giriş paragrafı";"Elektrik"
"malatya darende fabrika elektrik tesisatı";"yerel";"3";"https://cbinsaat.com/hizmetler/fabrika-elektrik-tesisati/darende/";"giriş paragrafı";"Elektrik"
"malatya darende jeneratör ve ups";"yerel";"3";"https://cbinsaat.com/hizmetler/jenerator-ups/darende/";"giriş paragrafı";"Elektrik"
"malatya darende kamera ve güvenlik sistemleri";"yerel";"3";"https://cbinsaat.com/hizmetler/kamera-guvenlik-sistemleri/darende/";"giriş paragrafı";"Elektrik"
"malatya darende kompanzasyon panosu";"yerel";"3";"https://cbinsaat.com/hizmetler/kompanzasyon-panosu/darende/";"giriş paragrafı";"Elektrik"
"malatya darende priz tamiri ve montajı";"yerel";"3";"https://cbinsaat.com/hizmetler/priz-tamiri/darende/";"giriş paragrafı";"Elektrik"
"malatya darende topraklama ve paratoner";"yerel";"3";"https://cbinsaat.com/hizmetler/topraklama-paratoner/darende/";"giriş paragrafı";"Elektrik"
"malatya darende uzaktan kumanda ve otomasyon";"yerel";"3";"https://cbinsaat.com/hizmetler/uzaktan-kumanda-otomasyon/darende/";"giriş paragrafı";"Elektrik"
"malatya doğanşehir avize ve aydınlatma";"yerel";"3";"https://cbinsaat.com/hizmetler/avize-aydinlatma/dogansehir/";"giriş paragrafı";"Elektrik"
"malatya doğanşehir diafon ve görüntülü konuşma";"yerel";"3";"https://cbinsaat.com/hizmetler/diafon-goruntulu-konusma/dogansehir/";"giriş paragrafı";"Elektrik"
"malatya doğanşehir elektrik arıza";"yerel";"3";"https://cbinsaat.com/hizmetler/elektrik-ariza/dogansehir/";"giriş paragrafı";"Elektrik"
"malatya doğanşehir elektrik panosu";"yerel";"3";"https://cbinsaat.com/hizmetler/elektrik-panosu/dogansehir/";"giriş paragrafı";"Elektrik"
"malatya doğanşehir elektrik tesisatı";"yerel";"3";"https://cbinsaat.com/hizmetler/elektrik-tesisati/dogansehir/";"giriş paragrafı";"Elektrik"
"malatya doğanşehir fabrika elektrik tesisatı";"yerel";"3";"https://cbinsaat.com/hizmetler/fabrika-elektrik-tesisati/dogansehir/";"giriş paragrafı";"Elektrik"
"malatya doğanşehir jeneratör ve ups";"yerel";"3";"https://cbinsaat.com/hizmetler/jenerator-ups/dogansehir/";"giriş paragrafı";"Elektrik"
"malatya doğanşehir kamera ve güvenlik sistemleri";"yerel";"3";"https://cbinsaat.com/hizmetler/kamera-guvenlik-sistemleri/dogansehir/";"giriş paragrafı";"Elektrik"
"malatya doğanşehir kompanzasyon panosu";"yerel";"3";"https://cbinsaat.com/hizmetler/kompanzasyon-panosu/dogansehir/";"giriş paragrafı";"Elektrik"
"malatya doğanşehir priz tamiri ve montajı";"yerel";"3";"https://cbinsaat.com/hizmetler/priz-tamiri/dogansehir/";"giriş paragrafı";"Elektrik"
"malatya doğanşehir topraklama ve paratoner";"yerel";"3";"https://cbinsaat.com/hizmetler/topraklama-paratoner/dogansehir/";"giriş paragrafı";"Elektrik"
"malatya doğanşehir uzaktan kumanda ve otomasyon";"yerel";"3";"https://cbinsaat.com/hizmetler/uzaktan-kumanda-otomasyon/dogansehir/";"giriş paragrafı";"Elektrik"
"malatya doğanyol avize ve aydınlatma";"yerel";"3";"https://cbinsaat.com/hizmetler/avize-aydinlatma/doganyol/";"giriş paragrafı";"Elektrik"
"malatya doğanyol diafon ve görüntülü konuşma";"yerel";"3";"https://cbinsaat.com/hizmetler/diafon-goruntulu-konusma/doganyol/";"giriş paragrafı";"Elektrik"
"malatya doğanyol elektrik arıza";"yerel";"3";"https://cbinsaat.com/hizmetler/elektrik-ariza/doganyol/";"giriş paragrafı";"Elektrik"
"malatya doğanyol elektrik panosu";"yerel";"3";"https://cbinsaat.com/hizmetler/elektrik-panosu/doganyol/";"giriş paragrafı";"Elektrik"
"malatya doğanyol elektrik tesisatı";"yerel";"3";"https://cbinsaat.com/hizmetler/elektrik-tesisati/doganyol/";"giriş paragrafı";"Elektrik"
"malatya doğanyol fabrika elektrik tesisatı";"yerel";"3";"https://cbinsaat.com/hizmetler/fabrika-elektrik-tesisati/doganyol/";"giriş paragrafı";"Elektrik"
"malatya doğanyol jeneratör ve ups";"yerel";"3";"https://cbinsaat.com/hizmetler/jenerator-ups/doganyol/";"giriş paragrafı";"Elektrik"
"malatya doğanyol kamera ve güvenlik sistemleri";"yerel";"3";"https://cbinsaat.com/hizmetler/kamera-guvenlik-sistemleri/doganyol/";"giriş paragrafı";"Elektrik"
"malatya doğanyol kompanzasyon panosu";"yerel";"3";"https://cbinsaat.com/hizmetler/kompanzasyon-panosu/doganyol/";"giriş paragrafı";"Elektrik"
"malatya doğanyol priz tamiri ve montajı";"yerel";"3";"https://cbinsaat.com/hizmetler/priz-tamiri/doganyol/";"giriş paragrafı";"Elektrik"
"malatya doğanyol topraklama ve paratoner";"yerel";"3";"https://cbinsaat.com/hizmetler/topraklama-paratoner/doganyol/";"giriş paragrafı";"Elektrik"
"malatya doğanyol uzaktan kumanda ve otomasyon";"yerel";"3";"https://cbinsaat.com/hizmetler/uzaktan-kumanda-otomasyon/doganyol/";"giriş paragrafı";"Elektrik"
"malatya hekimhan avize ve aydınlatma";"yerel";"3";"https://cbinsaat.com/hizmetler/avize-aydinlatma/hekimhan/";"giriş paragrafı";"Elektrik"
"malatya hekimhan diafon ve görüntülü konuşma";"yerel";"3";"https://cbinsaat.com/hizmetler/diafon-goruntulu-konusma/hekimhan/";"giriş paragrafı";"Elektrik"
"malatya hekimhan elektrik arıza";"yerel";"3";"https://cbinsaat.com/hizmetler/elektrik-ariza/hekimhan/";"giriş paragrafı";"Elektrik"
"malatya hekimhan elektrik panosu";"yerel";"3";"https://cbinsaat.com/hizmetler/elektrik-panosu/hekimhan/";"giriş paragrafı";"Elektrik"
"malatya hekimhan elektrik tesisatı";"yerel";"3";"https://cbinsaat.com/hizmetler/elektrik-tesisati/hekimhan/";"giriş paragrafı";"Elektrik"
"malatya hekimhan fabrika elektrik tesisatı";"yerel";"3";"https://cbinsaat.com/hizmetler/fabrika-elektrik-tesisati/hekimhan/";"giriş paragrafı";"Elektrik"
"malatya hekimhan jeneratör ve ups";"yerel";"3";"https://cbinsaat.com/hizmetler/jenerator-ups/hekimhan/";"giriş paragrafı";"Elektrik"
"malatya hekimhan kamera ve güvenlik sistemleri";"yerel";"3";"https://cbinsaat.com/hizmetler/kamera-guvenlik-sistemleri/hekimhan/";"giriş paragrafı";"Elektrik"
"malatya hekimhan kompanzasyon panosu";"yerel";"3";"https://cbinsaat.com/hizmetler/kompanzasyon-panosu/hekimhan/";"giriş paragrafı";"Elektrik"
"malatya hekimhan priz tamiri ve montajı";"yerel";"3";"https://cbinsaat.com/hizmetler/priz-tamiri/hekimhan/";"giriş paragrafı";"Elektrik"
"malatya hekimhan topraklama ve paratoner";"yerel";"3";"https://cbinsaat.com/hizmetler/topraklama-paratoner/hekimhan/";"giriş paragrafı";"Elektrik"
"malatya hekimhan uzaktan kumanda ve otomasyon";"yerel";"3";"https://cbinsaat.com/hizmetler/uzaktan-kumanda-otomasyon/hekimhan/";"giriş paragrafı";"Elektrik"
"malatya kale avize ve aydınlatma";"yerel";"3";"https://cbinsaat.com/hizmetler/avize-aydinlatma/kale/";"giriş paragrafı";"Elektrik"
"malatya kale diafon ve görüntülü konuşma";"yerel";"3";"https://cbinsaat.com/hizmetler/diafon-goruntulu-konusma/kale/";"giriş paragrafı";"Elektrik"
"malatya kale elektrik arıza";"yerel";"3";"https://cbinsaat.com/hizmetler/elektrik-ariza/kale/";"giriş paragrafı";"Elektrik"
"malatya kale elektrik panosu";"yerel";"3";"https://cbinsaat.com/hizmetler/elektrik-panosu/kale/";"giriş paragrafı";"Elektrik"
"malatya kale elektrik tesisatı";"yerel";"3";"https://cbinsaat.com/hizmetler/elektrik-tesisati/kale/";"giriş paragrafı";"Elektrik"
"malatya kale fabrika elektrik tesisatı";"yerel";"3";"https://cbinsaat.com/hizmetler/fabrika-elektrik-tesisati/kale/";"giriş paragrafı";"Elektrik"
"malatya kale jeneratör ve ups";"yerel";"3";"https://cbinsaat.com/hizmetler/jenerator-ups/kale/";"giriş paragrafı";"Elektrik"
"malatya kale kamera ve güvenlik sistemleri";"yerel";"3";"https://cbinsaat.com/hizmetler/kamera-guvenlik-sistemleri/kale/";"giriş paragrafı";"Elektrik"
"malatya kale kompanzasyon panosu";"yerel";"3";"https://cbinsaat.com/hizmetler/kompanzasyon-panosu/kale/";"giriş paragrafı";"Elektrik"
"malatya kale priz tamiri ve montajı";"yerel";"3";"https://cbinsaat.com/hizmetler/priz-tamiri/kale/";"giriş paragrafı";"Elektrik"
"malatya kale topraklama ve paratoner";"yerel";"3";"https://cbinsaat.com/hizmetler/topraklama-paratoner/kale/";"giriş paragrafı";"Elektrik"
"malatya kale uzaktan kumanda ve otomasyon";"yerel";"3";"https://cbinsaat.com/hizmetler/uzaktan-kumanda-otomasyon/kale/";"giriş paragrafı";"Elektrik"
"malatya kuluncak avize ve aydınlatma";"yerel";"3";"https://cbinsaat.com/hizmetler/avize-aydinlatma/kuluncak/";"giriş paragrafı";"Elektrik"
"malatya kuluncak diafon ve görüntülü konuşma";"yerel";"3";"https://cbinsaat.com/hizmetler/diafon-goruntulu-konusma/kuluncak/";"giriş paragrafı";"Elektrik"
"malatya kuluncak elektrik arıza";"yerel";"3";"https://cbinsaat.com/hizmetler/elektrik-ariza/kuluncak/";"giriş paragrafı";"Elektrik"
"malatya kuluncak elektrik panosu";"yerel";"3";"https://cbinsaat.com/hizmetler/elektrik-panosu/kuluncak/";"giriş paragrafı";"Elektrik"
"malatya kuluncak elektrik tesisatı";"yerel";"3";"https://cbinsaat.com/hizmetler/elektrik-tesisati/kuluncak/";"giriş paragrafı";"Elektrik"
"malatya kuluncak fabrika elektrik tesisatı";"yerel";"3";"https://cbinsaat.com/hizmetler/fabrika-elektrik-tesisati/kuluncak/";"giriş paragrafı";"Elektrik"
"malatya kuluncak jeneratör ve ups";"yerel";"3";"https://cbinsaat.com/hizmetler/jenerator-ups/kuluncak/";"giriş paragrafı";"Elektrik"
"malatya kuluncak kamera ve güvenlik sistemleri";"yerel";"3";"https://cbinsaat.com/hizmetler/kamera-guvenlik-sistemleri/kuluncak/";"giriş paragrafı";"Elektrik"
"malatya kuluncak kompanzasyon panosu";"yerel";"3";"https://cbinsaat.com/hizmetler/kompanzasyon-panosu/kuluncak/";"giriş paragrafı";"Elektrik"
"malatya kuluncak priz tamiri ve montajı";"yerel";"3";"https://cbinsaat.com/hizmetler/priz-tamiri/kuluncak/";"giriş paragrafı";"Elektrik"
"malatya kuluncak topraklama ve paratoner";"yerel";"3";"https://cbinsaat.com/hizmetler/topraklama-paratoner/kuluncak/";"giriş paragrafı";"Elektrik"
"malatya kuluncak uzaktan kumanda ve otomasyon";"yerel";"3";"https://cbinsaat.com/hizmetler/uzaktan-kumanda-otomasyon/kuluncak/";"giriş paragrafı";"Elektrik"
"malatya pütürge avize ve aydınlatma";"yerel";"3";"https://cbinsaat.com/hizmetler/avize-aydinlatma/puturge/";"giriş paragrafı";"Elektrik"
"malatya pütürge diafon ve görüntülü konuşma";"yerel";"3";"https://cbinsaat.com/hizmetler/diafon-goruntulu-konusma/puturge/";"giriş paragrafı";"Elektrik"
"malatya pütürge elektrik arıza";"yerel";"3";"https://cbinsaat.com/hizmetler/elektrik-ariza/puturge/";"giriş paragrafı";"Elektrik"
"malatya pütürge elektrik panosu";"yerel";"3";"https://cbinsaat.com/hizmetler/elektrik-panosu/puturge/";"giriş paragrafı";"Elektrik"
"malatya pütürge elektrik tesisatı";"yerel";"3";"https://cbinsaat.com/hizmetler/elektrik-tesisati/puturge/";"giriş paragrafı";"Elektrik"
"malatya pütürge fabrika elektrik tesisatı";"yerel";"3";"https://cbinsaat.com/hizmetler/fabrika-elektrik-tesisati/puturge/";"giriş paragrafı";"Elektrik"
"malatya pütürge jeneratör ve ups";"yerel";"3";"https://cbinsaat.com/hizmetler/jenerator-ups/puturge/";"giriş paragrafı";"Elektrik"
"malatya pütürge kamera ve güvenlik sistemleri";"yerel";"3";"https://cbinsaat.com/hizmetler/kamera-guvenlik-sistemleri/puturge/";"giriş paragrafı";"Elektrik"
"malatya pütürge kompanzasyon panosu";"yerel";"3";"https://cbinsaat.com/hizmetler/kompanzasyon-panosu/puturge/";"giriş paragrafı";"Elektrik"
"malatya pütürge priz tamiri ve montajı";"yerel";"3";"https://cbinsaat.com/hizmetler/priz-tamiri/puturge/";"giriş paragrafı";"Elektrik"
"malatya pütürge topraklama ve paratoner";"yerel";"3";"https://cbinsaat.com/hizmetler/topraklama-paratoner/puturge/";"giriş paragrafı";"Elektrik"
"malatya pütürge uzaktan kumanda ve otomasyon";"yerel";"3";"https://cbinsaat.com/hizmetler/uzaktan-kumanda-otomasyon/puturge/";"giriş paragrafı";"Elektrik"
"malatya yazıhan avize ve aydınlatma";"yerel";"3";"https://cbinsaat.com/hizmetler/avize-aydinlatma/yazihan/";"giriş paragrafı";"Elektrik"
"malatya yazıhan diafon ve görüntülü konuşma";"yerel";"3";"https://cbinsaat.com/hizmetler/diafon-goruntulu-konusma/yazihan/";"giriş paragrafı";"Elektrik"
"malatya yazıhan elektrik arıza";"yerel";"3";"https://cbinsaat.com/hizmetler/elektrik-ariza/yazihan/";"giriş paragrafı";"Elektrik"
"malatya yazıhan elektrik panosu";"yerel";"3";"https://cbinsaat.com/hizmetler/elektrik-panosu/yazihan/";"giriş paragrafı";"Elektrik"
"malatya yazıhan elektrik tesisatı";"yerel";"3";"https://cbinsaat.com/hizmetler/elektrik-tesisati/yazihan/";"giriş paragrafı";"Elektrik"
"malatya yazıhan fabrika elektrik tesisatı";"yerel";"3";"https://cbinsaat.com/hizmetler/fabrika-elektrik-tesisati/yazihan/";"giriş paragrafı";"Elektrik"
"malatya yazıhan jeneratör ve ups";"yerel";"3";"https://cbinsaat.com/hizmetler/jenerator-ups/yazihan/";"giriş paragrafı";"Elektrik"
"malatya yazıhan kamera ve güvenlik sistemleri";"yerel";"3";"https://cbinsaat.com/hizmetler/kamera-guvenlik-sistemleri/yazihan/";"giriş paragrafı";"Elektrik"
"malatya yazıhan kompanzasyon panosu";"yerel";"3";"https://cbinsaat.com/hizmetler/kompanzasyon-panosu/yazihan/";"giriş paragrafı";"Elektrik"
"malatya yazıhan priz tamiri ve montajı";"yerel";"3";"https://cbinsaat.com/hizmetler/priz-tamiri/yazihan/";"giriş paragrafı";"Elektrik"
"malatya yazıhan topraklama ve paratoner";"yerel";"3";"https://cbinsaat.com/hizmetler/topraklama-paratoner/yazihan/";"giriş paragrafı";"Elektrik"
"malatya yazıhan uzaktan kumanda ve otomasyon";"yerel";"3";"https://cbinsaat.com/hizmetler/uzaktan-kumanda-otomasyon/yazihan/";"giriş paragrafı";"Elektrik"
"malatya yeşilyurt avize ve aydınlatma";"yerel";"3";"https://cbinsaat.com/hizmetler/avize-aydinlatma/yesilyurt/";"giriş paragrafı";"Elektrik"
"malatya yeşilyurt diafon ve görüntülü konuşma";"yerel";"3";"https://cbinsaat.com/hizmetler/diafon-goruntulu-konusma/yesilyurt/";"giriş paragrafı";"Elektrik"
"malatya yeşilyurt elektrik arıza";"yerel";"3";"https://cbinsaat.com/hizmetler/elektrik-ariza/yesilyurt/";"giriş paragrafı";"Elektrik"
"malatya yeşilyurt elektrik panosu";"yerel";"3";"https://cbinsaat.com/hizmetler/elektrik-panosu/yesilyurt/";"giriş paragrafı";"Elektrik"
"malatya yeşilyurt elektrik tesisatı";"yerel";"3";"https://cbinsaat.com/hizmetler/elektrik-tesisati/yesilyurt/";"giriş paragrafı";"Elektrik"
"malatya yeşilyurt fabrika elektrik tesisatı";"yerel";"3";"https://cbinsaat.com/hizmetler/fabrika-elektrik-tesisati/yesilyurt/";"giriş paragrafı";"Elektrik"
"malatya yeşilyurt jeneratör ve ups";"yerel";"3";"https://cbinsaat.com/hizmetler/jenerator-ups/yesilyurt/";"giriş paragrafı";"Elektrik"
"malatya yeşilyurt kamera ve güvenlik sistemleri";"yerel";"3";"https://cbinsaat.com/hizmetler/kamera-guvenlik-sistemleri/yesilyurt/";"giriş paragrafı";"Elektrik"
"malatya yeşilyurt kompanzasyon panosu";"yerel";"3";"https://cbinsaat.com/hizmetler/kompanzasyon-panosu/yesilyurt/";"giriş paragrafı";"Elektrik"
"malatya yeşilyurt priz tamiri ve montajı";"yerel";"3";"https://cbinsaat.com/hizmetler/priz-tamiri/yesilyurt/";"giriş paragrafı";"Elektrik"
"malatya yeşilyurt topraklama ve paratoner";"yerel";"3";"https://cbinsaat.com/hizmetler/topraklama-paratoner/yesilyurt/";"giriş paragrafı";"Elektrik"
"malatya yeşilyurt uzaktan kumanda ve otomasyon";"yerel";"3";"https://cbinsaat.com/hizmetler/uzaktan-kumanda-otomasyon/yesilyurt/";"giriş paragrafı";"Elektrik"
"mevcut sistemime kamera ekleyebilir misiniz?";"bilgi";"3";"https://cbinsaat.com/hizmetler/kamera-guvenlik-sistemleri/";"SSS bölümü";"Elektrik"
"mevcut tesisatın kapasitesini ölçüyor musunuz?";"bilgi";"3";"https://cbinsaat.com/hizmetler/fabrika-elektrik-tesisati/";"SSS bölümü";"Elektrik"
"nötr hattını toprak olarak kullanmak olur mu?";"bilgi";"3";"https://cbinsaat.com/hizmetler/topraklama-paratoner/";"SSS bölümü";"Elektrik"
"pano değişimi sırasında elektrik ne kadar kesilir?";"bilgi";"3";"https://cbinsaat.com/hizmetler/elektrik-panosu/";"SSS bölümü";"Elektrik"
"parafudr (yıldırım koruması) gerekli mi?";"bilgi";"3";"https://cbinsaat.com/hizmetler/elektrik-panosu/";"SSS bölümü";"Elektrik"
"pompa yanarsa sorumluluk kimde?";"bilgi";"3";"https://cbinsaat.com/hizmetler/uzaktan-kumanda-otomasyon/";"SSS bölümü";"Elektrik"
"proje çizimi de yapıyor musunuz?";"bilgi";"3";"https://cbinsaat.com/hizmetler/fabrika-elektrik-tesisati/";"SSS bölümü";"Elektrik"
"sadece benim dairemin ünitesini değiştirebilir misiniz?";"bilgi";"3";"https://cbinsaat.com/hizmetler/diafon-goruntulu-konusma/";"SSS bölümü";"Elektrik"
"sigorta amperajını yükseltmek çözüm mü?";"bilgi";"3";"https://cbinsaat.com/hizmetler/elektrik-panosu/";"SSS bölümü";"Elektrik"
"sigortayı kendim değiştirebilir miyim?";"bilgi";"3";"https://cbinsaat.com/hizmetler/elektrik-ariza/";"SSS bölümü";"Elektrik"
"spot sayısını nasıl belirliyorsunuz?";"bilgi";"3";"https://cbinsaat.com/hizmetler/avize-aydinlatma/";"SSS bölümü";"Elektrik"
"tek bir prizin değişimi için geliyor musunuz?";"bilgi";"3";"https://cbinsaat.com/hizmetler/priz-tamiri/";"SSS bölümü";"Elektrik"
"telefondan izleyebilir miyim?";"bilgi";"3";"https://cbinsaat.com/hizmetler/kamera-guvenlik-sistemleri/";"SSS bölümü";"Elektrik"
"termal kamera taraması yapıyor musunuz?";"bilgi";"3";"https://cbinsaat.com/hizmetler/fabrika-elektrik-tesisati/";"SSS bölümü";"Elektrik"
"tesisat yenilenirken evde oturulabilir mi?";"bilgi";"3";"https://cbinsaat.com/hizmetler/elektrik-tesisati/";"SSS bölümü";"Elektrik"
"topraklama hattı sonradan çekilebilir mi?";"bilgi";"3";"https://cbinsaat.com/hizmetler/elektrik-tesisati/";"SSS bölümü";"Elektrik"
"topraklama ölçüm raporu ne kadar geçerli?";"bilgi";"3";"https://cbinsaat.com/hizmetler/topraklama-paratoner/";"SSS bölümü";"Elektrik"
"topraklamam var mı, nasıl anlarım?";"bilgi";"3";"https://cbinsaat.com/hizmetler/topraklama-paratoner/";"SSS bölümü";"Elektrik"
"ups aküsünü ben değiştirebilir miyim?";"bilgi";"3";"https://cbinsaat.com/hizmetler/jenerator-ups/";"SSS bölümü";"Elektrik"
"usb'li priz taktırmak mantıklı mı?";"bilgi";"3";"https://cbinsaat.com/hizmetler/priz-tamiri/";"SSS bölümü";"Elektrik"
"vinç ve motorlarda da kullanılıyor mu?";"bilgi";"3";"https://cbinsaat.com/hizmetler/uzaktan-kumanda-otomasyon/";"SSS bölümü";"Elektrik"
"alçıpan duvara tv veya raf asılır mı?";"bilgi";"3";"https://cbinsaat.com/hizmetler/alcipan-asma-tavan/";"SSS bölümü";"İnce İnşaat"
"asma tavan kaç santim alçaltır?";"bilgi";"3";"https://cbinsaat.com/hizmetler/alcipan-asma-tavan/";"SSS bölümü";"İnce İnşaat"
"banyo kaç günde biter?";"bilgi";"3";"https://cbinsaat.com/hizmetler/seramik-fayans/";"SSS bölümü";"İnce İnşaat"
"bir daire kaç günde boyanır?";"bilgi";"3";"https://cbinsaat.com/hizmetler/boya-badana/";"SSS bölümü";"İnce İnşaat"
"boyası dahil mi?";"bilgi";"3";"https://cbinsaat.com/hizmetler/alcipan-asma-tavan/";"SSS bölümü";"İnce İnşaat"
"boyayı ben alsam olur mu?";"bilgi";"3";"https://cbinsaat.com/hizmetler/boya-badana/";"SSS bölümü";"İnce İnşaat"
"derz rengi sonradan değişir mi?";"bilgi";"3";"https://cbinsaat.com/hizmetler/seramik-fayans/";"SSS bölümü";"İnce İnşaat"
"ev boşken mi yapılmalı?";"bilgi";"3";"https://cbinsaat.com/hizmetler/ince-insaat-isleri/";"SSS bölümü";"İnce İnşaat"
"hangi kalınlık uygun?";"bilgi";"3";"https://cbinsaat.com/hizmetler/parke-laminat/";"SSS bölümü";"İnce İnşaat"
"kaç günde biter?";"bilgi";"3";"https://cbinsaat.com/hizmetler/parke-laminat/";"SSS bölümü";"İnce İnşaat"
"kaç kat boya atıyorsunuz?";"bilgi";"3";"https://cbinsaat.com/hizmetler/boya-badana/";"SSS bölümü";"İnce İnşaat"
"kapıyı ben alsam montajını yapar mısınız?";"bilgi";"3";"https://cbinsaat.com/hizmetler/kapi-pencere-dograma/";"SSS bölümü";"İnce İnşaat"
"kasa çevresini de siz onarıyor musunuz?";"bilgi";"3";"https://cbinsaat.com/hizmetler/kapi-pencere-dograma/";"SSS bölümü";"İnce İnşaat"
"kokusu ne kadar sürer?";"bilgi";"3";"https://cbinsaat.com/hizmetler/boya-badana/";"SSS bölümü";"İnce İnşaat"
"malatya akçadağ alçıpan bölme ve asma tavan";"yerel";"3";"https://cbinsaat.com/hizmetler/alcipan-asma-tavan/akcadag/";"giriş paragrafı";"İnce İnşaat"
"malatya akçadağ boya, badana ve alçı";"yerel";"3";"https://cbinsaat.com/hizmetler/boya-badana/akcadag/";"giriş paragrafı";"İnce İnşaat"
"malatya akçadağ ince inşaat işleri";"yerel";"3";"https://cbinsaat.com/hizmetler/ince-insaat-isleri/akcadag/";"giriş paragrafı";"İnce İnşaat"
"malatya akçadağ kapı, pencere ve doğrama montajı";"yerel";"3";"https://cbinsaat.com/hizmetler/kapi-pencere-dograma/akcadag/";"giriş paragrafı";"İnce İnşaat"
"malatya akçadağ mermer ve granit uygulamaları";"yerel";"3";"https://cbinsaat.com/hizmetler/mermer-granit/akcadag/";"giriş paragrafı";"İnce İnşaat"
"malatya akçadağ parke ve laminat döşeme";"yerel";"3";"https://cbinsaat.com/hizmetler/parke-laminat/akcadag/";"giriş paragrafı";"İnce İnşaat"
"malatya akçadağ seramik ve fayans döşeme";"yerel";"3";"https://cbinsaat.com/hizmetler/seramik-fayans/akcadag/";"giriş paragrafı";"İnce İnşaat"
"malatya arapgir alçıpan bölme ve asma tavan";"yerel";"3";"https://cbinsaat.com/hizmetler/alcipan-asma-tavan/arapgir/";"giriş paragrafı";"İnce İnşaat"
"malatya arapgir boya, badana ve alçı";"yerel";"3";"https://cbinsaat.com/hizmetler/boya-badana/arapgir/";"giriş paragrafı";"İnce İnşaat"
"malatya arapgir ince inşaat işleri";"yerel";"3";"https://cbinsaat.com/hizmetler/ince-insaat-isleri/arapgir/";"giriş paragrafı";"İnce İnşaat"
"malatya arapgir kapı, pencere ve doğrama montajı";"yerel";"3";"https://cbinsaat.com/hizmetler/kapi-pencere-dograma/arapgir/";"giriş paragrafı";"İnce İnşaat"
"malatya arapgir mermer ve granit uygulamaları";"yerel";"3";"https://cbinsaat.com/hizmetler/mermer-granit/arapgir/";"giriş paragrafı";"İnce İnşaat"
"malatya arapgir parke ve laminat döşeme";"yerel";"3";"https://cbinsaat.com/hizmetler/parke-laminat/arapgir/";"giriş paragrafı";"İnce İnşaat"
"malatya arapgir seramik ve fayans döşeme";"yerel";"3";"https://cbinsaat.com/hizmetler/seramik-fayans/arapgir/";"giriş paragrafı";"İnce İnşaat"
"malatya arguvan alçıpan bölme ve asma tavan";"yerel";"3";"https://cbinsaat.com/hizmetler/alcipan-asma-tavan/arguvan/";"giriş paragrafı";"İnce İnşaat"
"malatya arguvan boya, badana ve alçı";"yerel";"3";"https://cbinsaat.com/hizmetler/boya-badana/arguvan/";"giriş paragrafı";"İnce İnşaat"
"malatya arguvan ince inşaat işleri";"yerel";"3";"https://cbinsaat.com/hizmetler/ince-insaat-isleri/arguvan/";"giriş paragrafı";"İnce İnşaat"
"malatya arguvan kapı, pencere ve doğrama montajı";"yerel";"3";"https://cbinsaat.com/hizmetler/kapi-pencere-dograma/arguvan/";"giriş paragrafı";"İnce İnşaat"
"malatya arguvan mermer ve granit uygulamaları";"yerel";"3";"https://cbinsaat.com/hizmetler/mermer-granit/arguvan/";"giriş paragrafı";"İnce İnşaat"
"malatya arguvan parke ve laminat döşeme";"yerel";"3";"https://cbinsaat.com/hizmetler/parke-laminat/arguvan/";"giriş paragrafı";"İnce İnşaat"
"malatya arguvan seramik ve fayans döşeme";"yerel";"3";"https://cbinsaat.com/hizmetler/seramik-fayans/arguvan/";"giriş paragrafı";"İnce İnşaat"
"malatya battalgazi alçıpan bölme ve asma tavan";"yerel";"3";"https://cbinsaat.com/hizmetler/alcipan-asma-tavan/battalgazi/";"giriş paragrafı";"İnce İnşaat"
"malatya battalgazi boya, badana ve alçı";"yerel";"3";"https://cbinsaat.com/hizmetler/boya-badana/battalgazi/";"giriş paragrafı";"İnce İnşaat"
"malatya battalgazi ince inşaat işleri";"yerel";"3";"https://cbinsaat.com/hizmetler/ince-insaat-isleri/battalgazi/";"giriş paragrafı";"İnce İnşaat"
"malatya battalgazi kapı, pencere ve doğrama montajı";"yerel";"3";"https://cbinsaat.com/hizmetler/kapi-pencere-dograma/battalgazi/";"giriş paragrafı";"İnce İnşaat"
"malatya battalgazi mermer ve granit uygulamaları";"yerel";"3";"https://cbinsaat.com/hizmetler/mermer-granit/battalgazi/";"giriş paragrafı";"İnce İnşaat"
"malatya battalgazi parke ve laminat döşeme";"yerel";"3";"https://cbinsaat.com/hizmetler/parke-laminat/battalgazi/";"giriş paragrafı";"İnce İnşaat"
"malatya battalgazi seramik ve fayans döşeme";"yerel";"3";"https://cbinsaat.com/hizmetler/seramik-fayans/battalgazi/";"giriş paragrafı";"İnce İnşaat"
"malatya darende alçıpan bölme ve asma tavan";"yerel";"3";"https://cbinsaat.com/hizmetler/alcipan-asma-tavan/darende/";"giriş paragrafı";"İnce İnşaat"
"malatya darende boya, badana ve alçı";"yerel";"3";"https://cbinsaat.com/hizmetler/boya-badana/darende/";"giriş paragrafı";"İnce İnşaat"
"malatya darende ince inşaat işleri";"yerel";"3";"https://cbinsaat.com/hizmetler/ince-insaat-isleri/darende/";"giriş paragrafı";"İnce İnşaat"
"malatya darende kapı, pencere ve doğrama montajı";"yerel";"3";"https://cbinsaat.com/hizmetler/kapi-pencere-dograma/darende/";"giriş paragrafı";"İnce İnşaat"
"malatya darende mermer ve granit uygulamaları";"yerel";"3";"https://cbinsaat.com/hizmetler/mermer-granit/darende/";"giriş paragrafı";"İnce İnşaat"
"malatya darende parke ve laminat döşeme";"yerel";"3";"https://cbinsaat.com/hizmetler/parke-laminat/darende/";"giriş paragrafı";"İnce İnşaat"
"malatya darende seramik ve fayans döşeme";"yerel";"3";"https://cbinsaat.com/hizmetler/seramik-fayans/darende/";"giriş paragrafı";"İnce İnşaat"
"malatya doğanşehir alçıpan bölme ve asma tavan";"yerel";"3";"https://cbinsaat.com/hizmetler/alcipan-asma-tavan/dogansehir/";"giriş paragrafı";"İnce İnşaat"
"malatya doğanşehir boya, badana ve alçı";"yerel";"3";"https://cbinsaat.com/hizmetler/boya-badana/dogansehir/";"giriş paragrafı";"İnce İnşaat"
"malatya doğanşehir ince inşaat işleri";"yerel";"3";"https://cbinsaat.com/hizmetler/ince-insaat-isleri/dogansehir/";"giriş paragrafı";"İnce İnşaat"
"malatya doğanşehir kapı, pencere ve doğrama montajı";"yerel";"3";"https://cbinsaat.com/hizmetler/kapi-pencere-dograma/dogansehir/";"giriş paragrafı";"İnce İnşaat"
"malatya doğanşehir mermer ve granit uygulamaları";"yerel";"3";"https://cbinsaat.com/hizmetler/mermer-granit/dogansehir/";"giriş paragrafı";"İnce İnşaat"
"malatya doğanşehir parke ve laminat döşeme";"yerel";"3";"https://cbinsaat.com/hizmetler/parke-laminat/dogansehir/";"giriş paragrafı";"İnce İnşaat"
"malatya doğanşehir seramik ve fayans döşeme";"yerel";"3";"https://cbinsaat.com/hizmetler/seramik-fayans/dogansehir/";"giriş paragrafı";"İnce İnşaat"
"malatya doğanyol alçıpan bölme ve asma tavan";"yerel";"3";"https://cbinsaat.com/hizmetler/alcipan-asma-tavan/doganyol/";"giriş paragrafı";"İnce İnşaat"
"malatya doğanyol boya, badana ve alçı";"yerel";"3";"https://cbinsaat.com/hizmetler/boya-badana/doganyol/";"giriş paragrafı";"İnce İnşaat"
"malatya doğanyol ince inşaat işleri";"yerel";"3";"https://cbinsaat.com/hizmetler/ince-insaat-isleri/doganyol/";"giriş paragrafı";"İnce İnşaat"
"malatya doğanyol kapı, pencere ve doğrama montajı";"yerel";"3";"https://cbinsaat.com/hizmetler/kapi-pencere-dograma/doganyol/";"giriş paragrafı";"İnce İnşaat"
"malatya doğanyol mermer ve granit uygulamaları";"yerel";"3";"https://cbinsaat.com/hizmetler/mermer-granit/doganyol/";"giriş paragrafı";"İnce İnşaat"
"malatya doğanyol parke ve laminat döşeme";"yerel";"3";"https://cbinsaat.com/hizmetler/parke-laminat/doganyol/";"giriş paragrafı";"İnce İnşaat"
"malatya doğanyol seramik ve fayans döşeme";"yerel";"3";"https://cbinsaat.com/hizmetler/seramik-fayans/doganyol/";"giriş paragrafı";"İnce İnşaat"
"malatya hekimhan alçıpan bölme ve asma tavan";"yerel";"3";"https://cbinsaat.com/hizmetler/alcipan-asma-tavan/hekimhan/";"giriş paragrafı";"İnce İnşaat"
"malatya hekimhan boya, badana ve alçı";"yerel";"3";"https://cbinsaat.com/hizmetler/boya-badana/hekimhan/";"giriş paragrafı";"İnce İnşaat"
"malatya hekimhan ince inşaat işleri";"yerel";"3";"https://cbinsaat.com/hizmetler/ince-insaat-isleri/hekimhan/";"giriş paragrafı";"İnce İnşaat"
"malatya hekimhan kapı, pencere ve doğrama montajı";"yerel";"3";"https://cbinsaat.com/hizmetler/kapi-pencere-dograma/hekimhan/";"giriş paragrafı";"İnce İnşaat"
"malatya hekimhan mermer ve granit uygulamaları";"yerel";"3";"https://cbinsaat.com/hizmetler/mermer-granit/hekimhan/";"giriş paragrafı";"İnce İnşaat"
"malatya hekimhan parke ve laminat döşeme";"yerel";"3";"https://cbinsaat.com/hizmetler/parke-laminat/hekimhan/";"giriş paragrafı";"İnce İnşaat"
"malatya hekimhan seramik ve fayans döşeme";"yerel";"3";"https://cbinsaat.com/hizmetler/seramik-fayans/hekimhan/";"giriş paragrafı";"İnce İnşaat"
"malatya kale alçıpan bölme ve asma tavan";"yerel";"3";"https://cbinsaat.com/hizmetler/alcipan-asma-tavan/kale/";"giriş paragrafı";"İnce İnşaat"
"malatya kale boya, badana ve alçı";"yerel";"3";"https://cbinsaat.com/hizmetler/boya-badana/kale/";"giriş paragrafı";"İnce İnşaat"
"malatya kale ince inşaat işleri";"yerel";"3";"https://cbinsaat.com/hizmetler/ince-insaat-isleri/kale/";"giriş paragrafı";"İnce İnşaat"
"malatya kale kapı, pencere ve doğrama montajı";"yerel";"3";"https://cbinsaat.com/hizmetler/kapi-pencere-dograma/kale/";"giriş paragrafı";"İnce İnşaat"
"malatya kale mermer ve granit uygulamaları";"yerel";"3";"https://cbinsaat.com/hizmetler/mermer-granit/kale/";"giriş paragrafı";"İnce İnşaat"
"malatya kale parke ve laminat döşeme";"yerel";"3";"https://cbinsaat.com/hizmetler/parke-laminat/kale/";"giriş paragrafı";"İnce İnşaat"
"malatya kale seramik ve fayans döşeme";"yerel";"3";"https://cbinsaat.com/hizmetler/seramik-fayans/kale/";"giriş paragrafı";"İnce İnşaat"
"malatya kuluncak alçıpan bölme ve asma tavan";"yerel";"3";"https://cbinsaat.com/hizmetler/alcipan-asma-tavan/kuluncak/";"giriş paragrafı";"İnce İnşaat"
"malatya kuluncak boya, badana ve alçı";"yerel";"3";"https://cbinsaat.com/hizmetler/boya-badana/kuluncak/";"giriş paragrafı";"İnce İnşaat"
"malatya kuluncak ince inşaat işleri";"yerel";"3";"https://cbinsaat.com/hizmetler/ince-insaat-isleri/kuluncak/";"giriş paragrafı";"İnce İnşaat"
"malatya kuluncak kapı, pencere ve doğrama montajı";"yerel";"3";"https://cbinsaat.com/hizmetler/kapi-pencere-dograma/kuluncak/";"giriş paragrafı";"İnce İnşaat"
"malatya kuluncak mermer ve granit uygulamaları";"yerel";"3";"https://cbinsaat.com/hizmetler/mermer-granit/kuluncak/";"giriş paragrafı";"İnce İnşaat"
"malatya kuluncak parke ve laminat döşeme";"yerel";"3";"https://cbinsaat.com/hizmetler/parke-laminat/kuluncak/";"giriş paragrafı";"İnce İnşaat"
"malatya kuluncak seramik ve fayans döşeme";"yerel";"3";"https://cbinsaat.com/hizmetler/seramik-fayans/kuluncak/";"giriş paragrafı";"İnce İnşaat"
"malatya pütürge alçıpan bölme ve asma tavan";"yerel";"3";"https://cbinsaat.com/hizmetler/alcipan-asma-tavan/puturge/";"giriş paragrafı";"İnce İnşaat"
"malatya pütürge boya, badana ve alçı";"yerel";"3";"https://cbinsaat.com/hizmetler/boya-badana/puturge/";"giriş paragrafı";"İnce İnşaat"
"malatya pütürge ince inşaat işleri";"yerel";"3";"https://cbinsaat.com/hizmetler/ince-insaat-isleri/puturge/";"giriş paragrafı";"İnce İnşaat"
"malatya pütürge kapı, pencere ve doğrama montajı";"yerel";"3";"https://cbinsaat.com/hizmetler/kapi-pencere-dograma/puturge/";"giriş paragrafı";"İnce İnşaat"
"malatya pütürge mermer ve granit uygulamaları";"yerel";"3";"https://cbinsaat.com/hizmetler/mermer-granit/puturge/";"giriş paragrafı";"İnce İnşaat"
"malatya pütürge parke ve laminat döşeme";"yerel";"3";"https://cbinsaat.com/hizmetler/parke-laminat/puturge/";"giriş paragrafı";"İnce İnşaat"
"malatya pütürge seramik ve fayans döşeme";"yerel";"3";"https://cbinsaat.com/hizmetler/seramik-fayans/puturge/";"giriş paragrafı";"İnce İnşaat"
"malatya yazıhan alçıpan bölme ve asma tavan";"yerel";"3";"https://cbinsaat.com/hizmetler/alcipan-asma-tavan/yazihan/";"giriş paragrafı";"İnce İnşaat"
"malatya yazıhan boya, badana ve alçı";"yerel";"3";"https://cbinsaat.com/hizmetler/boya-badana/yazihan/";"giriş paragrafı";"İnce İnşaat"
"malatya yazıhan ince inşaat işleri";"yerel";"3";"https://cbinsaat.com/hizmetler/ince-insaat-isleri/yazihan/";"giriş paragrafı";"İnce İnşaat"
"malatya yazıhan kapı, pencere ve doğrama montajı";"yerel";"3";"https://cbinsaat.com/hizmetler/kapi-pencere-dograma/yazihan/";"giriş paragrafı";"İnce İnşaat"
"malatya yazıhan mermer ve granit uygulamaları";"yerel";"3";"https://cbinsaat.com/hizmetler/mermer-granit/yazihan/";"giriş paragrafı";"İnce İnşaat"
"malatya yazıhan parke ve laminat döşeme";"yerel";"3";"https://cbinsaat.com/hizmetler/parke-laminat/yazihan/";"giriş paragrafı";"İnce İnşaat"
"malatya yazıhan seramik ve fayans döşeme";"yerel";"3";"https://cbinsaat.com/hizmetler/seramik-fayans/yazihan/";"giriş paragrafı";"İnce İnşaat"
"malatya yeşilyurt alçıpan bölme ve asma tavan";"yerel";"3";"https://cbinsaat.com/hizmetler/alcipan-asma-tavan/yesilyurt/";"giriş paragrafı";"İnce İnşaat"
"malatya yeşilyurt boya, badana ve alçı";"yerel";"3";"https://cbinsaat.com/hizmetler/boya-badana/yesilyurt/";"giriş paragrafı";"İnce İnşaat"
"malatya yeşilyurt ince inşaat işleri";"yerel";"3";"https://cbinsaat.com/hizmetler/ince-insaat-isleri/yesilyurt/";"giriş paragrafı";"İnce İnşaat"
"malatya yeşilyurt kapı, pencere ve doğrama montajı";"yerel";"3";"https://cbinsaat.com/hizmetler/kapi-pencere-dograma/yesilyurt/";"giriş paragrafı";"İnce İnşaat"
"malatya yeşilyurt mermer ve granit uygulamaları";"yerel";"3";"https://cbinsaat.com/hizmetler/mermer-granit/yesilyurt/";"giriş paragrafı";"İnce İnşaat"
"malatya yeşilyurt parke ve laminat döşeme";"yerel";"3";"https://cbinsaat.com/hizmetler/parke-laminat/yesilyurt/";"giriş paragrafı";"İnce İnşaat"
"malatya yeşilyurt seramik ve fayans döşeme";"yerel";"3";"https://cbinsaat.com/hizmetler/seramik-fayans/yesilyurt/";"giriş paragrafı";"İnce İnşaat"
"malzemeyi ben alabilir miyim?";"bilgi";"3";"https://cbinsaat.com/hizmetler/ince-insaat-isleri/";"SSS bölümü";"İnce İnşaat"
"merdiven basamağı için hangi yüzey uygun?";"bilgi";"3";"https://cbinsaat.com/hizmetler/mermer-granit/";"SSS bölümü";"İnce İnşaat"
"mermer tezgâh lekelenir mi?";"bilgi";"3";"https://cbinsaat.com/hizmetler/mermer-granit/";"SSS bölümü";"İnce İnşaat"
"parkeyi ben alabilir miyim?";"bilgi";"3";"https://cbinsaat.com/hizmetler/parke-laminat/";"SSS bölümü";"İnce İnşaat"
"pencere değişimi ne kadar sürer?";"bilgi";"3";"https://cbinsaat.com/hizmetler/kapi-pencere-dograma/";"SSS bölümü";"İnce İnşaat"
"sadece boya yaptırabilir miyim?";"bilgi";"3";"https://cbinsaat.com/hizmetler/ince-insaat-isleri/";"SSS bölümü";"İnce İnşaat"
"seramiği ben alabilir miyim?";"bilgi";"3";"https://cbinsaat.com/hizmetler/seramik-fayans/";"SSS bölümü";"İnce İnşaat"
"tezgâh ne zaman ölçülür?";"bilgi";"3";"https://cbinsaat.com/hizmetler/mermer-granit/";"SSS bölümü";"İnce İnşaat"
"apartmanda saat kısıtı var, uyar mısınız?";"bilgi";"3";"https://cbinsaat.com/hizmetler/duvar-orme/";"SSS bölümü";"Kaba İnşaat"
"balkon eğimini de yapıyor musunuz?";"bilgi";"3";"https://cbinsaat.com/hizmetler/sap-zemin-hazirligi/";"SSS bölümü";"Kaba İnşaat"
"kırım sonrası sıva ve boya dahil mi?";"bilgi";"3";"https://cbinsaat.com/hizmetler/duvar-orme/";"SSS bölümü";"Kaba İnşaat"
"kışın çalışıyor musunuz?";"bilgi";"3";"https://cbinsaat.com/hizmetler/kaba-insaat/";"SSS bölümü";"Kaba İnşaat"
"malatya akçadağ duvar örme ve kırım işleri";"yerel";"3";"https://cbinsaat.com/hizmetler/duvar-orme/akcadag/";"giriş paragrafı";"Kaba İnşaat"
"malatya akçadağ kaba inşaat işleri";"yerel";"3";"https://cbinsaat.com/hizmetler/kaba-insaat/akcadag/";"giriş paragrafı";"Kaba İnşaat"
"malatya akçadağ şap ve zemin hazırlığı";"yerel";"3";"https://cbinsaat.com/hizmetler/sap-zemin-hazirligi/akcadag/";"giriş paragrafı";"Kaba İnşaat"
"malatya arapgir duvar örme ve kırım işleri";"yerel";"3";"https://cbinsaat.com/hizmetler/duvar-orme/arapgir/";"giriş paragrafı";"Kaba İnşaat"
"malatya arapgir kaba inşaat işleri";"yerel";"3";"https://cbinsaat.com/hizmetler/kaba-insaat/arapgir/";"giriş paragrafı";"Kaba İnşaat"
"malatya arapgir şap ve zemin hazırlığı";"yerel";"3";"https://cbinsaat.com/hizmetler/sap-zemin-hazirligi/arapgir/";"giriş paragrafı";"Kaba İnşaat"
"malatya arguvan duvar örme ve kırım işleri";"yerel";"3";"https://cbinsaat.com/hizmetler/duvar-orme/arguvan/";"giriş paragrafı";"Kaba İnşaat"
"malatya arguvan kaba inşaat işleri";"yerel";"3";"https://cbinsaat.com/hizmetler/kaba-insaat/arguvan/";"giriş paragrafı";"Kaba İnşaat"
"malatya arguvan şap ve zemin hazırlığı";"yerel";"3";"https://cbinsaat.com/hizmetler/sap-zemin-hazirligi/arguvan/";"giriş paragrafı";"Kaba İnşaat"
"malatya battalgazi duvar örme ve kırım işleri";"yerel";"3";"https://cbinsaat.com/hizmetler/duvar-orme/battalgazi/";"giriş paragrafı";"Kaba İnşaat"
"malatya battalgazi kaba inşaat işleri";"yerel";"3";"https://cbinsaat.com/hizmetler/kaba-insaat/battalgazi/";"giriş paragrafı";"Kaba İnşaat"
"malatya battalgazi şap ve zemin hazırlığı";"yerel";"3";"https://cbinsaat.com/hizmetler/sap-zemin-hazirligi/battalgazi/";"giriş paragrafı";"Kaba İnşaat"
"malatya darende duvar örme ve kırım işleri";"yerel";"3";"https://cbinsaat.com/hizmetler/duvar-orme/darende/";"giriş paragrafı";"Kaba İnşaat"
"malatya darende kaba inşaat işleri";"yerel";"3";"https://cbinsaat.com/hizmetler/kaba-insaat/darende/";"giriş paragrafı";"Kaba İnşaat"
"malatya darende şap ve zemin hazırlığı";"yerel";"3";"https://cbinsaat.com/hizmetler/sap-zemin-hazirligi/darende/";"giriş paragrafı";"Kaba İnşaat"
"malatya doğanşehir duvar örme ve kırım işleri";"yerel";"3";"https://cbinsaat.com/hizmetler/duvar-orme/dogansehir/";"giriş paragrafı";"Kaba İnşaat"
"malatya doğanşehir kaba inşaat işleri";"yerel";"3";"https://cbinsaat.com/hizmetler/kaba-insaat/dogansehir/";"giriş paragrafı";"Kaba İnşaat"
"malatya doğanşehir şap ve zemin hazırlığı";"yerel";"3";"https://cbinsaat.com/hizmetler/sap-zemin-hazirligi/dogansehir/";"giriş paragrafı";"Kaba İnşaat"
"malatya doğanyol duvar örme ve kırım işleri";"yerel";"3";"https://cbinsaat.com/hizmetler/duvar-orme/doganyol/";"giriş paragrafı";"Kaba İnşaat"
"malatya doğanyol kaba inşaat işleri";"yerel";"3";"https://cbinsaat.com/hizmetler/kaba-insaat/doganyol/";"giriş paragrafı";"Kaba İnşaat"
"malatya doğanyol şap ve zemin hazırlığı";"yerel";"3";"https://cbinsaat.com/hizmetler/sap-zemin-hazirligi/doganyol/";"giriş paragrafı";"Kaba İnşaat"
"malatya hekimhan duvar örme ve kırım işleri";"yerel";"3";"https://cbinsaat.com/hizmetler/duvar-orme/hekimhan/";"giriş paragrafı";"Kaba İnşaat"
"malatya hekimhan kaba inşaat işleri";"yerel";"3";"https://cbinsaat.com/hizmetler/kaba-insaat/hekimhan/";"giriş paragrafı";"Kaba İnşaat"
"malatya hekimhan şap ve zemin hazırlığı";"yerel";"3";"https://cbinsaat.com/hizmetler/sap-zemin-hazirligi/hekimhan/";"giriş paragrafı";"Kaba İnşaat"
"malatya kale duvar örme ve kırım işleri";"yerel";"3";"https://cbinsaat.com/hizmetler/duvar-orme/kale/";"giriş paragrafı";"Kaba İnşaat"
"malatya kale kaba inşaat işleri";"yerel";"3";"https://cbinsaat.com/hizmetler/kaba-insaat/kale/";"giriş paragrafı";"Kaba İnşaat"
"malatya kale şap ve zemin hazırlığı";"yerel";"3";"https://cbinsaat.com/hizmetler/sap-zemin-hazirligi/kale/";"giriş paragrafı";"Kaba İnşaat"
"malatya kuluncak duvar örme ve kırım işleri";"yerel";"3";"https://cbinsaat.com/hizmetler/duvar-orme/kuluncak/";"giriş paragrafı";"Kaba İnşaat"
"malatya kuluncak kaba inşaat işleri";"yerel";"3";"https://cbinsaat.com/hizmetler/kaba-insaat/kuluncak/";"giriş paragrafı";"Kaba İnşaat"
"malatya kuluncak şap ve zemin hazırlığı";"yerel";"3";"https://cbinsaat.com/hizmetler/sap-zemin-hazirligi/kuluncak/";"giriş paragrafı";"Kaba İnşaat"
"malatya pütürge duvar örme ve kırım işleri";"yerel";"3";"https://cbinsaat.com/hizmetler/duvar-orme/puturge/";"giriş paragrafı";"Kaba İnşaat"
"malatya pütürge kaba inşaat işleri";"yerel";"3";"https://cbinsaat.com/hizmetler/kaba-insaat/puturge/";"giriş paragrafı";"Kaba İnşaat"
"malatya pütürge şap ve zemin hazırlığı";"yerel";"3";"https://cbinsaat.com/hizmetler/sap-zemin-hazirligi/puturge/";"giriş paragrafı";"Kaba İnşaat"
"malatya yazıhan duvar örme ve kırım işleri";"yerel";"3";"https://cbinsaat.com/hizmetler/duvar-orme/yazihan/";"giriş paragrafı";"Kaba İnşaat"
"malatya yazıhan kaba inşaat işleri";"yerel";"3";"https://cbinsaat.com/hizmetler/kaba-insaat/yazihan/";"giriş paragrafı";"Kaba İnşaat"
"malatya yazıhan şap ve zemin hazırlığı";"yerel";"3";"https://cbinsaat.com/hizmetler/sap-zemin-hazirligi/yazihan/";"giriş paragrafı";"Kaba İnşaat"
"malatya yeşilyurt duvar örme ve kırım işleri";"yerel";"3";"https://cbinsaat.com/hizmetler/duvar-orme/yesilyurt/";"giriş paragrafı";"Kaba İnşaat"
"malatya yeşilyurt kaba inşaat işleri";"yerel";"3";"https://cbinsaat.com/hizmetler/kaba-insaat/yesilyurt/";"giriş paragrafı";"Kaba İnşaat"
"malatya yeşilyurt şap ve zemin hazırlığı";"yerel";"3";"https://cbinsaat.com/hizmetler/sap-zemin-hazirligi/yesilyurt/";"giriş paragrafı";"Kaba İnşaat"
"salondaki duvarı kaldırabilir miyiz?";"bilgi";"3";"https://cbinsaat.com/hizmetler/duvar-orme/";"SSS bölümü";"Kaba İnşaat"
"şap kaç günde kurur?";"bilgi";"3";"https://cbinsaat.com/hizmetler/sap-zemin-hazirligi/";"SSS bölümü";"Kaba İnşaat"
"yerden ısıtma şapı farklı mı?";"bilgi";"3";"https://cbinsaat.com/hizmetler/sap-zemin-hazirligi/";"SSS bölümü";"Kaba İnşaat"
"zemin etüdünü siz mi yaptırıyorsunuz?";"bilgi";"3";"https://cbinsaat.com/hizmetler/kaba-insaat/";"SSS bölümü";"Kaba İnşaat"
"akçadağ merkez banyo tadilatı";"yerel";"3";"https://cbinsaat.com/bolgeler/akcadag/akcadag-merkez/";"mahalle sayfası gövde metni";"Mahalle"
"akçadağ merkez boya badana";"yerel";"3";"https://cbinsaat.com/bolgeler/akcadag/akcadag-merkez/";"mahalle sayfası gövde metni";"Mahalle"
"akçadağ merkez daire tadilatı";"yerel";"3";"https://cbinsaat.com/bolgeler/akcadag/akcadag-merkez/";"mahalle sayfası gövde metni";"Mahalle"
"akçadağ merkez elektrikçi";"yerel";"3";"https://cbinsaat.com/bolgeler/akcadag/akcadag-merkez/";"mahalle sayfası gövde metni";"Mahalle"
"akçadağ merkez ev tadilatı";"yerel";"3";"https://cbinsaat.com/bolgeler/akcadag/akcadag-merkez/";"mahalle sayfası gövde metni";"Mahalle"
"akçadağ merkez mahallesi tadilat";"yerel";"3";"https://cbinsaat.com/bolgeler/akcadag/akcadag-merkez/";"mahalle sayfası";"Mahalle"
"akçadağ merkez mutfak tadilatı";"yerel";"3";"https://cbinsaat.com/bolgeler/akcadag/akcadag-merkez/";"mahalle sayfası gövde metni";"Mahalle"
"akçadağ merkez su tesisatçısı";"yerel";"3";"https://cbinsaat.com/bolgeler/akcadag/akcadag-merkez/";"mahalle sayfası gövde metni";"Mahalle"
"akçadağ merkez tadilat";"yerel";"3";"https://cbinsaat.com/bolgeler/akcadag/akcadag-merkez/";"mahalle sayfası gövde metni";"Mahalle"
"akçadağ merkez tesisatçı";"yerel";"3";"https://cbinsaat.com/bolgeler/akcadag/akcadag-merkez/";"mahalle sayfası gövde metni";"Mahalle"
"akçadağ merkez usta";"yerel";"3";"https://cbinsaat.com/bolgeler/akcadag/akcadag-merkez/";"mahalle sayfası gövde metni";"Mahalle"
"akpınar banyo tadilatı";"yerel";"3";"https://cbinsaat.com/bolgeler/battalgazi/akpinar/";"mahalle sayfası gövde metni";"Mahalle"
"akpınar boya badana";"yerel";"3";"https://cbinsaat.com/bolgeler/battalgazi/akpinar/";"mahalle sayfası gövde metni";"Mahalle"
"akpınar daire tadilatı";"yerel";"3";"https://cbinsaat.com/bolgeler/battalgazi/akpinar/";"mahalle sayfası gövde metni";"Mahalle"
"akpınar elektrikçi";"yerel";"3";"https://cbinsaat.com/bolgeler/battalgazi/akpinar/";"mahalle sayfası gövde metni";"Mahalle"
"akpınar ev tadilatı";"yerel";"3";"https://cbinsaat.com/bolgeler/battalgazi/akpinar/";"mahalle sayfası gövde metni";"Mahalle"
"akpınar mahallesi tadilat";"yerel";"3";"https://cbinsaat.com/bolgeler/battalgazi/akpinar/";"mahalle sayfası";"Mahalle"
"akpınar mutfak tadilatı";"yerel";"3";"https://cbinsaat.com/bolgeler/battalgazi/akpinar/";"mahalle sayfası gövde metni";"Mahalle"
"akpınar su tesisatçısı";"yerel";"3";"https://cbinsaat.com/bolgeler/battalgazi/akpinar/";"mahalle sayfası gövde metni";"Mahalle"
"akpınar tadilat";"yerel";"3";"https://cbinsaat.com/bolgeler/battalgazi/akpinar/";"mahalle sayfası gövde metni";"Mahalle"
"akpınar tesisatçı";"yerel";"3";"https://cbinsaat.com/bolgeler/battalgazi/akpinar/";"mahalle sayfası gövde metni";"Mahalle"
"akpınar usta";"yerel";"3";"https://cbinsaat.com/bolgeler/battalgazi/akpinar/";"mahalle sayfası gövde metni";"Mahalle"
"alhasuşağı banyo tadilatı";"yerel";"3";"https://cbinsaat.com/bolgeler/kuluncak/alhasusagi/";"mahalle sayfası gövde metni";"Mahalle"
"alhasuşağı boya badana";"yerel";"3";"https://cbinsaat.com/bolgeler/kuluncak/alhasusagi/";"mahalle sayfası gövde metni";"Mahalle"
"alhasuşağı daire tadilatı";"yerel";"3";"https://cbinsaat.com/bolgeler/kuluncak/alhasusagi/";"mahalle sayfası gövde metni";"Mahalle"
"alhasuşağı elektrikçi";"yerel";"3";"https://cbinsaat.com/bolgeler/kuluncak/alhasusagi/";"mahalle sayfası gövde metni";"Mahalle"
"alhasuşağı ev tadilatı";"yerel";"3";"https://cbinsaat.com/bolgeler/kuluncak/alhasusagi/";"mahalle sayfası gövde metni";"Mahalle"
"alhasuşağı mahallesi tadilat";"yerel";"3";"https://cbinsaat.com/bolgeler/kuluncak/alhasusagi/";"mahalle sayfası";"Mahalle"
"alhasuşağı mutfak tadilatı";"yerel";"3";"https://cbinsaat.com/bolgeler/kuluncak/alhasusagi/";"mahalle sayfası gövde metni";"Mahalle"
"alhasuşağı su tesisatçısı";"yerel";"3";"https://cbinsaat.com/bolgeler/kuluncak/alhasusagi/";"mahalle sayfası gövde metni";"Mahalle"
"alhasuşağı tadilat";"yerel";"3";"https://cbinsaat.com/bolgeler/kuluncak/alhasusagi/";"mahalle sayfası gövde metni";"Mahalle"
"alhasuşağı tesisatçı";"yerel";"3";"https://cbinsaat.com/bolgeler/kuluncak/alhasusagi/";"mahalle sayfası gövde metni";"Mahalle"
"alhasuşağı usta";"yerel";"3";"https://cbinsaat.com/bolgeler/kuluncak/alhasusagi/";"mahalle sayfası gövde metni";"Mahalle"
"arapgir merkez banyo tadilatı";"yerel";"3";"https://cbinsaat.com/bolgeler/arapgir/arapgir-merkez/";"mahalle sayfası gövde metni";"Mahalle"
"arapgir merkez boya badana";"yerel";"3";"https://cbinsaat.com/bolgeler/arapgir/arapgir-merkez/";"mahalle sayfası gövde metni";"Mahalle"
"arapgir merkez daire tadilatı";"yerel";"3";"https://cbinsaat.com/bolgeler/arapgir/arapgir-merkez/";"mahalle sayfası gövde metni";"Mahalle"
"arapgir merkez elektrikçi";"yerel";"3";"https://cbinsaat.com/bolgeler/arapgir/arapgir-merkez/";"mahalle sayfası gövde metni";"Mahalle"
"arapgir merkez ev tadilatı";"yerel";"3";"https://cbinsaat.com/bolgeler/arapgir/arapgir-merkez/";"mahalle sayfası gövde metni";"Mahalle"
"arapgir merkez mahallesi tadilat";"yerel";"3";"https://cbinsaat.com/bolgeler/arapgir/arapgir-merkez/";"mahalle sayfası";"Mahalle"
"arapgir merkez mutfak tadilatı";"yerel";"3";"https://cbinsaat.com/bolgeler/arapgir/arapgir-merkez/";"mahalle sayfası gövde metni";"Mahalle"
"arapgir merkez su tesisatçısı";"yerel";"3";"https://cbinsaat.com/bolgeler/arapgir/arapgir-merkez/";"mahalle sayfası gövde metni";"Mahalle"
"arapgir merkez tadilat";"yerel";"3";"https://cbinsaat.com/bolgeler/arapgir/arapgir-merkez/";"mahalle sayfası gövde metni";"Mahalle"
"arapgir merkez tesisatçı";"yerel";"3";"https://cbinsaat.com/bolgeler/arapgir/arapgir-merkez/";"mahalle sayfası gövde metni";"Mahalle"
"arapgir merkez usta";"yerel";"3";"https://cbinsaat.com/bolgeler/arapgir/arapgir-merkez/";"mahalle sayfası gövde metni";"Mahalle"
"arguvan merkez banyo tadilatı";"yerel";"3";"https://cbinsaat.com/bolgeler/arguvan/arguvan-merkez/";"mahalle sayfası gövde metni";"Mahalle"
"arguvan merkez boya badana";"yerel";"3";"https://cbinsaat.com/bolgeler/arguvan/arguvan-merkez/";"mahalle sayfası gövde metni";"Mahalle"
"arguvan merkez daire tadilatı";"yerel";"3";"https://cbinsaat.com/bolgeler/arguvan/arguvan-merkez/";"mahalle sayfası gövde metni";"Mahalle"
"arguvan merkez elektrikçi";"yerel";"3";"https://cbinsaat.com/bolgeler/arguvan/arguvan-merkez/";"mahalle sayfası gövde metni";"Mahalle"
"arguvan merkez ev tadilatı";"yerel";"3";"https://cbinsaat.com/bolgeler/arguvan/arguvan-merkez/";"mahalle sayfası gövde metni";"Mahalle"
"arguvan merkez mahallesi tadilat";"yerel";"3";"https://cbinsaat.com/bolgeler/arguvan/arguvan-merkez/";"mahalle sayfası";"Mahalle"
"arguvan merkez mutfak tadilatı";"yerel";"3";"https://cbinsaat.com/bolgeler/arguvan/arguvan-merkez/";"mahalle sayfası gövde metni";"Mahalle"
"arguvan merkez su tesisatçısı";"yerel";"3";"https://cbinsaat.com/bolgeler/arguvan/arguvan-merkez/";"mahalle sayfası gövde metni";"Mahalle"
"arguvan merkez tadilat";"yerel";"3";"https://cbinsaat.com/bolgeler/arguvan/arguvan-merkez/";"mahalle sayfası gövde metni";"Mahalle"
"arguvan merkez tesisatçı";"yerel";"3";"https://cbinsaat.com/bolgeler/arguvan/arguvan-merkez/";"mahalle sayfası gövde metni";"Mahalle"
"arguvan merkez usta";"yerel";"3";"https://cbinsaat.com/bolgeler/arguvan/arguvan-merkez/";"mahalle sayfası gövde metni";"Mahalle"
"aslanbey banyo tadilatı";"yerel";"3";"https://cbinsaat.com/bolgeler/yesilyurt/aslanbey/";"mahalle sayfası gövde metni";"Mahalle"
"aslanbey boya badana";"yerel";"3";"https://cbinsaat.com/bolgeler/yesilyurt/aslanbey/";"mahalle sayfası gövde metni";"Mahalle"
"aslanbey daire tadilatı";"yerel";"3";"https://cbinsaat.com/bolgeler/yesilyurt/aslanbey/";"mahalle sayfası gövde metni";"Mahalle"
"aslanbey elektrikçi";"yerel";"3";"https://cbinsaat.com/bolgeler/yesilyurt/aslanbey/";"mahalle sayfası gövde metni";"Mahalle"
"aslanbey ev tadilatı";"yerel";"3";"https://cbinsaat.com/bolgeler/yesilyurt/aslanbey/";"mahalle sayfası gövde metni";"Mahalle"
"aslanbey mahallesi tadilat";"yerel";"3";"https://cbinsaat.com/bolgeler/yesilyurt/aslanbey/";"mahalle sayfası";"Mahalle"
"aslanbey mutfak tadilatı";"yerel";"3";"https://cbinsaat.com/bolgeler/yesilyurt/aslanbey/";"mahalle sayfası gövde metni";"Mahalle"
"aslanbey su tesisatçısı";"yerel";"3";"https://cbinsaat.com/bolgeler/yesilyurt/aslanbey/";"mahalle sayfası gövde metni";"Mahalle"
"aslanbey tadilat";"yerel";"3";"https://cbinsaat.com/bolgeler/yesilyurt/aslanbey/";"mahalle sayfası gövde metni";"Mahalle"
"aslanbey tesisatçı";"yerel";"3";"https://cbinsaat.com/bolgeler/yesilyurt/aslanbey/";"mahalle sayfası gövde metni";"Mahalle"
"aslanbey usta";"yerel";"3";"https://cbinsaat.com/bolgeler/yesilyurt/aslanbey/";"mahalle sayfası gövde metni";"Mahalle"
"aşağıulupınar banyo tadilatı";"yerel";"3";"https://cbinsaat.com/bolgeler/darende/asagiulupinar/";"mahalle sayfası gövde metni";"Mahalle"
"aşağıulupınar boya badana";"yerel";"3";"https://cbinsaat.com/bolgeler/darende/asagiulupinar/";"mahalle sayfası gövde metni";"Mahalle"
"aşağıulupınar daire tadilatı";"yerel";"3";"https://cbinsaat.com/bolgeler/darende/asagiulupinar/";"mahalle sayfası gövde metni";"Mahalle"
"aşağıulupınar elektrikçi";"yerel";"3";"https://cbinsaat.com/bolgeler/darende/asagiulupinar/";"mahalle sayfası gövde metni";"Mahalle"
"aşağıulupınar ev tadilatı";"yerel";"3";"https://cbinsaat.com/bolgeler/darende/asagiulupinar/";"mahalle sayfası gövde metni";"Mahalle"
"aşağıulupınar mahallesi tadilat";"yerel";"3";"https://cbinsaat.com/bolgeler/darende/asagiulupinar/";"mahalle sayfası";"Mahalle"
"aşağıulupınar mutfak tadilatı";"yerel";"3";"https://cbinsaat.com/bolgeler/darende/asagiulupinar/";"mahalle sayfası gövde metni";"Mahalle"
"aşağıulupınar su tesisatçısı";"yerel";"3";"https://cbinsaat.com/bolgeler/darende/asagiulupinar/";"mahalle sayfası gövde metni";"Mahalle"
"aşağıulupınar tadilat";"yerel";"3";"https://cbinsaat.com/bolgeler/darende/asagiulupinar/";"mahalle sayfası gövde metni";"Mahalle"
"aşağıulupınar tesisatçı";"yerel";"3";"https://cbinsaat.com/bolgeler/darende/asagiulupinar/";"mahalle sayfası gövde metni";"Mahalle"
"aşağıulupınar usta";"yerel";"3";"https://cbinsaat.com/bolgeler/darende/asagiulupinar/";"mahalle sayfası gövde metni";"Mahalle"
"ayvalı banyo tadilatı";"yerel";"3";"https://cbinsaat.com/bolgeler/darende/ayvali/";"mahalle sayfası gövde metni";"Mahalle"
"ayvalı boya badana";"yerel";"3";"https://cbinsaat.com/bolgeler/darende/ayvali/";"mahalle sayfası gövde metni";"Mahalle"
"ayvalı daire tadilatı";"yerel";"3";"https://cbinsaat.com/bolgeler/darende/ayvali/";"mahalle sayfası gövde metni";"Mahalle"
"ayvalı elektrikçi";"yerel";"3";"https://cbinsaat.com/bolgeler/darende/ayvali/";"mahalle sayfası gövde metni";"Mahalle"
"ayvalı ev tadilatı";"yerel";"3";"https://cbinsaat.com/bolgeler/darende/ayvali/";"mahalle sayfası gövde metni";"Mahalle"
"ayvalı mahallesi tadilat";"yerel";"3";"https://cbinsaat.com/bolgeler/darende/ayvali/";"mahalle sayfası";"Mahalle"
"ayvalı mutfak tadilatı";"yerel";"3";"https://cbinsaat.com/bolgeler/darende/ayvali/";"mahalle sayfası gövde metni";"Mahalle"
"ayvalı su tesisatçısı";"yerel";"3";"https://cbinsaat.com/bolgeler/darende/ayvali/";"mahalle sayfası gövde metni";"Mahalle"
"ayvalı tadilat";"yerel";"3";"https://cbinsaat.com/bolgeler/darende/ayvali/";"mahalle sayfası gövde metni";"Mahalle"
"ayvalı tesisatçı";"yerel";"3";"https://cbinsaat.com/bolgeler/darende/ayvali/";"mahalle sayfası gövde metni";"Mahalle"
"ayvalı usta";"yerel";"3";"https://cbinsaat.com/bolgeler/darende/ayvali/";"mahalle sayfası gövde metni";"Mahalle"
"bahçebaşı banyo tadilatı";"yerel";"3";"https://cbinsaat.com/bolgeler/yesilyurt/bahcebasi/";"mahalle sayfası gövde metni";"Mahalle"
"bahçebaşı boya badana";"yerel";"3";"https://cbinsaat.com/bolgeler/yesilyurt/bahcebasi/";"mahalle sayfası gövde metni";"Mahalle"
"bahçebaşı daire tadilatı";"yerel";"3";"https://cbinsaat.com/bolgeler/yesilyurt/bahcebasi/";"mahalle sayfası gövde metni";"Mahalle"
"bahçebaşı elektrikçi";"yerel";"3";"https://cbinsaat.com/bolgeler/yesilyurt/bahcebasi/";"mahalle sayfası gövde metni";"Mahalle"
"bahçebaşı ev tadilatı";"yerel";"3";"https://cbinsaat.com/bolgeler/yesilyurt/bahcebasi/";"mahalle sayfası gövde metni";"Mahalle"
"bahçebaşı mahallesi tadilat";"yerel";"3";"https://cbinsaat.com/bolgeler/yesilyurt/bahcebasi/";"mahalle sayfası";"Mahalle"
"bahçebaşı mutfak tadilatı";"yerel";"3";"https://cbinsaat.com/bolgeler/yesilyurt/bahcebasi/";"mahalle sayfası gövde metni";"Mahalle"
"bahçebaşı su tesisatçısı";"yerel";"3";"https://cbinsaat.com/bolgeler/yesilyurt/bahcebasi/";"mahalle sayfası gövde metni";"Mahalle"
"bahçebaşı tadilat";"yerel";"3";"https://cbinsaat.com/bolgeler/yesilyurt/bahcebasi/";"mahalle sayfası gövde metni";"Mahalle"
"bahçebaşı tesisatçı";"yerel";"3";"https://cbinsaat.com/bolgeler/yesilyurt/bahcebasi/";"mahalle sayfası gövde metni";"Mahalle"
"bahçebaşı usta";"yerel";"3";"https://cbinsaat.com/bolgeler/yesilyurt/bahcebasi/";"mahalle sayfası gövde metni";"Mahalle"
"balaban banyo tadilatı";"yerel";"3";"https://cbinsaat.com/bolgeler/darende/balaban/";"mahalle sayfası gövde metni";"Mahalle"
"balaban boya badana";"yerel";"3";"https://cbinsaat.com/bolgeler/darende/balaban/";"mahalle sayfası gövde metni";"Mahalle"
"balaban daire tadilatı";"yerel";"3";"https://cbinsaat.com/bolgeler/darende/balaban/";"mahalle sayfası gövde metni";"Mahalle"
"balaban elektrikçi";"yerel";"3";"https://cbinsaat.com/bolgeler/darende/balaban/";"mahalle sayfası gövde metni";"Mahalle"
"balaban ev tadilatı";"yerel";"3";"https://cbinsaat.com/bolgeler/darende/balaban/";"mahalle sayfası gövde metni";"Mahalle"
"balaban mahallesi tadilat";"yerel";"3";"https://cbinsaat.com/bolgeler/darende/balaban/";"mahalle sayfası";"Mahalle"
"balaban mutfak tadilatı";"yerel";"3";"https://cbinsaat.com/bolgeler/darende/balaban/";"mahalle sayfası gövde metni";"Mahalle"
"balaban su tesisatçısı";"yerel";"3";"https://cbinsaat.com/bolgeler/darende/balaban/";"mahalle sayfası gövde metni";"Mahalle"
"balaban tadilat";"yerel";"3";"https://cbinsaat.com/bolgeler/darende/balaban/";"mahalle sayfası gövde metni";"Mahalle"
"balaban tesisatçı";"yerel";"3";"https://cbinsaat.com/bolgeler/darende/balaban/";"mahalle sayfası gövde metni";"Mahalle"
"balaban usta";"yerel";"3";"https://cbinsaat.com/bolgeler/darende/balaban/";"mahalle sayfası gövde metni";"Mahalle"
"ballıkaya banyo tadilatı";"yerel";"3";"https://cbinsaat.com/bolgeler/doganyol/ballikaya/";"mahalle sayfası gövde metni";"Mahalle"
"ballıkaya boya badana";"yerel";"3";"https://cbinsaat.com/bolgeler/doganyol/ballikaya/";"mahalle sayfası gövde metni";"Mahalle"
"ballıkaya daire tadilatı";"yerel";"3";"https://cbinsaat.com/bolgeler/doganyol/ballikaya/";"mahalle sayfası gövde metni";"Mahalle"
"ballıkaya elektrikçi";"yerel";"3";"https://cbinsaat.com/bolgeler/doganyol/ballikaya/";"mahalle sayfası gövde metni";"Mahalle"
"ballıkaya ev tadilatı";"yerel";"3";"https://cbinsaat.com/bolgeler/doganyol/ballikaya/";"mahalle sayfası gövde metni";"Mahalle"
"ballıkaya mahallesi tadilat";"yerel";"3";"https://cbinsaat.com/bolgeler/doganyol/ballikaya/";"mahalle sayfası";"Mahalle"
"ballıkaya mutfak tadilatı";"yerel";"3";"https://cbinsaat.com/bolgeler/doganyol/ballikaya/";"mahalle sayfası gövde metni";"Mahalle"
"ballıkaya su tesisatçısı";"yerel";"3";"https://cbinsaat.com/bolgeler/doganyol/ballikaya/";"mahalle sayfası gövde metni";"Mahalle"
"ballıkaya tadilat";"yerel";"3";"https://cbinsaat.com/bolgeler/doganyol/ballikaya/";"mahalle sayfası gövde metni";"Mahalle"
"ballıkaya tesisatçı";"yerel";"3";"https://cbinsaat.com/bolgeler/doganyol/ballikaya/";"mahalle sayfası gövde metni";"Mahalle"
"ballıkaya usta";"yerel";"3";"https://cbinsaat.com/bolgeler/doganyol/ballikaya/";"mahalle sayfası gövde metni";"Mahalle"
"basak banyo tadilatı";"yerel";"3";"https://cbinsaat.com/bolgeler/hekimhan/basak/";"mahalle sayfası gövde metni";"Mahalle"
"basak boya badana";"yerel";"3";"https://cbinsaat.com/bolgeler/hekimhan/basak/";"mahalle sayfası gövde metni";"Mahalle"
"basak daire tadilatı";"yerel";"3";"https://cbinsaat.com/bolgeler/hekimhan/basak/";"mahalle sayfası gövde metni";"Mahalle"
"basak elektrikçi";"yerel";"3";"https://cbinsaat.com/bolgeler/hekimhan/basak/";"mahalle sayfası gövde metni";"Mahalle"
"basak ev tadilatı";"yerel";"3";"https://cbinsaat.com/bolgeler/hekimhan/basak/";"mahalle sayfası gövde metni";"Mahalle"
"basak mahallesi tadilat";"yerel";"3";"https://cbinsaat.com/bolgeler/hekimhan/basak/";"mahalle sayfası";"Mahalle"
"basak mutfak tadilatı";"yerel";"3";"https://cbinsaat.com/bolgeler/hekimhan/basak/";"mahalle sayfası gövde metni";"Mahalle"
"basak su tesisatçısı";"yerel";"3";"https://cbinsaat.com/bolgeler/hekimhan/basak/";"mahalle sayfası gövde metni";"Mahalle"
"basak tadilat";"yerel";"3";"https://cbinsaat.com/bolgeler/hekimhan/basak/";"mahalle sayfası gövde metni";"Mahalle"
"basak tesisatçı";"yerel";"3";"https://cbinsaat.com/bolgeler/hekimhan/basak/";"mahalle sayfası gövde metni";"Mahalle"
"basak usta";"yerel";"3";"https://cbinsaat.com/bolgeler/hekimhan/basak/";"mahalle sayfası gövde metni";"Mahalle"
"battalgazi merkez banyo tadilatı";"yerel";"3";"https://cbinsaat.com/bolgeler/battalgazi/battalgazi-merkez/";"mahalle sayfası gövde metni";"Mahalle"
"battalgazi merkez boya badana";"yerel";"3";"https://cbinsaat.com/bolgeler/battalgazi/battalgazi-merkez/";"mahalle sayfası gövde metni";"Mahalle"
"battalgazi merkez daire tadilatı";"yerel";"3";"https://cbinsaat.com/bolgeler/battalgazi/battalgazi-merkez/";"mahalle sayfası gövde metni";"Mahalle"
"battalgazi merkez elektrikçi";"yerel";"3";"https://cbinsaat.com/bolgeler/battalgazi/battalgazi-merkez/";"mahalle sayfası gövde metni";"Mahalle"
"battalgazi merkez ev tadilatı";"yerel";"3";"https://cbinsaat.com/bolgeler/battalgazi/battalgazi-merkez/";"mahalle sayfası gövde metni";"Mahalle"
"battalgazi merkez mahallesi tadilat";"yerel";"3";"https://cbinsaat.com/bolgeler/battalgazi/battalgazi-merkez/";"mahalle sayfası";"Mahalle"
"battalgazi merkez mutfak tadilatı";"yerel";"3";"https://cbinsaat.com/bolgeler/battalgazi/battalgazi-merkez/";"mahalle sayfası gövde metni";"Mahalle"
"battalgazi merkez su tesisatçısı";"yerel";"3";"https://cbinsaat.com/bolgeler/battalgazi/battalgazi-merkez/";"mahalle sayfası gövde metni";"Mahalle"
"battalgazi merkez tadilat";"yerel";"3";"https://cbinsaat.com/bolgeler/battalgazi/battalgazi-merkez/";"mahalle sayfası gövde metni";"Mahalle"
"battalgazi merkez tesisatçı";"yerel";"3";"https://cbinsaat.com/bolgeler/battalgazi/battalgazi-merkez/";"mahalle sayfası gövde metni";"Mahalle"
"battalgazi merkez usta";"yerel";"3";"https://cbinsaat.com/bolgeler/battalgazi/battalgazi-merkez/";"mahalle sayfası gövde metni";"Mahalle"
"bentköy banyo tadilatı";"yerel";"3";"https://cbinsaat.com/bolgeler/kale/bentkoy/";"mahalle sayfası gövde metni";"Mahalle"
"bentköy boya badana";"yerel";"3";"https://cbinsaat.com/bolgeler/kale/bentkoy/";"mahalle sayfası gövde metni";"Mahalle"
"bentköy daire tadilatı";"yerel";"3";"https://cbinsaat.com/bolgeler/kale/bentkoy/";"mahalle sayfası gövde metni";"Mahalle"
"bentköy elektrikçi";"yerel";"3";"https://cbinsaat.com/bolgeler/kale/bentkoy/";"mahalle sayfası gövde metni";"Mahalle"
"bentköy ev tadilatı";"yerel";"3";"https://cbinsaat.com/bolgeler/kale/bentkoy/";"mahalle sayfası gövde metni";"Mahalle"
"bentköy mahallesi tadilat";"yerel";"3";"https://cbinsaat.com/bolgeler/kale/bentkoy/";"mahalle sayfası";"Mahalle"
"bentköy mutfak tadilatı";"yerel";"3";"https://cbinsaat.com/bolgeler/kale/bentkoy/";"mahalle sayfası gövde metni";"Mahalle"
"bentköy su tesisatçısı";"yerel";"3";"https://cbinsaat.com/bolgeler/kale/bentkoy/";"mahalle sayfası gövde metni";"Mahalle"
"bentköy tadilat";"yerel";"3";"https://cbinsaat.com/bolgeler/kale/bentkoy/";"mahalle sayfası gövde metni";"Mahalle"
"bentköy tesisatçı";"yerel";"3";"https://cbinsaat.com/bolgeler/kale/bentkoy/";"mahalle sayfası gövde metni";"Mahalle"
"bentköy usta";"yerel";"3";"https://cbinsaat.com/bolgeler/kale/bentkoy/";"mahalle sayfası gövde metni";"Mahalle"
"besi tdi osb banyo tadilatı";"yerel";"3";"https://cbinsaat.com/bolgeler/yazihan/besi-tdi-osb/";"mahalle sayfası gövde metni";"Mahalle"
"besi tdi osb boya badana";"yerel";"3";"https://cbinsaat.com/bolgeler/yazihan/besi-tdi-osb/";"mahalle sayfası gövde metni";"Mahalle"
"besi tdi osb daire tadilatı";"yerel";"3";"https://cbinsaat.com/bolgeler/yazihan/besi-tdi-osb/";"mahalle sayfası gövde metni";"Mahalle"
"besi tdi osb elektrikçi";"yerel";"3";"https://cbinsaat.com/bolgeler/yazihan/besi-tdi-osb/";"mahalle sayfası gövde metni";"Mahalle"
"besi tdi osb ev tadilatı";"yerel";"3";"https://cbinsaat.com/bolgeler/yazihan/besi-tdi-osb/";"mahalle sayfası gövde metni";"Mahalle"
"besi tdi osb mahallesi tadilat";"yerel";"3";"https://cbinsaat.com/bolgeler/yazihan/besi-tdi-osb/";"mahalle sayfası";"Mahalle"
"besi tdi osb mutfak tadilatı";"yerel";"3";"https://cbinsaat.com/bolgeler/yazihan/besi-tdi-osb/";"mahalle sayfası gövde metni";"Mahalle"
"besi tdi osb su tesisatçısı";"yerel";"3";"https://cbinsaat.com/bolgeler/yazihan/besi-tdi-osb/";"mahalle sayfası gövde metni";"Mahalle"
"besi tdi osb tadilat";"yerel";"3";"https://cbinsaat.com/bolgeler/yazihan/besi-tdi-osb/";"mahalle sayfası gövde metni";"Mahalle"
"besi tdi osb tesisatçı";"yerel";"3";"https://cbinsaat.com/bolgeler/yazihan/besi-tdi-osb/";"mahalle sayfası gövde metni";"Mahalle"
"besi tdi osb usta";"yerel";"3";"https://cbinsaat.com/bolgeler/yazihan/besi-tdi-osb/";"mahalle sayfası gövde metni";"Mahalle"
"beydağı bağları banyo tadilatı";"yerel";"3";"https://cbinsaat.com/bolgeler/battalgazi/beydagi-baglari/";"mahalle sayfası gövde metni";"Mahalle"
"beydağı bağları boya badana";"yerel";"3";"https://cbinsaat.com/bolgeler/battalgazi/beydagi-baglari/";"mahalle sayfası gövde metni";"Mahalle"
"beydağı bağları daire tadilatı";"yerel";"3";"https://cbinsaat.com/bolgeler/battalgazi/beydagi-baglari/";"mahalle sayfası gövde metni";"Mahalle"
"beydağı bağları elektrikçi";"yerel";"3";"https://cbinsaat.com/bolgeler/battalgazi/beydagi-baglari/";"mahalle sayfası gövde metni";"Mahalle"
"beydağı bağları ev tadilatı";"yerel";"3";"https://cbinsaat.com/bolgeler/battalgazi/beydagi-baglari/";"mahalle sayfası gövde metni";"Mahalle"
"beydağı bağları mahallesi tadilat";"yerel";"3";"https://cbinsaat.com/bolgeler/battalgazi/beydagi-baglari/";"mahalle sayfası";"Mahalle"
"beydağı bağları mutfak tadilatı";"yerel";"3";"https://cbinsaat.com/bolgeler/battalgazi/beydagi-baglari/";"mahalle sayfası gövde metni";"Mahalle"
"beydağı bağları su tesisatçısı";"yerel";"3";"https://cbinsaat.com/bolgeler/battalgazi/beydagi-baglari/";"mahalle sayfası gövde metni";"Mahalle"
"beydağı bağları tadilat";"yerel";"3";"https://cbinsaat.com/bolgeler/battalgazi/beydagi-baglari/";"mahalle sayfası gövde metni";"Mahalle"
"beydağı bağları tesisatçı";"yerel";"3";"https://cbinsaat.com/bolgeler/battalgazi/beydagi-baglari/";"mahalle sayfası gövde metni";"Mahalle"
"beydağı bağları usta";"yerel";"3";"https://cbinsaat.com/bolgeler/battalgazi/beydagi-baglari/";"mahalle sayfası gövde metni";"Mahalle"
"beydağı banyo tadilatı";"yerel";"3";"https://cbinsaat.com/bolgeler/battalgazi/beydagi/";"mahalle sayfası gövde metni";"Mahalle"
"beydağı boya badana";"yerel";"3";"https://cbinsaat.com/bolgeler/battalgazi/beydagi/";"mahalle sayfası gövde metni";"Mahalle"
"beydağı daire tadilatı";"yerel";"3";"https://cbinsaat.com/bolgeler/battalgazi/beydagi/";"mahalle sayfası gövde metni";"Mahalle"
"beydağı elektrikçi";"yerel";"3";"https://cbinsaat.com/bolgeler/battalgazi/beydagi/";"mahalle sayfası gövde metni";"Mahalle"
"beydağı ev tadilatı";"yerel";"3";"https://cbinsaat.com/bolgeler/battalgazi/beydagi/";"mahalle sayfası gövde metni";"Mahalle"
"beydağı mahallesi tadilat";"yerel";"3";"https://cbinsaat.com/bolgeler/battalgazi/beydagi/";"mahalle sayfası";"Mahalle"
"beydağı mutfak tadilatı";"yerel";"3";"https://cbinsaat.com/bolgeler/battalgazi/beydagi/";"mahalle sayfası gövde metni";"Mahalle"
"beydağı su tesisatçısı";"yerel";"3";"https://cbinsaat.com/bolgeler/battalgazi/beydagi/";"mahalle sayfası gövde metni";"Mahalle"
"beydağı tadilat";"yerel";"3";"https://cbinsaat.com/bolgeler/battalgazi/beydagi/";"mahalle sayfası gövde metni";"Mahalle"
"beydağı tesisatçı";"yerel";"3";"https://cbinsaat.com/bolgeler/battalgazi/beydagi/";"mahalle sayfası gövde metni";"Mahalle"
"beydağı toki banyo tadilatı";"yerel";"3";"https://cbinsaat.com/bolgeler/battalgazi/beydagi-toki/";"mahalle sayfası gövde metni";"Mahalle"
"beydağı toki boya badana";"yerel";"3";"https://cbinsaat.com/bolgeler/battalgazi/beydagi-toki/";"mahalle sayfası gövde metni";"Mahalle"
"beydağı toki daire tadilatı";"yerel";"3";"https://cbinsaat.com/bolgeler/battalgazi/beydagi-toki/";"mahalle sayfası gövde metni";"Mahalle"
"beydağı toki elektrikçi";"yerel";"3";"https://cbinsaat.com/bolgeler/battalgazi/beydagi-toki/";"mahalle sayfası gövde metni";"Mahalle"
"beydağı toki ev tadilatı";"yerel";"3";"https://cbinsaat.com/bolgeler/battalgazi/beydagi-toki/";"mahalle sayfası gövde metni";"Mahalle"
"beydağı toki mahallesi tadilat";"yerel";"3";"https://cbinsaat.com/bolgeler/battalgazi/beydagi-toki/";"mahalle sayfası";"Mahalle"
"beydağı toki mutfak tadilatı";"yerel";"3";"https://cbinsaat.com/bolgeler/battalgazi/beydagi-toki/";"mahalle sayfası gövde metni";"Mahalle"
"beydağı toki su tesisatçısı";"yerel";"3";"https://cbinsaat.com/bolgeler/battalgazi/beydagi-toki/";"mahalle sayfası gövde metni";"Mahalle"
"beydağı toki tadilat";"yerel";"3";"https://cbinsaat.com/bolgeler/battalgazi/beydagi-toki/";"mahalle sayfası gövde metni";"Mahalle"
"beydağı toki tesisatçı";"yerel";"3";"https://cbinsaat.com/bolgeler/battalgazi/beydagi-toki/";"mahalle sayfası gövde metni";"Mahalle"
"beydağı toki usta";"yerel";"3";"https://cbinsaat.com/bolgeler/battalgazi/beydagi-toki/";"mahalle sayfası gövde metni";"Mahalle"
"beydağı usta";"yerel";"3";"https://cbinsaat.com/bolgeler/battalgazi/beydagi/";"mahalle sayfası gövde metni";"Mahalle"
"bostanbaşı banyo tadilatı";"yerel";"3";"https://cbinsaat.com/bolgeler/yesilyurt/bostanbasi/";"mahalle sayfası gövde metni";"Mahalle"
"bostanbaşı boya badana";"yerel";"3";"https://cbinsaat.com/bolgeler/yesilyurt/bostanbasi/";"mahalle sayfası gövde metni";"Mahalle"
"bostanbaşı daire tadilatı";"yerel";"3";"https://cbinsaat.com/bolgeler/yesilyurt/bostanbasi/";"mahalle sayfası gövde metni";"Mahalle"
"bostanbaşı elektrikçi";"yerel";"3";"https://cbinsaat.com/bolgeler/yesilyurt/bostanbasi/";"mahalle sayfası gövde metni";"Mahalle"
"bostanbaşı ev tadilatı";"yerel";"3";"https://cbinsaat.com/bolgeler/yesilyurt/bostanbasi/";"mahalle sayfası gövde metni";"Mahalle"
"bostanbaşı mahallesi tadilat";"yerel";"3";"https://cbinsaat.com/bolgeler/yesilyurt/bostanbasi/";"mahalle sayfası";"Mahalle"
"bostanbaşı mutfak tadilatı";"yerel";"3";"https://cbinsaat.com/bolgeler/yesilyurt/bostanbasi/";"mahalle sayfası gövde metni";"Mahalle"
"bostanbaşı su tesisatçısı";"yerel";"3";"https://cbinsaat.com/bolgeler/yesilyurt/bostanbasi/";"mahalle sayfası gövde metni";"Mahalle"
"bostanbaşı tadilat";"yerel";"3";"https://cbinsaat.com/bolgeler/yesilyurt/bostanbasi/";"mahalle sayfası gövde metni";"Mahalle"
"bostanbaşı tesisatçı";"yerel";"3";"https://cbinsaat.com/bolgeler/yesilyurt/bostanbasi/";"mahalle sayfası gövde metni";"Mahalle"
"bostanbaşı usta";"yerel";"3";"https://cbinsaat.com/bolgeler/yesilyurt/bostanbasi/";"mahalle sayfası gövde metni";"Mahalle"
"boyaca banyo tadilatı";"yerel";"3";"https://cbinsaat.com/bolgeler/yazihan/boyaca/";"mahalle sayfası gövde metni";"Mahalle"
"boyaca boya badana";"yerel";"3";"https://cbinsaat.com/bolgeler/yazihan/boyaca/";"mahalle sayfası gövde metni";"Mahalle"
"boyaca daire tadilatı";"yerel";"3";"https://cbinsaat.com/bolgeler/yazihan/boyaca/";"mahalle sayfası gövde metni";"Mahalle"
"boyaca elektrikçi";"yerel";"3";"https://cbinsaat.com/bolgeler/yazihan/boyaca/";"mahalle sayfası gövde metni";"Mahalle"
"boyaca ev tadilatı";"yerel";"3";"https://cbinsaat.com/bolgeler/yazihan/boyaca/";"mahalle sayfası gövde metni";"Mahalle"
"boyaca mahallesi tadilat";"yerel";"3";"https://cbinsaat.com/bolgeler/yazihan/boyaca/";"mahalle sayfası";"Mahalle"
"boyaca mutfak tadilatı";"yerel";"3";"https://cbinsaat.com/bolgeler/yazihan/boyaca/";"mahalle sayfası gövde metni";"Mahalle"
"boyaca su tesisatçısı";"yerel";"3";"https://cbinsaat.com/bolgeler/yazihan/boyaca/";"mahalle sayfası gövde metni";"Mahalle"
"boyaca tadilat";"yerel";"3";"https://cbinsaat.com/bolgeler/yazihan/boyaca/";"mahalle sayfası gövde metni";"Mahalle"
"boyaca tesisatçı";"yerel";"3";"https://cbinsaat.com/bolgeler/yazihan/boyaca/";"mahalle sayfası gövde metni";"Mahalle"
"boyaca usta";"yerel";"3";"https://cbinsaat.com/bolgeler/yazihan/boyaca/";"mahalle sayfası gövde metni";"Mahalle"
"bozan banyo tadilatı";"yerel";"3";"https://cbinsaat.com/bolgeler/arguvan/bozan/";"mahalle sayfası gövde metni";"Mahalle"
"bozan boya badana";"yerel";"3";"https://cbinsaat.com/bolgeler/arguvan/bozan/";"mahalle sayfası gövde metni";"Mahalle"
"bozan daire tadilatı";"yerel";"3";"https://cbinsaat.com/bolgeler/arguvan/bozan/";"mahalle sayfası gövde metni";"Mahalle"
"bozan elektrikçi";"yerel";"3";"https://cbinsaat.com/bolgeler/arguvan/bozan/";"mahalle sayfası gövde metni";"Mahalle"
"bozan ev tadilatı";"yerel";"3";"https://cbinsaat.com/bolgeler/arguvan/bozan/";"mahalle sayfası gövde metni";"Mahalle"
"bozan mahallesi tadilat";"yerel";"3";"https://cbinsaat.com/bolgeler/arguvan/bozan/";"mahalle sayfası";"Mahalle"
"bozan mutfak tadilatı";"yerel";"3";"https://cbinsaat.com/bolgeler/arguvan/bozan/";"mahalle sayfası gövde metni";"Mahalle"
"bozan su tesisatçısı";"yerel";"3";"https://cbinsaat.com/bolgeler/arguvan/bozan/";"mahalle sayfası gövde metni";"Mahalle"
"bozan tadilat";"yerel";"3";"https://cbinsaat.com/bolgeler/arguvan/bozan/";"mahalle sayfası gövde metni";"Mahalle"
"bozan tesisatçı";"yerel";"3";"https://cbinsaat.com/bolgeler/arguvan/bozan/";"mahalle sayfası gövde metni";"Mahalle"
"bozan usta";"yerel";"3";"https://cbinsaat.com/bolgeler/arguvan/bozan/";"mahalle sayfası gövde metni";"Mahalle"
"bulgurlu banyo tadilatı";"yerel";"3";"https://cbinsaat.com/bolgeler/battalgazi/bulgurlu/";"mahalle sayfası gövde metni";"Mahalle"
"bulgurlu boya badana";"yerel";"3";"https://cbinsaat.com/bolgeler/battalgazi/bulgurlu/";"mahalle sayfası gövde metni";"Mahalle"
"bulgurlu daire tadilatı";"yerel";"3";"https://cbinsaat.com/bolgeler/battalgazi/bulgurlu/";"mahalle sayfası gövde metni";"Mahalle"
"bulgurlu elektrikçi";"yerel";"3";"https://cbinsaat.com/bolgeler/battalgazi/bulgurlu/";"mahalle sayfası gövde metni";"Mahalle"
"bulgurlu ev tadilatı";"yerel";"3";"https://cbinsaat.com/bolgeler/battalgazi/bulgurlu/";"mahalle sayfası gövde metni";"Mahalle"
"bulgurlu mahallesi tadilat";"yerel";"3";"https://cbinsaat.com/bolgeler/battalgazi/bulgurlu/";"mahalle sayfası";"Mahalle"
"bulgurlu mutfak tadilatı";"yerel";"3";"https://cbinsaat.com/bolgeler/battalgazi/bulgurlu/";"mahalle sayfası gövde metni";"Mahalle"
"bulgurlu su tesisatçısı";"yerel";"3";"https://cbinsaat.com/bolgeler/battalgazi/bulgurlu/";"mahalle sayfası gövde metni";"Mahalle"
"bulgurlu tadilat";"yerel";"3";"https://cbinsaat.com/bolgeler/battalgazi/bulgurlu/";"mahalle sayfası gövde metni";"Mahalle"
"bulgurlu tesisatçı";"yerel";"3";"https://cbinsaat.com/bolgeler/battalgazi/bulgurlu/";"mahalle sayfası gövde metni";"Mahalle"
"bulgurlu usta";"yerel";"3";"https://cbinsaat.com/bolgeler/battalgazi/bulgurlu/";"mahalle sayfası gövde metni";"Mahalle"
"bulutlu banyo tadilatı";"yerel";"3";"https://cbinsaat.com/bolgeler/kale/bulutlu/";"mahalle sayfası gövde metni";"Mahalle"
"bulutlu boya badana";"yerel";"3";"https://cbinsaat.com/bolgeler/kale/bulutlu/";"mahalle sayfası gövde metni";"Mahalle"
"bulutlu daire tadilatı";"yerel";"3";"https://cbinsaat.com/bolgeler/kale/bulutlu/";"mahalle sayfası gövde metni";"Mahalle"
"bulutlu elektrikçi";"yerel";"3";"https://cbinsaat.com/bolgeler/kale/bulutlu/";"mahalle sayfası gövde metni";"Mahalle"
"bulutlu ev tadilatı";"yerel";"3";"https://cbinsaat.com/bolgeler/kale/bulutlu/";"mahalle sayfası gövde metni";"Mahalle"
"bulutlu mahallesi tadilat";"yerel";"3";"https://cbinsaat.com/bolgeler/kale/bulutlu/";"mahalle sayfası";"Mahalle"
"bulutlu mutfak tadilatı";"yerel";"3";"https://cbinsaat.com/bolgeler/kale/bulutlu/";"mahalle sayfası gövde metni";"Mahalle"
"bulutlu su tesisatçısı";"yerel";"3";"https://cbinsaat.com/bolgeler/kale/bulutlu/";"mahalle sayfası gövde metni";"Mahalle"
"bulutlu tadilat";"yerel";"3";"https://cbinsaat.com/bolgeler/kale/bulutlu/";"mahalle sayfası gövde metni";"Mahalle"
"bulutlu tesisatçı";"yerel";"3";"https://cbinsaat.com/bolgeler/kale/bulutlu/";"mahalle sayfası gövde metni";"Mahalle"
"bulutlu usta";"yerel";"3";"https://cbinsaat.com/bolgeler/kale/bulutlu/";"mahalle sayfası gövde metni";"Mahalle"
"cirikpınar banyo tadilatı";"yerel";"3";"https://cbinsaat.com/bolgeler/battalgazi/cirikpinar/";"mahalle sayfası gövde metni";"Mahalle"
"cirikpınar boya badana";"yerel";"3";"https://cbinsaat.com/bolgeler/battalgazi/cirikpinar/";"mahalle sayfası gövde metni";"Mahalle"
"cirikpınar daire tadilatı";"yerel";"3";"https://cbinsaat.com/bolgeler/battalgazi/cirikpinar/";"mahalle sayfası gövde metni";"Mahalle"
"cirikpınar elektrikçi";"yerel";"3";"https://cbinsaat.com/bolgeler/battalgazi/cirikpinar/";"mahalle sayfası gövde metni";"Mahalle"
"cirikpınar ev tadilatı";"yerel";"3";"https://cbinsaat.com/bolgeler/battalgazi/cirikpinar/";"mahalle sayfası gövde metni";"Mahalle"
"cirikpınar mahallesi tadilat";"yerel";"3";"https://cbinsaat.com/bolgeler/battalgazi/cirikpinar/";"mahalle sayfası";"Mahalle"
"cirikpınar mutfak tadilatı";"yerel";"3";"https://cbinsaat.com/bolgeler/battalgazi/cirikpinar/";"mahalle sayfası gövde metni";"Mahalle"
"cirikpınar su tesisatçısı";"yerel";"3";"https://cbinsaat.com/bolgeler/battalgazi/cirikpinar/";"mahalle sayfası gövde metni";"Mahalle"
"cirikpınar tadilat";"yerel";"3";"https://cbinsaat.com/bolgeler/battalgazi/cirikpinar/";"mahalle sayfası gövde metni";"Mahalle"
"cirikpınar tesisatçı";"yerel";"3";"https://cbinsaat.com/bolgeler/battalgazi/cirikpinar/";"mahalle sayfası gövde metni";"Mahalle"
"cirikpınar usta";"yerel";"3";"https://cbinsaat.com/bolgeler/battalgazi/cirikpinar/";"mahalle sayfası gövde metni";"Mahalle"
"çamurlu banyo tadilatı";"yerel";"3";"https://cbinsaat.com/bolgeler/battalgazi/camurlu/";"mahalle sayfası gövde metni";"Mahalle"
"çamurlu boya badana";"yerel";"3";"https://cbinsaat.com/bolgeler/battalgazi/camurlu/";"mahalle sayfası gövde metni";"Mahalle"
"çamurlu daire tadilatı";"yerel";"3";"https://cbinsaat.com/bolgeler/battalgazi/camurlu/";"mahalle sayfası gövde metni";"Mahalle"
"çamurlu elektrikçi";"yerel";"3";"https://cbinsaat.com/bolgeler/battalgazi/camurlu/";"mahalle sayfası gövde metni";"Mahalle"
"çamurlu ev tadilatı";"yerel";"3";"https://cbinsaat.com/bolgeler/battalgazi/camurlu/";"mahalle sayfası gövde metni";"Mahalle"
"çamurlu mahallesi tadilat";"yerel";"3";"https://cbinsaat.com/bolgeler/battalgazi/camurlu/";"mahalle sayfası";"Mahalle"
"çamurlu mutfak tadilatı";"yerel";"3";"https://cbinsaat.com/bolgeler/battalgazi/camurlu/";"mahalle sayfası gövde metni";"Mahalle"
"çamurlu su tesisatçısı";"yerel";"3";"https://cbinsaat.com/bolgeler/battalgazi/camurlu/";"mahalle sayfası gövde metni";"Mahalle"
"çamurlu tadilat";"yerel";"3";"https://cbinsaat.com/bolgeler/battalgazi/camurlu/";"mahalle sayfası gövde metni";"Mahalle"
"çamurlu tesisatçı";"yerel";"3";"https://cbinsaat.com/bolgeler/battalgazi/camurlu/";"mahalle sayfası gövde metni";"Mahalle"
"çamurlu usta";"yerel";"3";"https://cbinsaat.com/bolgeler/battalgazi/camurlu/";"mahalle sayfası gövde metni";"Mahalle"
"çarmuzu banyo tadilatı";"yerel";"3";"https://cbinsaat.com/bolgeler/yesilyurt/carmuzu/";"mahalle sayfası gövde metni";"Mahalle"
"çarmuzu boya badana";"yerel";"3";"https://cbinsaat.com/bolgeler/yesilyurt/carmuzu/";"mahalle sayfası gövde metni";"Mahalle"
"çarmuzu daire tadilatı";"yerel";"3";"https://cbinsaat.com/bolgeler/yesilyurt/carmuzu/";"mahalle sayfası gövde metni";"Mahalle"
"çarmuzu elektrikçi";"yerel";"3";"https://cbinsaat.com/bolgeler/yesilyurt/carmuzu/";"mahalle sayfası gövde metni";"Mahalle"
"çarmuzu ev tadilatı";"yerel";"3";"https://cbinsaat.com/bolgeler/yesilyurt/carmuzu/";"mahalle sayfası gövde metni";"Mahalle"
"çarmuzu mahallesi tadilat";"yerel";"3";"https://cbinsaat.com/bolgeler/yesilyurt/carmuzu/";"mahalle sayfası";"Mahalle"
"çarmuzu mutfak tadilatı";"yerel";"3";"https://cbinsaat.com/bolgeler/yesilyurt/carmuzu/";"mahalle sayfası gövde metni";"Mahalle"
"çarmuzu su tesisatçısı";"yerel";"3";"https://cbinsaat.com/bolgeler/yesilyurt/carmuzu/";"mahalle sayfası gövde metni";"Mahalle"
"çarmuzu tadilat";"yerel";"3";"https://cbinsaat.com/bolgeler/yesilyurt/carmuzu/";"mahalle sayfası gövde metni";"Mahalle"
"çarmuzu tesisatçı";"yerel";"3";"https://cbinsaat.com/bolgeler/yesilyurt/carmuzu/";"mahalle sayfası gövde metni";"Mahalle"
"çarmuzu usta";"yerel";"3";"https://cbinsaat.com/bolgeler/yesilyurt/carmuzu/";"mahalle sayfası gövde metni";"Mahalle"
"çavuş banyo tadilatı";"yerel";"3";"https://cbinsaat.com/bolgeler/arguvan/cavus/";"mahalle sayfası gövde metni";"Mahalle"
"çavuş boya badana";"yerel";"3";"https://cbinsaat.com/bolgeler/arguvan/cavus/";"mahalle sayfası gövde metni";"Mahalle"
"çavuş daire tadilatı";"yerel";"3";"https://cbinsaat.com/bolgeler/arguvan/cavus/";"mahalle sayfası gövde metni";"Mahalle"
"çavuş elektrikçi";"yerel";"3";"https://cbinsaat.com/bolgeler/arguvan/cavus/";"mahalle sayfası gövde metni";"Mahalle"
"çavuş ev tadilatı";"yerel";"3";"https://cbinsaat.com/bolgeler/arguvan/cavus/";"mahalle sayfası gövde metni";"Mahalle"
"çavuş mahallesi tadilat";"yerel";"3";"https://cbinsaat.com/bolgeler/arguvan/cavus/";"mahalle sayfası";"Mahalle"
"çavuş mutfak tadilatı";"yerel";"3";"https://cbinsaat.com/bolgeler/arguvan/cavus/";"mahalle sayfası gövde metni";"Mahalle"
"çavuş su tesisatçısı";"yerel";"3";"https://cbinsaat.com/bolgeler/arguvan/cavus/";"mahalle sayfası gövde metni";"Mahalle"
"çavuş tadilat";"yerel";"3";"https://cbinsaat.com/bolgeler/arguvan/cavus/";"mahalle sayfası gövde metni";"Mahalle"
"çavuş tesisatçı";"yerel";"3";"https://cbinsaat.com/bolgeler/arguvan/cavus/";"mahalle sayfası gövde metni";"Mahalle"
"çavuş usta";"yerel";"3";"https://cbinsaat.com/bolgeler/arguvan/cavus/";"mahalle sayfası gövde metni";"Mahalle"
"çavuşoğlu banyo tadilatı";"yerel";"3";"https://cbinsaat.com/bolgeler/battalgazi/cavusoglu/";"mahalle sayfası gövde metni";"Mahalle"
"çavuşoğlu boya badana";"yerel";"3";"https://cbinsaat.com/bolgeler/battalgazi/cavusoglu/";"mahalle sayfası gövde metni";"Mahalle"
"çavuşoğlu daire tadilatı";"yerel";"3";"https://cbinsaat.com/bolgeler/battalgazi/cavusoglu/";"mahalle sayfası gövde metni";"Mahalle"
"çavuşoğlu elektrikçi";"yerel";"3";"https://cbinsaat.com/bolgeler/battalgazi/cavusoglu/";"mahalle sayfası gövde metni";"Mahalle"
"çavuşoğlu ev tadilatı";"yerel";"3";"https://cbinsaat.com/bolgeler/battalgazi/cavusoglu/";"mahalle sayfası gövde metni";"Mahalle"
"çavuşoğlu mahallesi tadilat";"yerel";"3";"https://cbinsaat.com/bolgeler/battalgazi/cavusoglu/";"mahalle sayfası";"Mahalle"
"çavuşoğlu mutfak tadilatı";"yerel";"3";"https://cbinsaat.com/bolgeler/battalgazi/cavusoglu/";"mahalle sayfası gövde metni";"Mahalle"
"çavuşoğlu su tesisatçısı";"yerel";"3";"https://cbinsaat.com/bolgeler/battalgazi/cavusoglu/";"mahalle sayfası gövde metni";"Mahalle"
"çavuşoğlu tadilat";"yerel";"3";"https://cbinsaat.com/bolgeler/battalgazi/cavusoglu/";"mahalle sayfası gövde metni";"Mahalle"
"çavuşoğlu tesisatçı";"yerel";"3";"https://cbinsaat.com/bolgeler/battalgazi/cavusoglu/";"mahalle sayfası gövde metni";"Mahalle"
"çavuşoğlu usta";"yerel";"3";"https://cbinsaat.com/bolgeler/battalgazi/cavusoglu/";"mahalle sayfası gövde metni";"Mahalle"
"çilesiz banyo tadilatı";"yerel";"3";"https://cbinsaat.com/bolgeler/yesilyurt/cilesiz/";"mahalle sayfası gövde metni";"Mahalle"
"çilesiz boya badana";"yerel";"3";"https://cbinsaat.com/bolgeler/yesilyurt/cilesiz/";"mahalle sayfası gövde metni";"Mahalle"
"çilesiz daire tadilatı";"yerel";"3";"https://cbinsaat.com/bolgeler/yesilyurt/cilesiz/";"mahalle sayfası gövde metni";"Mahalle"
"çilesiz elektrikçi";"yerel";"3";"https://cbinsaat.com/bolgeler/yesilyurt/cilesiz/";"mahalle sayfası gövde metni";"Mahalle"
"çilesiz ev tadilatı";"yerel";"3";"https://cbinsaat.com/bolgeler/yesilyurt/cilesiz/";"mahalle sayfası gövde metni";"Mahalle"
"çilesiz mahallesi tadilat";"yerel";"3";"https://cbinsaat.com/bolgeler/yesilyurt/cilesiz/";"mahalle sayfası";"Mahalle"
"çilesiz mutfak tadilatı";"yerel";"3";"https://cbinsaat.com/bolgeler/yesilyurt/cilesiz/";"mahalle sayfası gövde metni";"Mahalle"
"çilesiz su tesisatçısı";"yerel";"3";"https://cbinsaat.com/bolgeler/yesilyurt/cilesiz/";"mahalle sayfası gövde metni";"Mahalle"
"çilesiz tadilat";"yerel";"3";"https://cbinsaat.com/bolgeler/yesilyurt/cilesiz/";"mahalle sayfası gövde metni";"Mahalle"
"çilesiz tesisatçı";"yerel";"3";"https://cbinsaat.com/bolgeler/yesilyurt/cilesiz/";"mahalle sayfası gövde metni";"Mahalle"
"çilesiz toki banyo tadilatı";"yerel";"3";"https://cbinsaat.com/bolgeler/battalgazi/cilesiz-toki/";"mahalle sayfası gövde metni";"Mahalle"
"çilesiz toki boya badana";"yerel";"3";"https://cbinsaat.com/bolgeler/battalgazi/cilesiz-toki/";"mahalle sayfası gövde metni";"Mahalle"
"çilesiz toki daire tadilatı";"yerel";"3";"https://cbinsaat.com/bolgeler/battalgazi/cilesiz-toki/";"mahalle sayfası gövde metni";"Mahalle"
"çilesiz toki elektrikçi";"yerel";"3";"https://cbinsaat.com/bolgeler/battalgazi/cilesiz-toki/";"mahalle sayfası gövde metni";"Mahalle"
"çilesiz toki ev tadilatı";"yerel";"3";"https://cbinsaat.com/bolgeler/battalgazi/cilesiz-toki/";"mahalle sayfası gövde metni";"Mahalle"
"çilesiz toki mahallesi tadilat";"yerel";"3";"https://cbinsaat.com/bolgeler/battalgazi/cilesiz-toki/";"mahalle sayfası";"Mahalle"
"çilesiz toki mutfak tadilatı";"yerel";"3";"https://cbinsaat.com/bolgeler/battalgazi/cilesiz-toki/";"mahalle sayfası gövde metni";"Mahalle"
"çilesiz toki su tesisatçısı";"yerel";"3";"https://cbinsaat.com/bolgeler/battalgazi/cilesiz-toki/";"mahalle sayfası gövde metni";"Mahalle"
"çilesiz toki tadilat";"yerel";"3";"https://cbinsaat.com/bolgeler/battalgazi/cilesiz-toki/";"mahalle sayfası gövde metni";"Mahalle"
"çilesiz toki tesisatçı";"yerel";"3";"https://cbinsaat.com/bolgeler/battalgazi/cilesiz-toki/";"mahalle sayfası gövde metni";"Mahalle"
"çilesiz toki usta";"yerel";"3";"https://cbinsaat.com/bolgeler/battalgazi/cilesiz-toki/";"mahalle sayfası gövde metni";"Mahalle"
"çilesiz usta";"yerel";"3";"https://cbinsaat.com/bolgeler/yesilyurt/cilesiz/";"mahalle sayfası gövde metni";"Mahalle"
"çöşnük banyo tadilatı";"yerel";"3";"https://cbinsaat.com/bolgeler/battalgazi/cosnuk/";"mahalle sayfası gövde metni";"Mahalle"
"çöşnük boya badana";"yerel";"3";"https://cbinsaat.com/bolgeler/battalgazi/cosnuk/";"mahalle sayfası gövde metni";"Mahalle"
"çöşnük daire tadilatı";"yerel";"3";"https://cbinsaat.com/bolgeler/battalgazi/cosnuk/";"mahalle sayfası gövde metni";"Mahalle"
"çöşnük elektrikçi";"yerel";"3";"https://cbinsaat.com/bolgeler/battalgazi/cosnuk/";"mahalle sayfası gövde metni";"Mahalle"
"çöşnük ev tadilatı";"yerel";"3";"https://cbinsaat.com/bolgeler/battalgazi/cosnuk/";"mahalle sayfası gövde metni";"Mahalle"
"çöşnük mahallesi tadilat";"yerel";"3";"https://cbinsaat.com/bolgeler/battalgazi/cosnuk/";"mahalle sayfası";"Mahalle"
"çöşnük mutfak tadilatı";"yerel";"3";"https://cbinsaat.com/bolgeler/battalgazi/cosnuk/";"mahalle sayfası gövde metni";"Mahalle"
"çöşnük su tesisatçısı";"yerel";"3";"https://cbinsaat.com/bolgeler/battalgazi/cosnuk/";"mahalle sayfası gövde metni";"Mahalle"
"çöşnük tadilat";"yerel";"3";"https://cbinsaat.com/bolgeler/battalgazi/cosnuk/";"mahalle sayfası gövde metni";"Mahalle"
"çöşnük tesisatçı";"yerel";"3";"https://cbinsaat.com/bolgeler/battalgazi/cosnuk/";"mahalle sayfası gövde metni";"Mahalle"
"çöşnük usta";"yerel";"3";"https://cbinsaat.com/bolgeler/battalgazi/cosnuk/";"mahalle sayfası gövde metni";"Mahalle"
"darende merkez banyo tadilatı";"yerel";"3";"https://cbinsaat.com/bolgeler/darende/darende-merkez/";"mahalle sayfası gövde metni";"Mahalle"
"darende merkez boya badana";"yerel";"3";"https://cbinsaat.com/bolgeler/darende/darende-merkez/";"mahalle sayfası gövde metni";"Mahalle"
"darende merkez daire tadilatı";"yerel";"3";"https://cbinsaat.com/bolgeler/darende/darende-merkez/";"mahalle sayfası gövde metni";"Mahalle"
"darende merkez elektrikçi";"yerel";"3";"https://cbinsaat.com/bolgeler/darende/darende-merkez/";"mahalle sayfası gövde metni";"Mahalle"
"darende merkez ev tadilatı";"yerel";"3";"https://cbinsaat.com/bolgeler/darende/darende-merkez/";"mahalle sayfası gövde metni";"Mahalle"
"darende merkez mahallesi tadilat";"yerel";"3";"https://cbinsaat.com/bolgeler/darende/darende-merkez/";"mahalle sayfası";"Mahalle"
"darende merkez mutfak tadilatı";"yerel";"3";"https://cbinsaat.com/bolgeler/darende/darende-merkez/";"mahalle sayfası gövde metni";"Mahalle"
"darende merkez su tesisatçısı";"yerel";"3";"https://cbinsaat.com/bolgeler/darende/darende-merkez/";"mahalle sayfası gövde metni";"Mahalle"
"darende merkez tadilat";"yerel";"3";"https://cbinsaat.com/bolgeler/darende/darende-merkez/";"mahalle sayfası gövde metni";"Mahalle"
"darende merkez tesisatçı";"yerel";"3";"https://cbinsaat.com/bolgeler/darende/darende-merkez/";"mahalle sayfası gövde metni";"Mahalle"
"darende merkez usta";"yerel";"3";"https://cbinsaat.com/bolgeler/darende/darende-merkez/";"mahalle sayfası gövde metni";"Mahalle"
"darende osb banyo tadilatı";"yerel";"3";"https://cbinsaat.com/bolgeler/darende/darende-osb/";"mahalle sayfası gövde metni";"Mahalle"
"darende osb boya badana";"yerel";"3";"https://cbinsaat.com/bolgeler/darende/darende-osb/";"mahalle sayfası gövde metni";"Mahalle"
"darende osb daire tadilatı";"yerel";"3";"https://cbinsaat.com/bolgeler/darende/darende-osb/";"mahalle sayfası gövde metni";"Mahalle"
"darende osb elektrikçi";"yerel";"3";"https://cbinsaat.com/bolgeler/darende/darende-osb/";"mahalle sayfası gövde metni";"Mahalle"
"darende osb ev tadilatı";"yerel";"3";"https://cbinsaat.com/bolgeler/darende/darende-osb/";"mahalle sayfası gövde metni";"Mahalle"
"darende osb mahallesi tadilat";"yerel";"3";"https://cbinsaat.com/bolgeler/darende/darende-osb/";"mahalle sayfası";"Mahalle"
"darende osb mutfak tadilatı";"yerel";"3";"https://cbinsaat.com/bolgeler/darende/darende-osb/";"mahalle sayfası gövde metni";"Mahalle"
"darende osb su tesisatçısı";"yerel";"3";"https://cbinsaat.com/bolgeler/darende/darende-osb/";"mahalle sayfası gövde metni";"Mahalle"
"darende osb tadilat";"yerel";"3";"https://cbinsaat.com/bolgeler/darende/darende-osb/";"mahalle sayfası gövde metni";"Mahalle"
"darende osb tesisatçı";"yerel";"3";"https://cbinsaat.com/bolgeler/darende/darende-osb/";"mahalle sayfası gövde metni";"Mahalle"
"darende osb usta";"yerel";"3";"https://cbinsaat.com/bolgeler/darende/darende-osb/";"mahalle sayfası gövde metni";"Mahalle"
"dilek banyo tadilatı";"yerel";"3";"https://cbinsaat.com/bolgeler/yesilyurt/dilek/";"mahalle sayfası gövde metni";"Mahalle"
"dilek boya badana";"yerel";"3";"https://cbinsaat.com/bolgeler/yesilyurt/dilek/";"mahalle sayfası gövde metni";"Mahalle"
"dilek daire tadilatı";"yerel";"3";"https://cbinsaat.com/bolgeler/yesilyurt/dilek/";"mahalle sayfası gövde metni";"Mahalle"
"dilek elektrikçi";"yerel";"3";"https://cbinsaat.com/bolgeler/yesilyurt/dilek/";"mahalle sayfası gövde metni";"Mahalle"
"dilek ev tadilatı";"yerel";"3";"https://cbinsaat.com/bolgeler/yesilyurt/dilek/";"mahalle sayfası gövde metni";"Mahalle"
"dilek mahallesi tadilat";"yerel";"3";"https://cbinsaat.com/bolgeler/yesilyurt/dilek/";"mahalle sayfası";"Mahalle"
"dilek mutfak tadilatı";"yerel";"3";"https://cbinsaat.com/bolgeler/yesilyurt/dilek/";"mahalle sayfası gövde metni";"Mahalle"
"dilek su tesisatçısı";"yerel";"3";"https://cbinsaat.com/bolgeler/yesilyurt/dilek/";"mahalle sayfası gövde metni";"Mahalle"
"dilek tadilat";"yerel";"3";"https://cbinsaat.com/bolgeler/yesilyurt/dilek/";"mahalle sayfası gövde metni";"Mahalle"
"dilek tesisatçı";"yerel";"3";"https://cbinsaat.com/bolgeler/yesilyurt/dilek/";"mahalle sayfası gövde metni";"Mahalle"
"dilek usta";"yerel";"3";"https://cbinsaat.com/bolgeler/yesilyurt/dilek/";"mahalle sayfası gövde metni";"Mahalle"
"doğanşehir merkez banyo tadilatı";"yerel";"3";"https://cbinsaat.com/bolgeler/dogansehir/dogansehir-merkez/";"mahalle sayfası gövde metni";"Mahalle"
"doğanşehir merkez boya badana";"yerel";"3";"https://cbinsaat.com/bolgeler/dogansehir/dogansehir-merkez/";"mahalle sayfası gövde metni";"Mahalle"
"doğanşehir merkez daire tadilatı";"yerel";"3";"https://cbinsaat.com/bolgeler/dogansehir/dogansehir-merkez/";"mahalle sayfası gövde metni";"Mahalle"
"doğanşehir merkez elektrikçi";"yerel";"3";"https://cbinsaat.com/bolgeler/dogansehir/dogansehir-merkez/";"mahalle sayfası gövde metni";"Mahalle"
"doğanşehir merkez ev tadilatı";"yerel";"3";"https://cbinsaat.com/bolgeler/dogansehir/dogansehir-merkez/";"mahalle sayfası gövde metni";"Mahalle"
"doğanşehir merkez mahallesi tadilat";"yerel";"3";"https://cbinsaat.com/bolgeler/dogansehir/dogansehir-merkez/";"mahalle sayfası";"Mahalle"
"doğanşehir merkez mutfak tadilatı";"yerel";"3";"https://cbinsaat.com/bolgeler/dogansehir/dogansehir-merkez/";"mahalle sayfası gövde metni";"Mahalle"
"doğanşehir merkez su tesisatçısı";"yerel";"3";"https://cbinsaat.com/bolgeler/dogansehir/dogansehir-merkez/";"mahalle sayfası gövde metni";"Mahalle"
"doğanşehir merkez tadilat";"yerel";"3";"https://cbinsaat.com/bolgeler/dogansehir/dogansehir-merkez/";"mahalle sayfası gövde metni";"Mahalle"
"doğanşehir merkez tesisatçı";"yerel";"3";"https://cbinsaat.com/bolgeler/dogansehir/dogansehir-merkez/";"mahalle sayfası gövde metni";"Mahalle"
"doğanşehir merkez usta";"yerel";"3";"https://cbinsaat.com/bolgeler/dogansehir/dogansehir-merkez/";"mahalle sayfası gövde metni";"Mahalle"
"doğanyol merkez banyo tadilatı";"yerel";"3";"https://cbinsaat.com/bolgeler/doganyol/doganyol-merkez/";"mahalle sayfası gövde metni";"Mahalle"
"doğanyol merkez boya badana";"yerel";"3";"https://cbinsaat.com/bolgeler/doganyol/doganyol-merkez/";"mahalle sayfası gövde metni";"Mahalle"
"doğanyol merkez daire tadilatı";"yerel";"3";"https://cbinsaat.com/bolgeler/doganyol/doganyol-merkez/";"mahalle sayfası gövde metni";"Mahalle"
"doğanyol merkez elektrikçi";"yerel";"3";"https://cbinsaat.com/bolgeler/doganyol/doganyol-merkez/";"mahalle sayfası gövde metni";"Mahalle"
"doğanyol merkez ev tadilatı";"yerel";"3";"https://cbinsaat.com/bolgeler/doganyol/doganyol-merkez/";"mahalle sayfası gövde metni";"Mahalle"
"doğanyol merkez mahallesi tadilat";"yerel";"3";"https://cbinsaat.com/bolgeler/doganyol/doganyol-merkez/";"mahalle sayfası";"Mahalle"
"doğanyol merkez mutfak tadilatı";"yerel";"3";"https://cbinsaat.com/bolgeler/doganyol/doganyol-merkez/";"mahalle sayfası gövde metni";"Mahalle"
"doğanyol merkez su tesisatçısı";"yerel";"3";"https://cbinsaat.com/bolgeler/doganyol/doganyol-merkez/";"mahalle sayfası gövde metni";"Mahalle"
"doğanyol merkez tadilat";"yerel";"3";"https://cbinsaat.com/bolgeler/doganyol/doganyol-merkez/";"mahalle sayfası gövde metni";"Mahalle"
"doğanyol merkez tesisatçı";"yerel";"3";"https://cbinsaat.com/bolgeler/doganyol/doganyol-merkez/";"mahalle sayfası gövde metni";"Mahalle"
"doğanyol merkez usta";"yerel";"3";"https://cbinsaat.com/bolgeler/doganyol/doganyol-merkez/";"mahalle sayfası gövde metni";"Mahalle"
"doğu banyo tadilatı";"yerel";"3";"https://cbinsaat.com/bolgeler/akcadag/dogu-akcadag/";"mahalle sayfası gövde metni";"Mahalle"
"doğu boya badana";"yerel";"3";"https://cbinsaat.com/bolgeler/akcadag/dogu-akcadag/";"mahalle sayfası gövde metni";"Mahalle"
"doğu daire tadilatı";"yerel";"3";"https://cbinsaat.com/bolgeler/akcadag/dogu-akcadag/";"mahalle sayfası gövde metni";"Mahalle"
"doğu elektrikçi";"yerel";"3";"https://cbinsaat.com/bolgeler/akcadag/dogu-akcadag/";"mahalle sayfası gövde metni";"Mahalle"
"doğu ev tadilatı";"yerel";"3";"https://cbinsaat.com/bolgeler/akcadag/dogu-akcadag/";"mahalle sayfası gövde metni";"Mahalle"
"doğu mahallesi tadilat";"yerel";"3";"https://cbinsaat.com/bolgeler/akcadag/dogu-akcadag/";"mahalle sayfası";"Mahalle"
"doğu mutfak tadilatı";"yerel";"3";"https://cbinsaat.com/bolgeler/akcadag/dogu-akcadag/";"mahalle sayfası gövde metni";"Mahalle"
"doğu su tesisatçısı";"yerel";"3";"https://cbinsaat.com/bolgeler/akcadag/dogu-akcadag/";"mahalle sayfası gövde metni";"Mahalle"
"doğu tadilat";"yerel";"3";"https://cbinsaat.com/bolgeler/akcadag/dogu-akcadag/";"mahalle sayfası gövde metni";"Mahalle"
"doğu tesisatçı";"yerel";"3";"https://cbinsaat.com/bolgeler/akcadag/dogu-akcadag/";"mahalle sayfası gövde metni";"Mahalle"
"doğu usta";"yerel";"3";"https://cbinsaat.com/bolgeler/akcadag/dogu-akcadag/";"mahalle sayfası gövde metni";"Mahalle"
"durucasu banyo tadilatı";"yerel";"3";"https://cbinsaat.com/bolgeler/yazihan/durucasu/";"mahalle sayfası gövde metni";"Mahalle"
"durucasu boya badana";"yerel";"3";"https://cbinsaat.com/bolgeler/yazihan/durucasu/";"mahalle sayfası gövde metni";"Mahalle"
"durucasu daire tadilatı";"yerel";"3";"https://cbinsaat.com/bolgeler/yazihan/durucasu/";"mahalle sayfası gövde metni";"Mahalle"
"durucasu elektrikçi";"yerel";"3";"https://cbinsaat.com/bolgeler/yazihan/durucasu/";"mahalle sayfası gövde metni";"Mahalle"
"durucasu ev tadilatı";"yerel";"3";"https://cbinsaat.com/bolgeler/yazihan/durucasu/";"mahalle sayfası gövde metni";"Mahalle"
"durucasu mahallesi tadilat";"yerel";"3";"https://cbinsaat.com/bolgeler/yazihan/durucasu/";"mahalle sayfası";"Mahalle"
"durucasu mutfak tadilatı";"yerel";"3";"https://cbinsaat.com/bolgeler/yazihan/durucasu/";"mahalle sayfası gövde metni";"Mahalle"
"durucasu su tesisatçısı";"yerel";"3";"https://cbinsaat.com/bolgeler/yazihan/durucasu/";"mahalle sayfası gövde metni";"Mahalle"
"durucasu tadilat";"yerel";"3";"https://cbinsaat.com/bolgeler/yazihan/durucasu/";"mahalle sayfası gövde metni";"Mahalle"
"durucasu tesisatçı";"yerel";"3";"https://cbinsaat.com/bolgeler/yazihan/durucasu/";"mahalle sayfası gövde metni";"Mahalle"
"durucasu usta";"yerel";"3";"https://cbinsaat.com/bolgeler/yazihan/durucasu/";"mahalle sayfası gövde metni";"Mahalle"
"elmalı banyo tadilatı";"yerel";"3";"https://cbinsaat.com/bolgeler/dogansehir/elmali-dogansehir/";"mahalle sayfası gövde metni";"Mahalle"
"elmalı boya badana";"yerel";"3";"https://cbinsaat.com/bolgeler/dogansehir/elmali-dogansehir/";"mahalle sayfası gövde metni";"Mahalle"
"elmalı daire tadilatı";"yerel";"3";"https://cbinsaat.com/bolgeler/dogansehir/elmali-dogansehir/";"mahalle sayfası gövde metni";"Mahalle"
"elmalı elektrikçi";"yerel";"3";"https://cbinsaat.com/bolgeler/dogansehir/elmali-dogansehir/";"mahalle sayfası gövde metni";"Mahalle"
"elmalı ev tadilatı";"yerel";"3";"https://cbinsaat.com/bolgeler/dogansehir/elmali-dogansehir/";"mahalle sayfası gövde metni";"Mahalle"
"elmalı mahallesi tadilat";"yerel";"3";"https://cbinsaat.com/bolgeler/dogansehir/elmali-dogansehir/";"mahalle sayfası";"Mahalle"
"elmalı mutfak tadilatı";"yerel";"3";"https://cbinsaat.com/bolgeler/dogansehir/elmali-dogansehir/";"mahalle sayfası gövde metni";"Mahalle"
"elmalı su tesisatçısı";"yerel";"3";"https://cbinsaat.com/bolgeler/dogansehir/elmali-dogansehir/";"mahalle sayfası gövde metni";"Mahalle"
"elmalı tadilat";"yerel";"3";"https://cbinsaat.com/bolgeler/dogansehir/elmali-dogansehir/";"mahalle sayfası gövde metni";"Mahalle"
"elmalı tesisatçı";"yerel";"3";"https://cbinsaat.com/bolgeler/dogansehir/elmali-dogansehir/";"mahalle sayfası gövde metni";"Mahalle"
"elmalı usta";"yerel";"3";"https://cbinsaat.com/bolgeler/dogansehir/elmali-dogansehir/";"mahalle sayfası gövde metni";"Mahalle"
"erdemli banyo tadilatı";"yerel";"3";"https://cbinsaat.com/bolgeler/puturge/erdemli-puturge/";"mahalle sayfası gövde metni";"Mahalle"
"erdemli boya badana";"yerel";"3";"https://cbinsaat.com/bolgeler/puturge/erdemli-puturge/";"mahalle sayfası gövde metni";"Mahalle"
"erdemli daire tadilatı";"yerel";"3";"https://cbinsaat.com/bolgeler/puturge/erdemli-puturge/";"mahalle sayfası gövde metni";"Mahalle"
"erdemli elektrikçi";"yerel";"3";"https://cbinsaat.com/bolgeler/puturge/erdemli-puturge/";"mahalle sayfası gövde metni";"Mahalle"
"erdemli ev tadilatı";"yerel";"3";"https://cbinsaat.com/bolgeler/puturge/erdemli-puturge/";"mahalle sayfası gövde metni";"Mahalle"
"erdemli mahallesi tadilat";"yerel";"3";"https://cbinsaat.com/bolgeler/puturge/erdemli-puturge/";"mahalle sayfası";"Mahalle"
"erdemli mutfak tadilatı";"yerel";"3";"https://cbinsaat.com/bolgeler/puturge/erdemli-puturge/";"mahalle sayfası gövde metni";"Mahalle"
"erdemli su tesisatçısı";"yerel";"3";"https://cbinsaat.com/bolgeler/puturge/erdemli-puturge/";"mahalle sayfası gövde metni";"Mahalle"
"erdemli tadilat";"yerel";"3";"https://cbinsaat.com/bolgeler/puturge/erdemli-puturge/";"mahalle sayfası gövde metni";"Mahalle"
"erdemli tesisatçı";"yerel";"3";"https://cbinsaat.com/bolgeler/puturge/erdemli-puturge/";"mahalle sayfası gövde metni";"Mahalle"
"erdemli usta";"yerel";"3";"https://cbinsaat.com/bolgeler/puturge/erdemli-puturge/";"mahalle sayfası gövde metni";"Mahalle"
"erkenek banyo tadilatı";"yerel";"3";"https://cbinsaat.com/bolgeler/dogansehir/erkenek/";"mahalle sayfası gövde metni";"Mahalle"
"erkenek boya badana";"yerel";"3";"https://cbinsaat.com/bolgeler/dogansehir/erkenek/";"mahalle sayfası gövde metni";"Mahalle"
"erkenek daire tadilatı";"yerel";"3";"https://cbinsaat.com/bolgeler/dogansehir/erkenek/";"mahalle sayfası gövde metni";"Mahalle"
"erkenek elektrikçi";"yerel";"3";"https://cbinsaat.com/bolgeler/dogansehir/erkenek/";"mahalle sayfası gövde metni";"Mahalle"
"erkenek ev tadilatı";"yerel";"3";"https://cbinsaat.com/bolgeler/dogansehir/erkenek/";"mahalle sayfası gövde metni";"Mahalle"
"erkenek mahallesi tadilat";"yerel";"3";"https://cbinsaat.com/bolgeler/dogansehir/erkenek/";"mahalle sayfası";"Mahalle"
"erkenek mutfak tadilatı";"yerel";"3";"https://cbinsaat.com/bolgeler/dogansehir/erkenek/";"mahalle sayfası gövde metni";"Mahalle"
"erkenek su tesisatçısı";"yerel";"3";"https://cbinsaat.com/bolgeler/dogansehir/erkenek/";"mahalle sayfası gövde metni";"Mahalle"
"erkenek tadilat";"yerel";"3";"https://cbinsaat.com/bolgeler/dogansehir/erkenek/";"mahalle sayfası gövde metni";"Mahalle"
"erkenek tesisatçı";"yerel";"3";"https://cbinsaat.com/bolgeler/dogansehir/erkenek/";"mahalle sayfası gövde metni";"Mahalle"
"erkenek usta";"yerel";"3";"https://cbinsaat.com/bolgeler/dogansehir/erkenek/";"mahalle sayfası gövde metni";"Mahalle"
"eskişehir banyo tadilatı";"yerel";"3";"https://cbinsaat.com/bolgeler/arapgir/eskisehir-arapgir/";"mahalle sayfası gövde metni";"Mahalle"
"eskişehir boya badana";"yerel";"3";"https://cbinsaat.com/bolgeler/arapgir/eskisehir-arapgir/";"mahalle sayfası gövde metni";"Mahalle"
"eskişehir daire tadilatı";"yerel";"3";"https://cbinsaat.com/bolgeler/arapgir/eskisehir-arapgir/";"mahalle sayfası gövde metni";"Mahalle"
"eskişehir elektrikçi";"yerel";"3";"https://cbinsaat.com/bolgeler/arapgir/eskisehir-arapgir/";"mahalle sayfası gövde metni";"Mahalle"
"eskişehir ev tadilatı";"yerel";"3";"https://cbinsaat.com/bolgeler/arapgir/eskisehir-arapgir/";"mahalle sayfası gövde metni";"Mahalle"
"eskişehir mahallesi tadilat";"yerel";"3";"https://cbinsaat.com/bolgeler/arapgir/eskisehir-arapgir/";"mahalle sayfası";"Mahalle"
"eskişehir mutfak tadilatı";"yerel";"3";"https://cbinsaat.com/bolgeler/arapgir/eskisehir-arapgir/";"mahalle sayfası gövde metni";"Mahalle"
"eskişehir su tesisatçısı";"yerel";"3";"https://cbinsaat.com/bolgeler/arapgir/eskisehir-arapgir/";"mahalle sayfası gövde metni";"Mahalle"
"eskişehir tadilat";"yerel";"3";"https://cbinsaat.com/bolgeler/arapgir/eskisehir-arapgir/";"mahalle sayfası gövde metni";"Mahalle"
"eskişehir tesisatçı";"yerel";"3";"https://cbinsaat.com/bolgeler/arapgir/eskisehir-arapgir/";"mahalle sayfası gövde metni";"Mahalle"
"eskişehir usta";"yerel";"3";"https://cbinsaat.com/bolgeler/arapgir/eskisehir-arapgir/";"mahalle sayfası gövde metni";"Mahalle"
"fethiye banyo tadilatı";"yerel";"3";"https://cbinsaat.com/bolgeler/yazihan/fethiye/";"mahalle sayfası gövde metni";"Mahalle"
"fethiye boya badana";"yerel";"3";"https://cbinsaat.com/bolgeler/yazihan/fethiye/";"mahalle sayfası gövde metni";"Mahalle"
"fethiye daire tadilatı";"yerel";"3";"https://cbinsaat.com/bolgeler/yazihan/fethiye/";"mahalle sayfası gövde metni";"Mahalle"
"fethiye elektrikçi";"yerel";"3";"https://cbinsaat.com/bolgeler/yazihan/fethiye/";"mahalle sayfası gövde metni";"Mahalle"
"fethiye ev tadilatı";"yerel";"3";"https://cbinsaat.com/bolgeler/yazihan/fethiye/";"mahalle sayfası gövde metni";"Mahalle"
"fethiye mahallesi tadilat";"yerel";"3";"https://cbinsaat.com/bolgeler/yazihan/fethiye/";"mahalle sayfası";"Mahalle"
"fethiye mutfak tadilatı";"yerel";"3";"https://cbinsaat.com/bolgeler/yazihan/fethiye/";"mahalle sayfası gövde metni";"Mahalle"
"fethiye su tesisatçısı";"yerel";"3";"https://cbinsaat.com/bolgeler/yazihan/fethiye/";"mahalle sayfası gövde metni";"Mahalle"
"fethiye tadilat";"yerel";"3";"https://cbinsaat.com/bolgeler/yazihan/fethiye/";"mahalle sayfası gövde metni";"Mahalle"
"fethiye tesisatçı";"yerel";"3";"https://cbinsaat.com/bolgeler/yazihan/fethiye/";"mahalle sayfası gövde metni";"Mahalle"
"fethiye usta";"yerel";"3";"https://cbinsaat.com/bolgeler/yazihan/fethiye/";"mahalle sayfası gövde metni";"Mahalle"
"fırat banyo tadilatı";"yerel";"3";"https://cbinsaat.com/bolgeler/battalgazi/firat/";"mahalle sayfası gövde metni";"Mahalle"
"fırat boya badana";"yerel";"3";"https://cbinsaat.com/bolgeler/battalgazi/firat/";"mahalle sayfası gövde metni";"Mahalle"
"fırat daire tadilatı";"yerel";"3";"https://cbinsaat.com/bolgeler/battalgazi/firat/";"mahalle sayfası gövde metni";"Mahalle"
"fırat elektrikçi";"yerel";"3";"https://cbinsaat.com/bolgeler/battalgazi/firat/";"mahalle sayfası gövde metni";"Mahalle"
"fırat ev tadilatı";"yerel";"3";"https://cbinsaat.com/bolgeler/battalgazi/firat/";"mahalle sayfası gövde metni";"Mahalle"
"fırat mahallesi tadilat";"yerel";"3";"https://cbinsaat.com/bolgeler/battalgazi/firat/";"mahalle sayfası";"Mahalle"
"fırat mutfak tadilatı";"yerel";"3";"https://cbinsaat.com/bolgeler/battalgazi/firat/";"mahalle sayfası gövde metni";"Mahalle"
"fırat su tesisatçısı";"yerel";"3";"https://cbinsaat.com/bolgeler/battalgazi/firat/";"mahalle sayfası gövde metni";"Mahalle"
"fırat tadilat";"yerel";"3";"https://cbinsaat.com/bolgeler/battalgazi/firat/";"mahalle sayfası gövde metni";"Mahalle"
"fırat tesisatçı";"yerel";"3";"https://cbinsaat.com/bolgeler/battalgazi/firat/";"mahalle sayfası gövde metni";"Mahalle"
"fırat usta";"yerel";"3";"https://cbinsaat.com/bolgeler/battalgazi/firat/";"mahalle sayfası gövde metni";"Mahalle"
"gökçe banyo tadilatı";"yerel";"3";"https://cbinsaat.com/bolgeler/doganyol/gokce/";"mahalle sayfası gövde metni";"Mahalle"
"gökçe boya badana";"yerel";"3";"https://cbinsaat.com/bolgeler/doganyol/gokce/";"mahalle sayfası gövde metni";"Mahalle"
"gökçe daire tadilatı";"yerel";"3";"https://cbinsaat.com/bolgeler/doganyol/gokce/";"mahalle sayfası gövde metni";"Mahalle"
"gökçe elektrikçi";"yerel";"3";"https://cbinsaat.com/bolgeler/doganyol/gokce/";"mahalle sayfası gövde metni";"Mahalle"
"gökçe ev tadilatı";"yerel";"3";"https://cbinsaat.com/bolgeler/doganyol/gokce/";"mahalle sayfası gövde metni";"Mahalle"
"gökçe mahallesi tadilat";"yerel";"3";"https://cbinsaat.com/bolgeler/doganyol/gokce/";"mahalle sayfası";"Mahalle"
"gökçe mutfak tadilatı";"yerel";"3";"https://cbinsaat.com/bolgeler/doganyol/gokce/";"mahalle sayfası gövde metni";"Mahalle"
"gökçe su tesisatçısı";"yerel";"3";"https://cbinsaat.com/bolgeler/doganyol/gokce/";"mahalle sayfası gövde metni";"Mahalle"
"gökçe tadilat";"yerel";"3";"https://cbinsaat.com/bolgeler/doganyol/gokce/";"mahalle sayfası gövde metni";"Mahalle"
"gökçe tesisatçı";"yerel";"3";"https://cbinsaat.com/bolgeler/doganyol/gokce/";"mahalle sayfası gövde metni";"Mahalle"
"gökçe usta";"yerel";"3";"https://cbinsaat.com/bolgeler/doganyol/gokce/";"mahalle sayfası gövde metni";"Mahalle"
"görgü banyo tadilatı";"yerel";"3";"https://cbinsaat.com/bolgeler/yesilyurt/gorgu/";"mahalle sayfası gövde metni";"Mahalle"
"görgü boya badana";"yerel";"3";"https://cbinsaat.com/bolgeler/yesilyurt/gorgu/";"mahalle sayfası gövde metni";"Mahalle"
"görgü daire tadilatı";"yerel";"3";"https://cbinsaat.com/bolgeler/yesilyurt/gorgu/";"mahalle sayfası gövde metni";"Mahalle"
"görgü elektrikçi";"yerel";"3";"https://cbinsaat.com/bolgeler/yesilyurt/gorgu/";"mahalle sayfası gövde metni";"Mahalle"
"görgü ev tadilatı";"yerel";"3";"https://cbinsaat.com/bolgeler/yesilyurt/gorgu/";"mahalle sayfası gövde metni";"Mahalle"
"görgü mahallesi tadilat";"yerel";"3";"https://cbinsaat.com/bolgeler/yesilyurt/gorgu/";"mahalle sayfası";"Mahalle"
"görgü mutfak tadilatı";"yerel";"3";"https://cbinsaat.com/bolgeler/yesilyurt/gorgu/";"mahalle sayfası gövde metni";"Mahalle"
"görgü su tesisatçısı";"yerel";"3";"https://cbinsaat.com/bolgeler/yesilyurt/gorgu/";"mahalle sayfası gövde metni";"Mahalle"
"görgü tadilat";"yerel";"3";"https://cbinsaat.com/bolgeler/yesilyurt/gorgu/";"mahalle sayfası gövde metni";"Mahalle"
"görgü tesisatçı";"yerel";"3";"https://cbinsaat.com/bolgeler/yesilyurt/gorgu/";"mahalle sayfası gövde metni";"Mahalle"
"görgü usta";"yerel";"3";"https://cbinsaat.com/bolgeler/yesilyurt/gorgu/";"mahalle sayfası gövde metni";"Mahalle"
"gözeler banyo tadilatı";"yerel";"3";"https://cbinsaat.com/bolgeler/puturge/gozeler/";"mahalle sayfası gövde metni";"Mahalle"
"gözeler boya badana";"yerel";"3";"https://cbinsaat.com/bolgeler/puturge/gozeler/";"mahalle sayfası gövde metni";"Mahalle"
"gözeler daire tadilatı";"yerel";"3";"https://cbinsaat.com/bolgeler/puturge/gozeler/";"mahalle sayfası gövde metni";"Mahalle"
"gözeler elektrikçi";"yerel";"3";"https://cbinsaat.com/bolgeler/puturge/gozeler/";"mahalle sayfası gövde metni";"Mahalle"
"gözeler ev tadilatı";"yerel";"3";"https://cbinsaat.com/bolgeler/puturge/gozeler/";"mahalle sayfası gövde metni";"Mahalle"
"gözeler mahallesi tadilat";"yerel";"3";"https://cbinsaat.com/bolgeler/puturge/gozeler/";"mahalle sayfası";"Mahalle"
"gözeler mutfak tadilatı";"yerel";"3";"https://cbinsaat.com/bolgeler/puturge/gozeler/";"mahalle sayfası gövde metni";"Mahalle"
"gözeler su tesisatçısı";"yerel";"3";"https://cbinsaat.com/bolgeler/puturge/gozeler/";"mahalle sayfası gövde metni";"Mahalle"
"gözeler tadilat";"yerel";"3";"https://cbinsaat.com/bolgeler/puturge/gozeler/";"mahalle sayfası gövde metni";"Mahalle"
"gözeler tesisatçı";"yerel";"3";"https://cbinsaat.com/bolgeler/puturge/gozeler/";"mahalle sayfası gövde metni";"Mahalle"
"gözeler usta";"yerel";"3";"https://cbinsaat.com/bolgeler/puturge/gozeler/";"mahalle sayfası gövde metni";"Mahalle"
"gündüzbey banyo tadilatı";"yerel";"3";"https://cbinsaat.com/bolgeler/yesilyurt/gunduzbey/";"mahalle sayfası gövde metni";"Mahalle"
"gündüzbey boya badana";"yerel";"3";"https://cbinsaat.com/bolgeler/yesilyurt/gunduzbey/";"mahalle sayfası gövde metni";"Mahalle"
"gündüzbey daire tadilatı";"yerel";"3";"https://cbinsaat.com/bolgeler/yesilyurt/gunduzbey/";"mahalle sayfası gövde metni";"Mahalle"
"gündüzbey elektrikçi";"yerel";"3";"https://cbinsaat.com/bolgeler/yesilyurt/gunduzbey/";"mahalle sayfası gövde metni";"Mahalle"
"gündüzbey ev tadilatı";"yerel";"3";"https://cbinsaat.com/bolgeler/yesilyurt/gunduzbey/";"mahalle sayfası gövde metni";"Mahalle"
"gündüzbey mahallesi tadilat";"yerel";"3";"https://cbinsaat.com/bolgeler/yesilyurt/gunduzbey/";"mahalle sayfası";"Mahalle"
"gündüzbey mutfak tadilatı";"yerel";"3";"https://cbinsaat.com/bolgeler/yesilyurt/gunduzbey/";"mahalle sayfası gövde metni";"Mahalle"
"gündüzbey su tesisatçısı";"yerel";"3";"https://cbinsaat.com/bolgeler/yesilyurt/gunduzbey/";"mahalle sayfası gövde metni";"Mahalle"
"gündüzbey tadilat";"yerel";"3";"https://cbinsaat.com/bolgeler/yesilyurt/gunduzbey/";"mahalle sayfası gövde metni";"Mahalle"
"gündüzbey tesisatçı";"yerel";"3";"https://cbinsaat.com/bolgeler/yesilyurt/gunduzbey/";"mahalle sayfası gövde metni";"Mahalle"
"gündüzbey usta";"yerel";"3";"https://cbinsaat.com/bolgeler/yesilyurt/gunduzbey/";"mahalle sayfası gövde metni";"Mahalle"
"günpınar banyo tadilatı";"yerel";"3";"https://cbinsaat.com/bolgeler/darende/gunpinar/";"mahalle sayfası gövde metni";"Mahalle"
"günpınar boya badana";"yerel";"3";"https://cbinsaat.com/bolgeler/darende/gunpinar/";"mahalle sayfası gövde metni";"Mahalle"
"günpınar daire tadilatı";"yerel";"3";"https://cbinsaat.com/bolgeler/darende/gunpinar/";"mahalle sayfası gövde metni";"Mahalle"
"günpınar elektrikçi";"yerel";"3";"https://cbinsaat.com/bolgeler/darende/gunpinar/";"mahalle sayfası gövde metni";"Mahalle"
"günpınar ev tadilatı";"yerel";"3";"https://cbinsaat.com/bolgeler/darende/gunpinar/";"mahalle sayfası gövde metni";"Mahalle"
"günpınar mahallesi tadilat";"yerel";"3";"https://cbinsaat.com/bolgeler/darende/gunpinar/";"mahalle sayfası";"Mahalle"
"günpınar mutfak tadilatı";"yerel";"3";"https://cbinsaat.com/bolgeler/darende/gunpinar/";"mahalle sayfası gövde metni";"Mahalle"
"günpınar su tesisatçısı";"yerel";"3";"https://cbinsaat.com/bolgeler/darende/gunpinar/";"mahalle sayfası gövde metni";"Mahalle"
"günpınar tadilat";"yerel";"3";"https://cbinsaat.com/bolgeler/darende/gunpinar/";"mahalle sayfası gövde metni";"Mahalle"
"günpınar tesisatçı";"yerel";"3";"https://cbinsaat.com/bolgeler/darende/gunpinar/";"mahalle sayfası gövde metni";"Mahalle"
"günpınar usta";"yerel";"3";"https://cbinsaat.com/bolgeler/darende/gunpinar/";"mahalle sayfası gövde metni";"Mahalle"
"güzelyurt banyo tadilatı";"yerel";"3";"https://cbinsaat.com/bolgeler/hekimhan/guzelyurt/";"mahalle sayfası gövde metni";"Mahalle"
"güzelyurt boya badana";"yerel";"3";"https://cbinsaat.com/bolgeler/hekimhan/guzelyurt/";"mahalle sayfası gövde metni";"Mahalle"
"güzelyurt daire tadilatı";"yerel";"3";"https://cbinsaat.com/bolgeler/hekimhan/guzelyurt/";"mahalle sayfası gövde metni";"Mahalle"
"güzelyurt elektrikçi";"yerel";"3";"https://cbinsaat.com/bolgeler/hekimhan/guzelyurt/";"mahalle sayfası gövde metni";"Mahalle"
"güzelyurt ev tadilatı";"yerel";"3";"https://cbinsaat.com/bolgeler/hekimhan/guzelyurt/";"mahalle sayfası gövde metni";"Mahalle"
"güzelyurt mahallesi tadilat";"yerel";"3";"https://cbinsaat.com/bolgeler/hekimhan/guzelyurt/";"mahalle sayfası";"Mahalle"
"güzelyurt mutfak tadilatı";"yerel";"3";"https://cbinsaat.com/bolgeler/hekimhan/guzelyurt/";"mahalle sayfası gövde metni";"Mahalle"
"güzelyurt su tesisatçısı";"yerel";"3";"https://cbinsaat.com/bolgeler/hekimhan/guzelyurt/";"mahalle sayfası gövde metni";"Mahalle"
"güzelyurt tadilat";"yerel";"3";"https://cbinsaat.com/bolgeler/hekimhan/guzelyurt/";"mahalle sayfası gövde metni";"Mahalle"
"güzelyurt tesisatçı";"yerel";"3";"https://cbinsaat.com/bolgeler/hekimhan/guzelyurt/";"mahalle sayfası gövde metni";"Mahalle"
"güzelyurt usta";"yerel";"3";"https://cbinsaat.com/bolgeler/hekimhan/guzelyurt/";"mahalle sayfası gövde metni";"Mahalle"
"hanımınçiftliği bağları banyo tadilatı";"yerel";"3";"https://cbinsaat.com/bolgeler/yesilyurt/haniminciftligi-baglari/";"mahalle sayfası gövde metni";"Mahalle"
"hanımınçiftliği bağları boya badana";"yerel";"3";"https://cbinsaat.com/bolgeler/yesilyurt/haniminciftligi-baglari/";"mahalle sayfası gövde metni";"Mahalle"
"hanımınçiftliği bağları daire tadilatı";"yerel";"3";"https://cbinsaat.com/bolgeler/yesilyurt/haniminciftligi-baglari/";"mahalle sayfası gövde metni";"Mahalle"
"hanımınçiftliği bağları elektrikçi";"yerel";"3";"https://cbinsaat.com/bolgeler/yesilyurt/haniminciftligi-baglari/";"mahalle sayfası gövde metni";"Mahalle"
"hanımınçiftliği bağları ev tadilatı";"yerel";"3";"https://cbinsaat.com/bolgeler/yesilyurt/haniminciftligi-baglari/";"mahalle sayfası gövde metni";"Mahalle"
"hanımınçiftliği bağları mahallesi tadilat";"yerel";"3";"https://cbinsaat.com/bolgeler/yesilyurt/haniminciftligi-baglari/";"mahalle sayfası";"Mahalle"
"hanımınçiftliği bağları mutfak tadilatı";"yerel";"3";"https://cbinsaat.com/bolgeler/yesilyurt/haniminciftligi-baglari/";"mahalle sayfası gövde metni";"Mahalle"
"hanımınçiftliği bağları su tesisatçısı";"yerel";"3";"https://cbinsaat.com/bolgeler/yesilyurt/haniminciftligi-baglari/";"mahalle sayfası gövde metni";"Mahalle"
"hanımınçiftliği bağları tadilat";"yerel";"3";"https://cbinsaat.com/bolgeler/yesilyurt/haniminciftligi-baglari/";"mahalle sayfası gövde metni";"Mahalle"
"hanımınçiftliği bağları tesisatçı";"yerel";"3";"https://cbinsaat.com/bolgeler/yesilyurt/haniminciftligi-baglari/";"mahalle sayfası gövde metni";"Mahalle"
"hanımınçiftliği bağları usta";"yerel";"3";"https://cbinsaat.com/bolgeler/yesilyurt/haniminciftligi-baglari/";"mahalle sayfası gövde metni";"Mahalle"
"hanımınçiftliği banyo tadilatı";"yerel";"3";"https://cbinsaat.com/bolgeler/battalgazi/haniminciftligi/";"mahalle sayfası gövde metni";"Mahalle"
"hanımınçiftliği boya badana";"yerel";"3";"https://cbinsaat.com/bolgeler/battalgazi/haniminciftligi/";"mahalle sayfası gövde metni";"Mahalle"
"hanımınçiftliği daire tadilatı";"yerel";"3";"https://cbinsaat.com/bolgeler/battalgazi/haniminciftligi/";"mahalle sayfası gövde metni";"Mahalle"
"hanımınçiftliği elektrikçi";"yerel";"3";"https://cbinsaat.com/bolgeler/battalgazi/haniminciftligi/";"mahalle sayfası gövde metni";"Mahalle"
"hanımınçiftliği ev tadilatı";"yerel";"3";"https://cbinsaat.com/bolgeler/battalgazi/haniminciftligi/";"mahalle sayfası gövde metni";"Mahalle"
"hanımınçiftliği mahallesi tadilat";"yerel";"3";"https://cbinsaat.com/bolgeler/battalgazi/haniminciftligi/";"mahalle sayfası";"Mahalle"
"hanımınçiftliği mutfak tadilatı";"yerel";"3";"https://cbinsaat.com/bolgeler/battalgazi/haniminciftligi/";"mahalle sayfası gövde metni";"Mahalle"
"hanımınçiftliği su tesisatçısı";"yerel";"3";"https://cbinsaat.com/bolgeler/battalgazi/haniminciftligi/";"mahalle sayfası gövde metni";"Mahalle"
"hanımınçiftliği tadilat";"yerel";"3";"https://cbinsaat.com/bolgeler/battalgazi/haniminciftligi/";"mahalle sayfası gövde metni";"Mahalle"
"hanımınçiftliği tesisatçı";"yerel";"3";"https://cbinsaat.com/bolgeler/battalgazi/haniminciftligi/";"mahalle sayfası gövde metni";"Mahalle"
"hanımınçiftliği usta";"yerel";"3";"https://cbinsaat.com/bolgeler/battalgazi/haniminciftligi/";"mahalle sayfası gövde metni";"Mahalle"
"hasançelebi banyo tadilatı";"yerel";"3";"https://cbinsaat.com/bolgeler/hekimhan/hasancelebi/";"mahalle sayfası gövde metni";"Mahalle"
"hasançelebi boya badana";"yerel";"3";"https://cbinsaat.com/bolgeler/hekimhan/hasancelebi/";"mahalle sayfası gövde metni";"Mahalle"
"hasançelebi daire tadilatı";"yerel";"3";"https://cbinsaat.com/bolgeler/hekimhan/hasancelebi/";"mahalle sayfası gövde metni";"Mahalle"
"hasançelebi elektrikçi";"yerel";"3";"https://cbinsaat.com/bolgeler/hekimhan/hasancelebi/";"mahalle sayfası gövde metni";"Mahalle"
"hasançelebi ev tadilatı";"yerel";"3";"https://cbinsaat.com/bolgeler/hekimhan/hasancelebi/";"mahalle sayfası gövde metni";"Mahalle"
"hasançelebi mahallesi tadilat";"yerel";"3";"https://cbinsaat.com/bolgeler/hekimhan/hasancelebi/";"mahalle sayfası";"Mahalle"
"hasançelebi mutfak tadilatı";"yerel";"3";"https://cbinsaat.com/bolgeler/hekimhan/hasancelebi/";"mahalle sayfası gövde metni";"Mahalle"
"hasançelebi su tesisatçısı";"yerel";"3";"https://cbinsaat.com/bolgeler/hekimhan/hasancelebi/";"mahalle sayfası gövde metni";"Mahalle"
"hasançelebi tadilat";"yerel";"3";"https://cbinsaat.com/bolgeler/hekimhan/hasancelebi/";"mahalle sayfası gövde metni";"Mahalle"
"hasançelebi tesisatçı";"yerel";"3";"https://cbinsaat.com/bolgeler/hekimhan/hasancelebi/";"mahalle sayfası gövde metni";"Mahalle"
"hasançelebi usta";"yerel";"3";"https://cbinsaat.com/bolgeler/hekimhan/hasancelebi/";"mahalle sayfası gövde metni";"Mahalle"
"hasırcılar banyo tadilatı";"yerel";"3";"https://cbinsaat.com/bolgeler/battalgazi/hasircilar/";"mahalle sayfası gövde metni";"Mahalle"
"hasırcılar boya badana";"yerel";"3";"https://cbinsaat.com/bolgeler/battalgazi/hasircilar/";"mahalle sayfası gövde metni";"Mahalle"
"hasırcılar daire tadilatı";"yerel";"3";"https://cbinsaat.com/bolgeler/battalgazi/hasircilar/";"mahalle sayfası gövde metni";"Mahalle"
"hasırcılar elektrikçi";"yerel";"3";"https://cbinsaat.com/bolgeler/battalgazi/hasircilar/";"mahalle sayfası gövde metni";"Mahalle"
"hasırcılar ev tadilatı";"yerel";"3";"https://cbinsaat.com/bolgeler/battalgazi/hasircilar/";"mahalle sayfası gövde metni";"Mahalle"
"hasırcılar mahallesi tadilat";"yerel";"3";"https://cbinsaat.com/bolgeler/battalgazi/hasircilar/";"mahalle sayfası";"Mahalle"
"hasırcılar mutfak tadilatı";"yerel";"3";"https://cbinsaat.com/bolgeler/battalgazi/hasircilar/";"mahalle sayfası gövde metni";"Mahalle"
"hasırcılar su tesisatçısı";"yerel";"3";"https://cbinsaat.com/bolgeler/battalgazi/hasircilar/";"mahalle sayfası gövde metni";"Mahalle"
"hasırcılar tadilat";"yerel";"3";"https://cbinsaat.com/bolgeler/battalgazi/hasircilar/";"mahalle sayfası gövde metni";"Mahalle"
"hasırcılar tesisatçı";"yerel";"3";"https://cbinsaat.com/bolgeler/battalgazi/hasircilar/";"mahalle sayfası gövde metni";"Mahalle"
"hasırcılar usta";"yerel";"3";"https://cbinsaat.com/bolgeler/battalgazi/hasircilar/";"mahalle sayfası gövde metni";"Mahalle"
"hatunsuyu banyo tadilatı";"yerel";"3";"https://cbinsaat.com/bolgeler/battalgazi/hatunsuyu/";"mahalle sayfası gövde metni";"Mahalle"
"hatunsuyu boya badana";"yerel";"3";"https://cbinsaat.com/bolgeler/battalgazi/hatunsuyu/";"mahalle sayfası gövde metni";"Mahalle"
"hatunsuyu daire tadilatı";"yerel";"3";"https://cbinsaat.com/bolgeler/battalgazi/hatunsuyu/";"mahalle sayfası gövde metni";"Mahalle"
"hatunsuyu elektrikçi";"yerel";"3";"https://cbinsaat.com/bolgeler/battalgazi/hatunsuyu/";"mahalle sayfası gövde metni";"Mahalle"
"hatunsuyu ev tadilatı";"yerel";"3";"https://cbinsaat.com/bolgeler/battalgazi/hatunsuyu/";"mahalle sayfası gövde metni";"Mahalle"
"hatunsuyu mahallesi tadilat";"yerel";"3";"https://cbinsaat.com/bolgeler/battalgazi/hatunsuyu/";"mahalle sayfası";"Mahalle"
"hatunsuyu mutfak tadilatı";"yerel";"3";"https://cbinsaat.com/bolgeler/battalgazi/hatunsuyu/";"mahalle sayfası gövde metni";"Mahalle"
"hatunsuyu su tesisatçısı";"yerel";"3";"https://cbinsaat.com/bolgeler/battalgazi/hatunsuyu/";"mahalle sayfası gövde metni";"Mahalle"
"hatunsuyu tadilat";"yerel";"3";"https://cbinsaat.com/bolgeler/battalgazi/hatunsuyu/";"mahalle sayfası gövde metni";"Mahalle"
"hatunsuyu tesisatçı";"yerel";"3";"https://cbinsaat.com/bolgeler/battalgazi/hatunsuyu/";"mahalle sayfası gövde metni";"Mahalle"
"hatunsuyu usta";"yerel";"3";"https://cbinsaat.com/bolgeler/battalgazi/hatunsuyu/";"mahalle sayfası gövde metni";"Mahalle"
"hekimhan merkez banyo tadilatı";"yerel";"3";"https://cbinsaat.com/bolgeler/hekimhan/hekimhan-merkez/";"mahalle sayfası gövde metni";"Mahalle"
"hekimhan merkez boya badana";"yerel";"3";"https://cbinsaat.com/bolgeler/hekimhan/hekimhan-merkez/";"mahalle sayfası gövde metni";"Mahalle"
"hekimhan merkez daire tadilatı";"yerel";"3";"https://cbinsaat.com/bolgeler/hekimhan/hekimhan-merkez/";"mahalle sayfası gövde metni";"Mahalle"
"hekimhan merkez elektrikçi";"yerel";"3";"https://cbinsaat.com/bolgeler/hekimhan/hekimhan-merkez/";"mahalle sayfası gövde metni";"Mahalle"
"hekimhan merkez ev tadilatı";"yerel";"3";"https://cbinsaat.com/bolgeler/hekimhan/hekimhan-merkez/";"mahalle sayfası gövde metni";"Mahalle"
"hekimhan merkez mahallesi tadilat";"yerel";"3";"https://cbinsaat.com/bolgeler/hekimhan/hekimhan-merkez/";"mahalle sayfası";"Mahalle"
"hekimhan merkez mutfak tadilatı";"yerel";"3";"https://cbinsaat.com/bolgeler/hekimhan/hekimhan-merkez/";"mahalle sayfası gövde metni";"Mahalle"
"hekimhan merkez su tesisatçısı";"yerel";"3";"https://cbinsaat.com/bolgeler/hekimhan/hekimhan-merkez/";"mahalle sayfası gövde metni";"Mahalle"
"hekimhan merkez tadilat";"yerel";"3";"https://cbinsaat.com/bolgeler/hekimhan/hekimhan-merkez/";"mahalle sayfası gövde metni";"Mahalle"
"hekimhan merkez tesisatçı";"yerel";"3";"https://cbinsaat.com/bolgeler/hekimhan/hekimhan-merkez/";"mahalle sayfası gövde metni";"Mahalle"
"hekimhan merkez usta";"yerel";"3";"https://cbinsaat.com/bolgeler/hekimhan/hekimhan-merkez/";"mahalle sayfası gövde metni";"Mahalle"
"horata banyo tadilatı";"yerel";"3";"https://cbinsaat.com/bolgeler/yesilyurt/horata/";"mahalle sayfası gövde metni";"Mahalle"
"horata boya badana";"yerel";"3";"https://cbinsaat.com/bolgeler/yesilyurt/horata/";"mahalle sayfası gövde metni";"Mahalle"
"horata daire tadilatı";"yerel";"3";"https://cbinsaat.com/bolgeler/yesilyurt/horata/";"mahalle sayfası gövde metni";"Mahalle"
"horata elektrikçi";"yerel";"3";"https://cbinsaat.com/bolgeler/yesilyurt/horata/";"mahalle sayfası gövde metni";"Mahalle"
"horata ev tadilatı";"yerel";"3";"https://cbinsaat.com/bolgeler/yesilyurt/horata/";"mahalle sayfası gövde metni";"Mahalle"
"horata mahallesi tadilat";"yerel";"3";"https://cbinsaat.com/bolgeler/yesilyurt/horata/";"mahalle sayfası";"Mahalle"
"horata mutfak tadilatı";"yerel";"3";"https://cbinsaat.com/bolgeler/yesilyurt/horata/";"mahalle sayfası gövde metni";"Mahalle"
"horata su tesisatçısı";"yerel";"3";"https://cbinsaat.com/bolgeler/yesilyurt/horata/";"mahalle sayfası gövde metni";"Mahalle"
"horata tadilat";"yerel";"3";"https://cbinsaat.com/bolgeler/yesilyurt/horata/";"mahalle sayfası gövde metni";"Mahalle"
"horata tesisatçı";"yerel";"3";"https://cbinsaat.com/bolgeler/yesilyurt/horata/";"mahalle sayfası gövde metni";"Mahalle"
"horata usta";"yerel";"3";"https://cbinsaat.com/bolgeler/yesilyurt/horata/";"mahalle sayfası gövde metni";"Mahalle"
"ı. organize sanayi bölgesi banyo tadilatı";"yerel";"3";"https://cbinsaat.com/bolgeler/yesilyurt/birinci-osb/";"mahalle sayfası gövde metni";"Mahalle"
"ı. organize sanayi bölgesi boya badana";"yerel";"3";"https://cbinsaat.com/bolgeler/yesilyurt/birinci-osb/";"mahalle sayfası gövde metni";"Mahalle"
"ı. organize sanayi bölgesi daire tadilatı";"yerel";"3";"https://cbinsaat.com/bolgeler/yesilyurt/birinci-osb/";"mahalle sayfası gövde metni";"Mahalle"
"ı. organize sanayi bölgesi elektrikçi";"yerel";"3";"https://cbinsaat.com/bolgeler/yesilyurt/birinci-osb/";"mahalle sayfası gövde metni";"Mahalle"
"ı. organize sanayi bölgesi ev tadilatı";"yerel";"3";"https://cbinsaat.com/bolgeler/yesilyurt/birinci-osb/";"mahalle sayfası gövde metni";"Mahalle"
"ı. organize sanayi bölgesi mahallesi tadilat";"yerel";"3";"https://cbinsaat.com/bolgeler/yesilyurt/birinci-osb/";"mahalle sayfası";"Mahalle"
"ı. organize sanayi bölgesi mutfak tadilatı";"yerel";"3";"https://cbinsaat.com/bolgeler/yesilyurt/birinci-osb/";"mahalle sayfası gövde metni";"Mahalle"
"ı. organize sanayi bölgesi su tesisatçısı";"yerel";"3";"https://cbinsaat.com/bolgeler/yesilyurt/birinci-osb/";"mahalle sayfası gövde metni";"Mahalle"
"ı. organize sanayi bölgesi tadilat";"yerel";"3";"https://cbinsaat.com/bolgeler/yesilyurt/birinci-osb/";"mahalle sayfası gövde metni";"Mahalle"
"ı. organize sanayi bölgesi tesisatçı";"yerel";"3";"https://cbinsaat.com/bolgeler/yesilyurt/birinci-osb/";"mahalle sayfası gövde metni";"Mahalle"
"ı. organize sanayi bölgesi usta";"yerel";"3";"https://cbinsaat.com/bolgeler/yesilyurt/birinci-osb/";"mahalle sayfası gövde metni";"Mahalle"
"ıı. organize sanayi bölgesi banyo tadilatı";"yerel";"3";"https://cbinsaat.com/bolgeler/yesilyurt/ikinci-osb/";"mahalle sayfası gövde metni";"Mahalle"
"ıı. organize sanayi bölgesi boya badana";"yerel";"3";"https://cbinsaat.com/bolgeler/yesilyurt/ikinci-osb/";"mahalle sayfası gövde metni";"Mahalle"
"ıı. organize sanayi bölgesi daire tadilatı";"yerel";"3";"https://cbinsaat.com/bolgeler/yesilyurt/ikinci-osb/";"mahalle sayfası gövde metni";"Mahalle"
"ıı. organize sanayi bölgesi elektrikçi";"yerel";"3";"https://cbinsaat.com/bolgeler/yesilyurt/ikinci-osb/";"mahalle sayfası gövde metni";"Mahalle"
"ıı. organize sanayi bölgesi ev tadilatı";"yerel";"3";"https://cbinsaat.com/bolgeler/yesilyurt/ikinci-osb/";"mahalle sayfası gövde metni";"Mahalle"
"ıı. organize sanayi bölgesi mahallesi tadilat";"yerel";"3";"https://cbinsaat.com/bolgeler/yesilyurt/ikinci-osb/";"mahalle sayfası";"Mahalle"
"ıı. organize sanayi bölgesi mutfak tadilatı";"yerel";"3";"https://cbinsaat.com/bolgeler/yesilyurt/ikinci-osb/";"mahalle sayfası gövde metni";"Mahalle"
"ıı. organize sanayi bölgesi su tesisatçısı";"yerel";"3";"https://cbinsaat.com/bolgeler/yesilyurt/ikinci-osb/";"mahalle sayfası gövde metni";"Mahalle"
"ıı. organize sanayi bölgesi tadilat";"yerel";"3";"https://cbinsaat.com/bolgeler/yesilyurt/ikinci-osb/";"mahalle sayfası gövde metni";"Mahalle"
"ıı. organize sanayi bölgesi tesisatçı";"yerel";"3";"https://cbinsaat.com/bolgeler/yesilyurt/ikinci-osb/";"mahalle sayfası gövde metni";"Mahalle"
"ıı. organize sanayi bölgesi usta";"yerel";"3";"https://cbinsaat.com/bolgeler/yesilyurt/ikinci-osb/";"mahalle sayfası gövde metni";"Mahalle"
"ikizce toki banyo tadilatı";"yerel";"3";"https://cbinsaat.com/bolgeler/yesilyurt/ikizce-toki/";"mahalle sayfası gövde metni";"Mahalle"
"ikizce toki boya badana";"yerel";"3";"https://cbinsaat.com/bolgeler/yesilyurt/ikizce-toki/";"mahalle sayfası gövde metni";"Mahalle"
"ikizce toki daire tadilatı";"yerel";"3";"https://cbinsaat.com/bolgeler/yesilyurt/ikizce-toki/";"mahalle sayfası gövde metni";"Mahalle"
"ikizce toki elektrikçi";"yerel";"3";"https://cbinsaat.com/bolgeler/yesilyurt/ikizce-toki/";"mahalle sayfası gövde metni";"Mahalle"
"ikizce toki ev tadilatı";"yerel";"3";"https://cbinsaat.com/bolgeler/yesilyurt/ikizce-toki/";"mahalle sayfası gövde metni";"Mahalle"
"ikizce toki mahallesi tadilat";"yerel";"3";"https://cbinsaat.com/bolgeler/yesilyurt/ikizce-toki/";"mahalle sayfası";"Mahalle"
"ikizce toki mutfak tadilatı";"yerel";"3";"https://cbinsaat.com/bolgeler/yesilyurt/ikizce-toki/";"mahalle sayfası gövde metni";"Mahalle"
"ikizce toki su tesisatçısı";"yerel";"3";"https://cbinsaat.com/bolgeler/yesilyurt/ikizce-toki/";"mahalle sayfası gövde metni";"Mahalle"
"ikizce toki tadilat";"yerel";"3";"https://cbinsaat.com/bolgeler/yesilyurt/ikizce-toki/";"mahalle sayfası gövde metni";"Mahalle"
"ikizce toki tesisatçı";"yerel";"3";"https://cbinsaat.com/bolgeler/yesilyurt/ikizce-toki/";"mahalle sayfası gövde metni";"Mahalle"
"ikizce toki usta";"yerel";"3";"https://cbinsaat.com/bolgeler/yesilyurt/ikizce-toki/";"mahalle sayfası gövde metni";"Mahalle"
"inönü banyo tadilatı";"yerel";"3";"https://cbinsaat.com/bolgeler/battalgazi/inonu/";"mahalle sayfası gövde metni";"Mahalle"
"inönü boya badana";"yerel";"3";"https://cbinsaat.com/bolgeler/battalgazi/inonu/";"mahalle sayfası gövde metni";"Mahalle"
"inönü daire tadilatı";"yerel";"3";"https://cbinsaat.com/bolgeler/battalgazi/inonu/";"mahalle sayfası gövde metni";"Mahalle"
"inönü elektrikçi";"yerel";"3";"https://cbinsaat.com/bolgeler/battalgazi/inonu/";"mahalle sayfası gövde metni";"Mahalle"
"inönü ev tadilatı";"yerel";"3";"https://cbinsaat.com/bolgeler/battalgazi/inonu/";"mahalle sayfası gövde metni";"Mahalle"
"inönü mahallesi tadilat";"yerel";"3";"https://cbinsaat.com/bolgeler/battalgazi/inonu/";"mahalle sayfası";"Mahalle"
"inönü mutfak tadilatı";"yerel";"3";"https://cbinsaat.com/bolgeler/battalgazi/inonu/";"mahalle sayfası gövde metni";"Mahalle"
"inönü su tesisatçısı";"yerel";"3";"https://cbinsaat.com/bolgeler/battalgazi/inonu/";"mahalle sayfası gövde metni";"Mahalle"
"inönü tadilat";"yerel";"3";"https://cbinsaat.com/bolgeler/battalgazi/inonu/";"mahalle sayfası gövde metni";"Mahalle"
"inönü tesisatçı";"yerel";"3";"https://cbinsaat.com/bolgeler/battalgazi/inonu/";"mahalle sayfası gövde metni";"Mahalle"
"inönü usta";"yerel";"3";"https://cbinsaat.com/bolgeler/battalgazi/inonu/";"mahalle sayfası gövde metni";"Mahalle"
"isak banyo tadilatı";"yerel";"3";"https://cbinsaat.com/bolgeler/doganyol/isak/";"mahalle sayfası gövde metni";"Mahalle"
"isak boya badana";"yerel";"3";"https://cbinsaat.com/bolgeler/doganyol/isak/";"mahalle sayfası gövde metni";"Mahalle"
"isak daire tadilatı";"yerel";"3";"https://cbinsaat.com/bolgeler/doganyol/isak/";"mahalle sayfası gövde metni";"Mahalle"
"isak elektrikçi";"yerel";"3";"https://cbinsaat.com/bolgeler/doganyol/isak/";"mahalle sayfası gövde metni";"Mahalle"
"isak ev tadilatı";"yerel";"3";"https://cbinsaat.com/bolgeler/doganyol/isak/";"mahalle sayfası gövde metni";"Mahalle"
"isak mahallesi tadilat";"yerel";"3";"https://cbinsaat.com/bolgeler/doganyol/isak/";"mahalle sayfası";"Mahalle"
"isak mutfak tadilatı";"yerel";"3";"https://cbinsaat.com/bolgeler/doganyol/isak/";"mahalle sayfası gövde metni";"Mahalle"
"isak su tesisatçısı";"yerel";"3";"https://cbinsaat.com/bolgeler/doganyol/isak/";"mahalle sayfası gövde metni";"Mahalle"
"isak tadilat";"yerel";"3";"https://cbinsaat.com/bolgeler/doganyol/isak/";"mahalle sayfası gövde metni";"Mahalle"
"isak tesisatçı";"yerel";"3";"https://cbinsaat.com/bolgeler/doganyol/isak/";"mahalle sayfası gövde metni";"Mahalle"
"isak usta";"yerel";"3";"https://cbinsaat.com/bolgeler/doganyol/isak/";"mahalle sayfası gövde metni";"Mahalle"
"ismetiye banyo tadilatı";"yerel";"3";"https://cbinsaat.com/bolgeler/battalgazi/ismetiye/";"mahalle sayfası gövde metni";"Mahalle"
"ismetiye boya badana";"yerel";"3";"https://cbinsaat.com/bolgeler/battalgazi/ismetiye/";"mahalle sayfası gövde metni";"Mahalle"
"ismetiye daire tadilatı";"yerel";"3";"https://cbinsaat.com/bolgeler/battalgazi/ismetiye/";"mahalle sayfası gövde metni";"Mahalle"
"ismetiye elektrikçi";"yerel";"3";"https://cbinsaat.com/bolgeler/battalgazi/ismetiye/";"mahalle sayfası gövde metni";"Mahalle"
"ismetiye ev tadilatı";"yerel";"3";"https://cbinsaat.com/bolgeler/battalgazi/ismetiye/";"mahalle sayfası gövde metni";"Mahalle"
"ismetiye mahallesi tadilat";"yerel";"3";"https://cbinsaat.com/bolgeler/battalgazi/ismetiye/";"mahalle sayfası";"Mahalle"
"ismetiye mutfak tadilatı";"yerel";"3";"https://cbinsaat.com/bolgeler/battalgazi/ismetiye/";"mahalle sayfası gövde metni";"Mahalle"
"ismetiye su tesisatçısı";"yerel";"3";"https://cbinsaat.com/bolgeler/battalgazi/ismetiye/";"mahalle sayfası gövde metni";"Mahalle"
"ismetiye tadilat";"yerel";"3";"https://cbinsaat.com/bolgeler/battalgazi/ismetiye/";"mahalle sayfası gövde metni";"Mahalle"
"ismetiye tesisatçı";"yerel";"3";"https://cbinsaat.com/bolgeler/battalgazi/ismetiye/";"mahalle sayfası gövde metni";"Mahalle"
"ismetiye usta";"yerel";"3";"https://cbinsaat.com/bolgeler/battalgazi/ismetiye/";"mahalle sayfası gövde metni";"Mahalle"
"izollu banyo tadilatı";"yerel";"3";"https://cbinsaat.com/bolgeler/kale/izollu/";"mahalle sayfası gövde metni";"Mahalle"
"izollu boya badana";"yerel";"3";"https://cbinsaat.com/bolgeler/kale/izollu/";"mahalle sayfası gövde metni";"Mahalle"
"izollu daire tadilatı";"yerel";"3";"https://cbinsaat.com/bolgeler/kale/izollu/";"mahalle sayfası gövde metni";"Mahalle"
"izollu elektrikçi";"yerel";"3";"https://cbinsaat.com/bolgeler/kale/izollu/";"mahalle sayfası gövde metni";"Mahalle"
"izollu ev tadilatı";"yerel";"3";"https://cbinsaat.com/bolgeler/kale/izollu/";"mahalle sayfası gövde metni";"Mahalle"
"izollu mahallesi tadilat";"yerel";"3";"https://cbinsaat.com/bolgeler/kale/izollu/";"mahalle sayfası";"Mahalle"
"izollu mutfak tadilatı";"yerel";"3";"https://cbinsaat.com/bolgeler/kale/izollu/";"mahalle sayfası gövde metni";"Mahalle"
"izollu su tesisatçısı";"yerel";"3";"https://cbinsaat.com/bolgeler/kale/izollu/";"mahalle sayfası gövde metni";"Mahalle"
"izollu tadilat";"yerel";"3";"https://cbinsaat.com/bolgeler/kale/izollu/";"mahalle sayfası gövde metni";"Mahalle"
"izollu tesisatçı";"yerel";"3";"https://cbinsaat.com/bolgeler/kale/izollu/";"mahalle sayfası gövde metni";"Mahalle"
"izollu usta";"yerel";"3";"https://cbinsaat.com/bolgeler/kale/izollu/";"mahalle sayfası gövde metni";"Mahalle"
"kale merkez banyo tadilatı";"yerel";"3";"https://cbinsaat.com/bolgeler/kale/kale-merkez/";"mahalle sayfası gövde metni";"Mahalle"
"kale merkez boya badana";"yerel";"3";"https://cbinsaat.com/bolgeler/kale/kale-merkez/";"mahalle sayfası gövde metni";"Mahalle"
"kale merkez daire tadilatı";"yerel";"3";"https://cbinsaat.com/bolgeler/kale/kale-merkez/";"mahalle sayfası gövde metni";"Mahalle"
"kale merkez elektrikçi";"yerel";"3";"https://cbinsaat.com/bolgeler/kale/kale-merkez/";"mahalle sayfası gövde metni";"Mahalle"
"kale merkez ev tadilatı";"yerel";"3";"https://cbinsaat.com/bolgeler/kale/kale-merkez/";"mahalle sayfası gövde metni";"Mahalle"
"kale merkez mahallesi tadilat";"yerel";"3";"https://cbinsaat.com/bolgeler/kale/kale-merkez/";"mahalle sayfası";"Mahalle"
"kale merkez mutfak tadilatı";"yerel";"3";"https://cbinsaat.com/bolgeler/kale/kale-merkez/";"mahalle sayfası gövde metni";"Mahalle"
"kale merkez su tesisatçısı";"yerel";"3";"https://cbinsaat.com/bolgeler/kale/kale-merkez/";"mahalle sayfası gövde metni";"Mahalle"
"kale merkez tadilat";"yerel";"3";"https://cbinsaat.com/bolgeler/kale/kale-merkez/";"mahalle sayfası gövde metni";"Mahalle"
"kale merkez tesisatçı";"yerel";"3";"https://cbinsaat.com/bolgeler/kale/kale-merkez/";"mahalle sayfası gövde metni";"Mahalle"
"kale merkez usta";"yerel";"3";"https://cbinsaat.com/bolgeler/kale/kale-merkez/";"mahalle sayfası gövde metni";"Mahalle"
"karahöyük banyo tadilatı";"yerel";"3";"https://cbinsaat.com/bolgeler/arguvan/karahoyuk-arguvan/";"mahalle sayfası gövde metni";"Mahalle"
"karahöyük boya badana";"yerel";"3";"https://cbinsaat.com/bolgeler/arguvan/karahoyuk-arguvan/";"mahalle sayfası gövde metni";"Mahalle"
"karahöyük daire tadilatı";"yerel";"3";"https://cbinsaat.com/bolgeler/arguvan/karahoyuk-arguvan/";"mahalle sayfası gövde metni";"Mahalle"
"karahöyük elektrikçi";"yerel";"3";"https://cbinsaat.com/bolgeler/arguvan/karahoyuk-arguvan/";"mahalle sayfası gövde metni";"Mahalle"
"karahöyük ev tadilatı";"yerel";"3";"https://cbinsaat.com/bolgeler/arguvan/karahoyuk-arguvan/";"mahalle sayfası gövde metni";"Mahalle"
"karahöyük mahallesi tadilat";"yerel";"3";"https://cbinsaat.com/bolgeler/arguvan/karahoyuk-arguvan/";"mahalle sayfası";"Mahalle"
"karahöyük mutfak tadilatı";"yerel";"3";"https://cbinsaat.com/bolgeler/arguvan/karahoyuk-arguvan/";"mahalle sayfası gövde metni";"Mahalle"
"karahöyük su tesisatçısı";"yerel";"3";"https://cbinsaat.com/bolgeler/arguvan/karahoyuk-arguvan/";"mahalle sayfası gövde metni";"Mahalle"
"karahöyük tadilat";"yerel";"3";"https://cbinsaat.com/bolgeler/arguvan/karahoyuk-arguvan/";"mahalle sayfası gövde metni";"Mahalle"
"karahöyük tesisatçı";"yerel";"3";"https://cbinsaat.com/bolgeler/arguvan/karahoyuk-arguvan/";"mahalle sayfası gövde metni";"Mahalle"
"karahöyük usta";"yerel";"3";"https://cbinsaat.com/bolgeler/arguvan/karahoyuk-arguvan/";"mahalle sayfası gövde metni";"Mahalle"
"karakavak bağları banyo tadilatı";"yerel";"3";"https://cbinsaat.com/bolgeler/yesilyurt/karakavak-baglari/";"mahalle sayfası gövde metni";"Mahalle"
"karakavak bağları boya badana";"yerel";"3";"https://cbinsaat.com/bolgeler/yesilyurt/karakavak-baglari/";"mahalle sayfası gövde metni";"Mahalle"
"karakavak bağları daire tadilatı";"yerel";"3";"https://cbinsaat.com/bolgeler/yesilyurt/karakavak-baglari/";"mahalle sayfası gövde metni";"Mahalle"
"karakavak bağları elektrikçi";"yerel";"3";"https://cbinsaat.com/bolgeler/yesilyurt/karakavak-baglari/";"mahalle sayfası gövde metni";"Mahalle"
"karakavak bağları ev tadilatı";"yerel";"3";"https://cbinsaat.com/bolgeler/yesilyurt/karakavak-baglari/";"mahalle sayfası gövde metni";"Mahalle"
"karakavak bağları mahallesi tadilat";"yerel";"3";"https://cbinsaat.com/bolgeler/yesilyurt/karakavak-baglari/";"mahalle sayfası";"Mahalle"
"karakavak bağları mutfak tadilatı";"yerel";"3";"https://cbinsaat.com/bolgeler/yesilyurt/karakavak-baglari/";"mahalle sayfası gövde metni";"Mahalle"
"karakavak bağları su tesisatçısı";"yerel";"3";"https://cbinsaat.com/bolgeler/yesilyurt/karakavak-baglari/";"mahalle sayfası gövde metni";"Mahalle"
"karakavak bağları tadilat";"yerel";"3";"https://cbinsaat.com/bolgeler/yesilyurt/karakavak-baglari/";"mahalle sayfası gövde metni";"Mahalle"
"karakavak bağları tesisatçı";"yerel";"3";"https://cbinsaat.com/bolgeler/yesilyurt/karakavak-baglari/";"mahalle sayfası gövde metni";"Mahalle"
"karakavak bağları usta";"yerel";"3";"https://cbinsaat.com/bolgeler/yesilyurt/karakavak-baglari/";"mahalle sayfası gövde metni";"Mahalle"
"karakavak banyo tadilatı";"yerel";"3";"https://cbinsaat.com/bolgeler/yesilyurt/karakavak/";"mahalle sayfası gövde metni";"Mahalle"
"karakavak boya badana";"yerel";"3";"https://cbinsaat.com/bolgeler/yesilyurt/karakavak/";"mahalle sayfası gövde metni";"Mahalle"
"karakavak daire tadilatı";"yerel";"3";"https://cbinsaat.com/bolgeler/yesilyurt/karakavak/";"mahalle sayfası gövde metni";"Mahalle"
"karakavak elektrikçi";"yerel";"3";"https://cbinsaat.com/bolgeler/yesilyurt/karakavak/";"mahalle sayfası gövde metni";"Mahalle"
"karakavak ev tadilatı";"yerel";"3";"https://cbinsaat.com/bolgeler/yesilyurt/karakavak/";"mahalle sayfası gövde metni";"Mahalle"
"karakavak mahallesi tadilat";"yerel";"3";"https://cbinsaat.com/bolgeler/yesilyurt/karakavak/";"mahalle sayfası";"Mahalle"
"karakavak mutfak tadilatı";"yerel";"3";"https://cbinsaat.com/bolgeler/yesilyurt/karakavak/";"mahalle sayfası gövde metni";"Mahalle"
"karakavak su tesisatçısı";"yerel";"3";"https://cbinsaat.com/bolgeler/yesilyurt/karakavak/";"mahalle sayfası gövde metni";"Mahalle"
"karakavak tadilat";"yerel";"3";"https://cbinsaat.com/bolgeler/yesilyurt/karakavak/";"mahalle sayfası gövde metni";"Mahalle"
"karakavak tesisatçı";"yerel";"3";"https://cbinsaat.com/bolgeler/yesilyurt/karakavak/";"mahalle sayfası gövde metni";"Mahalle"
"karakavak usta";"yerel";"3";"https://cbinsaat.com/bolgeler/yesilyurt/karakavak/";"mahalle sayfası gövde metni";"Mahalle"
"kaynarca banyo tadilatı";"yerel";"3";"https://cbinsaat.com/bolgeler/yesilyurt/kaynarca/";"mahalle sayfası gövde metni";"Mahalle"
"kaynarca boya badana";"yerel";"3";"https://cbinsaat.com/bolgeler/yesilyurt/kaynarca/";"mahalle sayfası gövde metni";"Mahalle"
"kaynarca daire tadilatı";"yerel";"3";"https://cbinsaat.com/bolgeler/yesilyurt/kaynarca/";"mahalle sayfası gövde metni";"Mahalle"
"kaynarca elektrikçi";"yerel";"3";"https://cbinsaat.com/bolgeler/yesilyurt/kaynarca/";"mahalle sayfası gövde metni";"Mahalle"
"kaynarca ev tadilatı";"yerel";"3";"https://cbinsaat.com/bolgeler/yesilyurt/kaynarca/";"mahalle sayfası gövde metni";"Mahalle"
"kaynarca mahallesi tadilat";"yerel";"3";"https://cbinsaat.com/bolgeler/yesilyurt/kaynarca/";"mahalle sayfası";"Mahalle"
"kaynarca mutfak tadilatı";"yerel";"3";"https://cbinsaat.com/bolgeler/yesilyurt/kaynarca/";"mahalle sayfası gövde metni";"Mahalle"
"kaynarca su tesisatçısı";"yerel";"3";"https://cbinsaat.com/bolgeler/yesilyurt/kaynarca/";"mahalle sayfası gövde metni";"Mahalle"
"kaynarca tadilat";"yerel";"3";"https://cbinsaat.com/bolgeler/yesilyurt/kaynarca/";"mahalle sayfası gövde metni";"Mahalle"
"kaynarca tesisatçı";"yerel";"3";"https://cbinsaat.com/bolgeler/yesilyurt/kaynarca/";"mahalle sayfası gövde metni";"Mahalle"
"kaynarca toki banyo tadilatı";"yerel";"3";"https://cbinsaat.com/bolgeler/yesilyurt/kaynarca-toki/";"mahalle sayfası gövde metni";"Mahalle"
"kaynarca toki boya badana";"yerel";"3";"https://cbinsaat.com/bolgeler/yesilyurt/kaynarca-toki/";"mahalle sayfası gövde metni";"Mahalle"
"kaynarca toki daire tadilatı";"yerel";"3";"https://cbinsaat.com/bolgeler/yesilyurt/kaynarca-toki/";"mahalle sayfası gövde metni";"Mahalle"
"kaynarca toki elektrikçi";"yerel";"3";"https://cbinsaat.com/bolgeler/yesilyurt/kaynarca-toki/";"mahalle sayfası gövde metni";"Mahalle"
"kaynarca toki ev tadilatı";"yerel";"3";"https://cbinsaat.com/bolgeler/yesilyurt/kaynarca-toki/";"mahalle sayfası gövde metni";"Mahalle"
"kaynarca toki mahallesi tadilat";"yerel";"3";"https://cbinsaat.com/bolgeler/yesilyurt/kaynarca-toki/";"mahalle sayfası";"Mahalle"
"kaynarca toki mutfak tadilatı";"yerel";"3";"https://cbinsaat.com/bolgeler/yesilyurt/kaynarca-toki/";"mahalle sayfası gövde metni";"Mahalle"
"kaynarca toki su tesisatçısı";"yerel";"3";"https://cbinsaat.com/bolgeler/yesilyurt/kaynarca-toki/";"mahalle sayfası gövde metni";"Mahalle"
"kaynarca toki tadilat";"yerel";"3";"https://cbinsaat.com/bolgeler/yesilyurt/kaynarca-toki/";"mahalle sayfası gövde metni";"Mahalle"
"kaynarca toki tesisatçı";"yerel";"3";"https://cbinsaat.com/bolgeler/yesilyurt/kaynarca-toki/";"mahalle sayfası gövde metni";"Mahalle"
"kaynarca toki usta";"yerel";"3";"https://cbinsaat.com/bolgeler/yesilyurt/kaynarca-toki/";"mahalle sayfası gövde metni";"Mahalle"
"kaynarca usta";"yerel";"3";"https://cbinsaat.com/bolgeler/yesilyurt/kaynarca/";"mahalle sayfası gövde metni";"Mahalle"
"kemerköprü banyo tadilatı";"yerel";"3";"https://cbinsaat.com/bolgeler/battalgazi/kemerkopru/";"mahalle sayfası gövde metni";"Mahalle"
"kemerköprü boya badana";"yerel";"3";"https://cbinsaat.com/bolgeler/battalgazi/kemerkopru/";"mahalle sayfası gövde metni";"Mahalle"
"kemerköprü daire tadilatı";"yerel";"3";"https://cbinsaat.com/bolgeler/battalgazi/kemerkopru/";"mahalle sayfası gövde metni";"Mahalle"
"kemerköprü elektrikçi";"yerel";"3";"https://cbinsaat.com/bolgeler/battalgazi/kemerkopru/";"mahalle sayfası gövde metni";"Mahalle"
"kemerköprü ev tadilatı";"yerel";"3";"https://cbinsaat.com/bolgeler/battalgazi/kemerkopru/";"mahalle sayfası gövde metni";"Mahalle"
"kemerköprü mahallesi tadilat";"yerel";"3";"https://cbinsaat.com/bolgeler/battalgazi/kemerkopru/";"mahalle sayfası";"Mahalle"
"kemerköprü mutfak tadilatı";"yerel";"3";"https://cbinsaat.com/bolgeler/battalgazi/kemerkopru/";"mahalle sayfası gövde metni";"Mahalle"
"kemerköprü su tesisatçısı";"yerel";"3";"https://cbinsaat.com/bolgeler/battalgazi/kemerkopru/";"mahalle sayfası gövde metni";"Mahalle"
"kemerköprü tadilat";"yerel";"3";"https://cbinsaat.com/bolgeler/battalgazi/kemerkopru/";"mahalle sayfası gövde metni";"Mahalle"
"kemerköprü tesisatçı";"yerel";"3";"https://cbinsaat.com/bolgeler/battalgazi/kemerkopru/";"mahalle sayfası gövde metni";"Mahalle"
"kemerköprü usta";"yerel";"3";"https://cbinsaat.com/bolgeler/battalgazi/kemerkopru/";"mahalle sayfası gövde metni";"Mahalle"
"kocaözü banyo tadilatı";"yerel";"3";"https://cbinsaat.com/bolgeler/hekimhan/kocaozu/";"mahalle sayfası gövde metni";"Mahalle"
"kocaözü boya badana";"yerel";"3";"https://cbinsaat.com/bolgeler/hekimhan/kocaozu/";"mahalle sayfası gövde metni";"Mahalle"
"kocaözü daire tadilatı";"yerel";"3";"https://cbinsaat.com/bolgeler/hekimhan/kocaozu/";"mahalle sayfası gövde metni";"Mahalle"
"kocaözü elektrikçi";"yerel";"3";"https://cbinsaat.com/bolgeler/hekimhan/kocaozu/";"mahalle sayfası gövde metni";"Mahalle"
"kocaözü ev tadilatı";"yerel";"3";"https://cbinsaat.com/bolgeler/hekimhan/kocaozu/";"mahalle sayfası gövde metni";"Mahalle"
"kocaözü mahallesi tadilat";"yerel";"3";"https://cbinsaat.com/bolgeler/hekimhan/kocaozu/";"mahalle sayfası";"Mahalle"
"kocaözü mutfak tadilatı";"yerel";"3";"https://cbinsaat.com/bolgeler/hekimhan/kocaozu/";"mahalle sayfası gövde metni";"Mahalle"
"kocaözü su tesisatçısı";"yerel";"3";"https://cbinsaat.com/bolgeler/hekimhan/kocaozu/";"mahalle sayfası gövde metni";"Mahalle"
"kocaözü tadilat";"yerel";"3";"https://cbinsaat.com/bolgeler/hekimhan/kocaozu/";"mahalle sayfası gövde metni";"Mahalle"
"kocaözü tesisatçı";"yerel";"3";"https://cbinsaat.com/bolgeler/hekimhan/kocaozu/";"mahalle sayfası gövde metni";"Mahalle"
"kocaözü usta";"yerel";"3";"https://cbinsaat.com/bolgeler/hekimhan/kocaozu/";"mahalle sayfası gövde metni";"Mahalle"
"konak banyo tadilatı";"yerel";"3";"https://cbinsaat.com/bolgeler/yesilyurt/konak/";"mahalle sayfası gövde metni";"Mahalle"
"konak boya badana";"yerel";"3";"https://cbinsaat.com/bolgeler/yesilyurt/konak/";"mahalle sayfası gövde metni";"Mahalle"
"konak daire tadilatı";"yerel";"3";"https://cbinsaat.com/bolgeler/yesilyurt/konak/";"mahalle sayfası gövde metni";"Mahalle"
"konak elektrikçi";"yerel";"3";"https://cbinsaat.com/bolgeler/yesilyurt/konak/";"mahalle sayfası gövde metni";"Mahalle"
"konak ev tadilatı";"yerel";"3";"https://cbinsaat.com/bolgeler/yesilyurt/konak/";"mahalle sayfası gövde metni";"Mahalle"
"konak mahallesi tadilat";"yerel";"3";"https://cbinsaat.com/bolgeler/yesilyurt/konak/";"mahalle sayfası";"Mahalle"
"konak mutfak tadilatı";"yerel";"3";"https://cbinsaat.com/bolgeler/yesilyurt/konak/";"mahalle sayfası gövde metni";"Mahalle"
"konak su tesisatçısı";"yerel";"3";"https://cbinsaat.com/bolgeler/yesilyurt/konak/";"mahalle sayfası gövde metni";"Mahalle"
"konak tadilat";"yerel";"3";"https://cbinsaat.com/bolgeler/yesilyurt/konak/";"mahalle sayfası gövde metni";"Mahalle"
"konak tesisatçı";"yerel";"3";"https://cbinsaat.com/bolgeler/yesilyurt/konak/";"mahalle sayfası gövde metni";"Mahalle"
"konak usta";"yerel";"3";"https://cbinsaat.com/bolgeler/yesilyurt/konak/";"mahalle sayfası gövde metni";"Mahalle"
"konakpınar banyo tadilatı";"yerel";"3";"https://cbinsaat.com/bolgeler/kuluncak/konakpinar/";"mahalle sayfası gövde metni";"Mahalle"
"konakpınar boya badana";"yerel";"3";"https://cbinsaat.com/bolgeler/kuluncak/konakpinar/";"mahalle sayfası gövde metni";"Mahalle"
"konakpınar daire tadilatı";"yerel";"3";"https://cbinsaat.com/bolgeler/kuluncak/konakpinar/";"mahalle sayfası gövde metni";"Mahalle"
"konakpınar elektrikçi";"yerel";"3";"https://cbinsaat.com/bolgeler/kuluncak/konakpinar/";"mahalle sayfası gövde metni";"Mahalle"
"konakpınar ev tadilatı";"yerel";"3";"https://cbinsaat.com/bolgeler/kuluncak/konakpinar/";"mahalle sayfası gövde metni";"Mahalle"
"konakpınar mahallesi tadilat";"yerel";"3";"https://cbinsaat.com/bolgeler/kuluncak/konakpinar/";"mahalle sayfası";"Mahalle"
"konakpınar mutfak tadilatı";"yerel";"3";"https://cbinsaat.com/bolgeler/kuluncak/konakpinar/";"mahalle sayfası gövde metni";"Mahalle"
"konakpınar su tesisatçısı";"yerel";"3";"https://cbinsaat.com/bolgeler/kuluncak/konakpinar/";"mahalle sayfası gövde metni";"Mahalle"
"konakpınar tadilat";"yerel";"3";"https://cbinsaat.com/bolgeler/kuluncak/konakpinar/";"mahalle sayfası gövde metni";"Mahalle"
"konakpınar tesisatçı";"yerel";"3";"https://cbinsaat.com/bolgeler/kuluncak/konakpinar/";"mahalle sayfası gövde metni";"Mahalle"
"konakpınar usta";"yerel";"3";"https://cbinsaat.com/bolgeler/kuluncak/konakpinar/";"mahalle sayfası gövde metni";"Mahalle"
"konducak banyo tadilatı";"yerel";"3";"https://cbinsaat.com/bolgeler/arapgir/konducak/";"mahalle sayfası gövde metni";"Mahalle"
"konducak boya badana";"yerel";"3";"https://cbinsaat.com/bolgeler/arapgir/konducak/";"mahalle sayfası gövde metni";"Mahalle"
"konducak daire tadilatı";"yerel";"3";"https://cbinsaat.com/bolgeler/arapgir/konducak/";"mahalle sayfası gövde metni";"Mahalle"
"konducak elektrikçi";"yerel";"3";"https://cbinsaat.com/bolgeler/arapgir/konducak/";"mahalle sayfası gövde metni";"Mahalle"
"konducak ev tadilatı";"yerel";"3";"https://cbinsaat.com/bolgeler/arapgir/konducak/";"mahalle sayfası gövde metni";"Mahalle"
"konducak mahallesi tadilat";"yerel";"3";"https://cbinsaat.com/bolgeler/arapgir/konducak/";"mahalle sayfası";"Mahalle"
"konducak mutfak tadilatı";"yerel";"3";"https://cbinsaat.com/bolgeler/arapgir/konducak/";"mahalle sayfası gövde metni";"Mahalle"
"konducak su tesisatçısı";"yerel";"3";"https://cbinsaat.com/bolgeler/arapgir/konducak/";"mahalle sayfası gövde metni";"Mahalle"
"konducak tadilat";"yerel";"3";"https://cbinsaat.com/bolgeler/arapgir/konducak/";"mahalle sayfası gövde metni";"Mahalle"
"konducak tesisatçı";"yerel";"3";"https://cbinsaat.com/bolgeler/arapgir/konducak/";"mahalle sayfası gövde metni";"Mahalle"
"konducak usta";"yerel";"3";"https://cbinsaat.com/bolgeler/arapgir/konducak/";"mahalle sayfası gövde metni";"Mahalle"
"koyunoğlu banyo tadilatı";"yerel";"3";"https://cbinsaat.com/bolgeler/yesilyurt/koyunoglu/";"mahalle sayfası gövde metni";"Mahalle"
"koyunoğlu boya badana";"yerel";"3";"https://cbinsaat.com/bolgeler/yesilyurt/koyunoglu/";"mahalle sayfası gövde metni";"Mahalle"
"koyunoğlu daire tadilatı";"yerel";"3";"https://cbinsaat.com/bolgeler/yesilyurt/koyunoglu/";"mahalle sayfası gövde metni";"Mahalle"
"koyunoğlu elektrikçi";"yerel";"3";"https://cbinsaat.com/bolgeler/yesilyurt/koyunoglu/";"mahalle sayfası gövde metni";"Mahalle"
"koyunoğlu ev tadilatı";"yerel";"3";"https://cbinsaat.com/bolgeler/yesilyurt/koyunoglu/";"mahalle sayfası gövde metni";"Mahalle"
"koyunoğlu mahallesi tadilat";"yerel";"3";"https://cbinsaat.com/bolgeler/yesilyurt/koyunoglu/";"mahalle sayfası";"Mahalle"
"koyunoğlu mutfak tadilatı";"yerel";"3";"https://cbinsaat.com/bolgeler/yesilyurt/koyunoglu/";"mahalle sayfası gövde metni";"Mahalle"
"koyunoğlu su tesisatçısı";"yerel";"3";"https://cbinsaat.com/bolgeler/yesilyurt/koyunoglu/";"mahalle sayfası gövde metni";"Mahalle"
"koyunoğlu tadilat";"yerel";"3";"https://cbinsaat.com/bolgeler/yesilyurt/koyunoglu/";"mahalle sayfası gövde metni";"Mahalle"
"koyunoğlu tesisatçı";"yerel";"3";"https://cbinsaat.com/bolgeler/yesilyurt/koyunoglu/";"mahalle sayfası gövde metni";"Mahalle"
"koyunoğlu usta";"yerel";"3";"https://cbinsaat.com/bolgeler/yesilyurt/koyunoglu/";"mahalle sayfası gövde metni";"Mahalle"
"kozluca banyo tadilatı";"yerel";"3";"https://cbinsaat.com/bolgeler/akcadag/kozluca/";"mahalle sayfası gövde metni";"Mahalle"
"kozluca boya badana";"yerel";"3";"https://cbinsaat.com/bolgeler/akcadag/kozluca/";"mahalle sayfası gövde metni";"Mahalle"
"kozluca daire tadilatı";"yerel";"3";"https://cbinsaat.com/bolgeler/akcadag/kozluca/";"mahalle sayfası gövde metni";"Mahalle"
"kozluca elektrikçi";"yerel";"3";"https://cbinsaat.com/bolgeler/akcadag/kozluca/";"mahalle sayfası gövde metni";"Mahalle"
"kozluca ev tadilatı";"yerel";"3";"https://cbinsaat.com/bolgeler/akcadag/kozluca/";"mahalle sayfası gövde metni";"Mahalle"
"kozluca mahallesi tadilat";"yerel";"3";"https://cbinsaat.com/bolgeler/akcadag/kozluca/";"mahalle sayfası";"Mahalle"
"kozluca mutfak tadilatı";"yerel";"3";"https://cbinsaat.com/bolgeler/akcadag/kozluca/";"mahalle sayfası gövde metni";"Mahalle"
"kozluca su tesisatçısı";"yerel";"3";"https://cbinsaat.com/bolgeler/akcadag/kozluca/";"mahalle sayfası gövde metni";"Mahalle"
"kozluca tadilat";"yerel";"3";"https://cbinsaat.com/bolgeler/akcadag/kozluca/";"mahalle sayfası gövde metni";"Mahalle"
"kozluca tesisatçı";"yerel";"3";"https://cbinsaat.com/bolgeler/akcadag/kozluca/";"mahalle sayfası gövde metni";"Mahalle"
"kozluca usta";"yerel";"3";"https://cbinsaat.com/bolgeler/akcadag/kozluca/";"mahalle sayfası gövde metni";"Mahalle"
"kömürhan banyo tadilatı";"yerel";"3";"https://cbinsaat.com/bolgeler/kale/komurhan/";"mahalle sayfası gövde metni";"Mahalle"
"kömürhan boya badana";"yerel";"3";"https://cbinsaat.com/bolgeler/kale/komurhan/";"mahalle sayfası gövde metni";"Mahalle"
"kömürhan daire tadilatı";"yerel";"3";"https://cbinsaat.com/bolgeler/kale/komurhan/";"mahalle sayfası gövde metni";"Mahalle"
"kömürhan elektrikçi";"yerel";"3";"https://cbinsaat.com/bolgeler/kale/komurhan/";"mahalle sayfası gövde metni";"Mahalle"
"kömürhan ev tadilatı";"yerel";"3";"https://cbinsaat.com/bolgeler/kale/komurhan/";"mahalle sayfası gövde metni";"Mahalle"
"kömürhan mahallesi tadilat";"yerel";"3";"https://cbinsaat.com/bolgeler/kale/komurhan/";"mahalle sayfası";"Mahalle"
"kömürhan mutfak tadilatı";"yerel";"3";"https://cbinsaat.com/bolgeler/kale/komurhan/";"mahalle sayfası gövde metni";"Mahalle"
"kömürhan su tesisatçısı";"yerel";"3";"https://cbinsaat.com/bolgeler/kale/komurhan/";"mahalle sayfası gövde metni";"Mahalle"
"kömürhan tadilat";"yerel";"3";"https://cbinsaat.com/bolgeler/kale/komurhan/";"mahalle sayfası gövde metni";"Mahalle"
"kömürhan tesisatçı";"yerel";"3";"https://cbinsaat.com/bolgeler/kale/komurhan/";"mahalle sayfası gövde metni";"Mahalle"
"kömürhan usta";"yerel";"3";"https://cbinsaat.com/bolgeler/kale/komurhan/";"mahalle sayfası gövde metni";"Mahalle"
"kuluncak merkez banyo tadilatı";"yerel";"3";"https://cbinsaat.com/bolgeler/kuluncak/kuluncak-merkez/";"mahalle sayfası gövde metni";"Mahalle"
"kuluncak merkez boya badana";"yerel";"3";"https://cbinsaat.com/bolgeler/kuluncak/kuluncak-merkez/";"mahalle sayfası gövde metni";"Mahalle"
"kuluncak merkez daire tadilatı";"yerel";"3";"https://cbinsaat.com/bolgeler/kuluncak/kuluncak-merkez/";"mahalle sayfası gövde metni";"Mahalle"
"kuluncak merkez elektrikçi";"yerel";"3";"https://cbinsaat.com/bolgeler/kuluncak/kuluncak-merkez/";"mahalle sayfası gövde metni";"Mahalle"
"kuluncak merkez ev tadilatı";"yerel";"3";"https://cbinsaat.com/bolgeler/kuluncak/kuluncak-merkez/";"mahalle sayfası gövde metni";"Mahalle"
"kuluncak merkez mahallesi tadilat";"yerel";"3";"https://cbinsaat.com/bolgeler/kuluncak/kuluncak-merkez/";"mahalle sayfası";"Mahalle"
"kuluncak merkez mutfak tadilatı";"yerel";"3";"https://cbinsaat.com/bolgeler/kuluncak/kuluncak-merkez/";"mahalle sayfası gövde metni";"Mahalle"
"kuluncak merkez su tesisatçısı";"yerel";"3";"https://cbinsaat.com/bolgeler/kuluncak/kuluncak-merkez/";"mahalle sayfası gövde metni";"Mahalle"
"kuluncak merkez tadilat";"yerel";"3";"https://cbinsaat.com/bolgeler/kuluncak/kuluncak-merkez/";"mahalle sayfası gövde metni";"Mahalle"
"kuluncak merkez tesisatçı";"yerel";"3";"https://cbinsaat.com/bolgeler/kuluncak/kuluncak-merkez/";"mahalle sayfası gövde metni";"Mahalle"
"kuluncak merkez usta";"yerel";"3";"https://cbinsaat.com/bolgeler/kuluncak/kuluncak-merkez/";"mahalle sayfası gövde metni";"Mahalle"
"kurucaova banyo tadilatı";"yerel";"3";"https://cbinsaat.com/bolgeler/dogansehir/kurucaova/";"mahalle sayfası gövde metni";"Mahalle"
"kurucaova boya badana";"yerel";"3";"https://cbinsaat.com/bolgeler/dogansehir/kurucaova/";"mahalle sayfası gövde metni";"Mahalle"
"kurucaova daire tadilatı";"yerel";"3";"https://cbinsaat.com/bolgeler/dogansehir/kurucaova/";"mahalle sayfası gövde metni";"Mahalle"
"kurucaova elektrikçi";"yerel";"3";"https://cbinsaat.com/bolgeler/dogansehir/kurucaova/";"mahalle sayfası gövde metni";"Mahalle"
"kurucaova ev tadilatı";"yerel";"3";"https://cbinsaat.com/bolgeler/dogansehir/kurucaova/";"mahalle sayfası gövde metni";"Mahalle"
"kurucaova mahallesi tadilat";"yerel";"3";"https://cbinsaat.com/bolgeler/dogansehir/kurucaova/";"mahalle sayfası";"Mahalle"
"kurucaova mutfak tadilatı";"yerel";"3";"https://cbinsaat.com/bolgeler/dogansehir/kurucaova/";"mahalle sayfası gövde metni";"Mahalle"
"kurucaova su tesisatçısı";"yerel";"3";"https://cbinsaat.com/bolgeler/dogansehir/kurucaova/";"mahalle sayfası gövde metni";"Mahalle"
"kurucaova tadilat";"yerel";"3";"https://cbinsaat.com/bolgeler/dogansehir/kurucaova/";"mahalle sayfası gövde metni";"Mahalle"
"kurucaova tesisatçı";"yerel";"3";"https://cbinsaat.com/bolgeler/dogansehir/kurucaova/";"mahalle sayfası gövde metni";"Mahalle"
"kurucaova usta";"yerel";"3";"https://cbinsaat.com/bolgeler/dogansehir/kurucaova/";"mahalle sayfası gövde metni";"Mahalle"
"kuruttaş banyo tadilatı";"yerel";"3";"https://cbinsaat.com/bolgeler/arguvan/kuruttas/";"mahalle sayfası gövde metni";"Mahalle"
"kuruttaş boya badana";"yerel";"3";"https://cbinsaat.com/bolgeler/arguvan/kuruttas/";"mahalle sayfası gövde metni";"Mahalle"
"kuruttaş daire tadilatı";"yerel";"3";"https://cbinsaat.com/bolgeler/arguvan/kuruttas/";"mahalle sayfası gövde metni";"Mahalle"
"kuruttaş elektrikçi";"yerel";"3";"https://cbinsaat.com/bolgeler/arguvan/kuruttas/";"mahalle sayfası gövde metni";"Mahalle"
"kuruttaş ev tadilatı";"yerel";"3";"https://cbinsaat.com/bolgeler/arguvan/kuruttas/";"mahalle sayfası gövde metni";"Mahalle"
"kuruttaş mahallesi tadilat";"yerel";"3";"https://cbinsaat.com/bolgeler/arguvan/kuruttas/";"mahalle sayfası";"Mahalle"
"kuruttaş mutfak tadilatı";"yerel";"3";"https://cbinsaat.com/bolgeler/arguvan/kuruttas/";"mahalle sayfası gövde metni";"Mahalle"
"kuruttaş su tesisatçısı";"yerel";"3";"https://cbinsaat.com/bolgeler/arguvan/kuruttas/";"mahalle sayfası gövde metni";"Mahalle"
"kuruttaş tadilat";"yerel";"3";"https://cbinsaat.com/bolgeler/arguvan/kuruttas/";"mahalle sayfası gövde metni";"Mahalle"
"kuruttaş tesisatçı";"yerel";"3";"https://cbinsaat.com/bolgeler/arguvan/kuruttas/";"mahalle sayfası gövde metni";"Mahalle"
"kuruttaş usta";"yerel";"3";"https://cbinsaat.com/bolgeler/arguvan/kuruttas/";"mahalle sayfası gövde metni";"Mahalle"
"kürecik banyo tadilatı";"yerel";"3";"https://cbinsaat.com/bolgeler/akcadag/kurecik/";"mahalle sayfası gövde metni";"Mahalle"
"kürecik boya badana";"yerel";"3";"https://cbinsaat.com/bolgeler/akcadag/kurecik/";"mahalle sayfası gövde metni";"Mahalle"
"kürecik daire tadilatı";"yerel";"3";"https://cbinsaat.com/bolgeler/akcadag/kurecik/";"mahalle sayfası gövde metni";"Mahalle"
"kürecik elektrikçi";"yerel";"3";"https://cbinsaat.com/bolgeler/akcadag/kurecik/";"mahalle sayfası gövde metni";"Mahalle"
"kürecik ev tadilatı";"yerel";"3";"https://cbinsaat.com/bolgeler/akcadag/kurecik/";"mahalle sayfası gövde metni";"Mahalle"
"kürecik mahallesi tadilat";"yerel";"3";"https://cbinsaat.com/bolgeler/akcadag/kurecik/";"mahalle sayfası";"Mahalle"
"kürecik mutfak tadilatı";"yerel";"3";"https://cbinsaat.com/bolgeler/akcadag/kurecik/";"mahalle sayfası gövde metni";"Mahalle"
"kürecik su tesisatçısı";"yerel";"3";"https://cbinsaat.com/bolgeler/akcadag/kurecik/";"mahalle sayfası gövde metni";"Mahalle"
"kürecik tadilat";"yerel";"3";"https://cbinsaat.com/bolgeler/akcadag/kurecik/";"mahalle sayfası gövde metni";"Mahalle"
"kürecik tesisatçı";"yerel";"3";"https://cbinsaat.com/bolgeler/akcadag/kurecik/";"mahalle sayfası gövde metni";"Mahalle"
"kürecik usta";"yerel";"3";"https://cbinsaat.com/bolgeler/akcadag/kurecik/";"mahalle sayfası gövde metni";"Mahalle"
"levent banyo tadilatı";"yerel";"3";"https://cbinsaat.com/bolgeler/akcadag/levent/";"mahalle sayfası gövde metni";"Mahalle"
"levent boya badana";"yerel";"3";"https://cbinsaat.com/bolgeler/akcadag/levent/";"mahalle sayfası gövde metni";"Mahalle"
"levent daire tadilatı";"yerel";"3";"https://cbinsaat.com/bolgeler/akcadag/levent/";"mahalle sayfası gövde metni";"Mahalle"
"levent elektrikçi";"yerel";"3";"https://cbinsaat.com/bolgeler/akcadag/levent/";"mahalle sayfası gövde metni";"Mahalle"
"levent ev tadilatı";"yerel";"3";"https://cbinsaat.com/bolgeler/akcadag/levent/";"mahalle sayfası gövde metni";"Mahalle"
"levent mahallesi tadilat";"yerel";"3";"https://cbinsaat.com/bolgeler/akcadag/levent/";"mahalle sayfası";"Mahalle"
"levent mutfak tadilatı";"yerel";"3";"https://cbinsaat.com/bolgeler/akcadag/levent/";"mahalle sayfası gövde metni";"Mahalle"
"levent su tesisatçısı";"yerel";"3";"https://cbinsaat.com/bolgeler/akcadag/levent/";"mahalle sayfası gövde metni";"Mahalle"
"levent tadilat";"yerel";"3";"https://cbinsaat.com/bolgeler/akcadag/levent/";"mahalle sayfası gövde metni";"Mahalle"
"levent tesisatçı";"yerel";"3";"https://cbinsaat.com/bolgeler/akcadag/levent/";"mahalle sayfası gövde metni";"Mahalle"
"levent usta";"yerel";"3";"https://cbinsaat.com/bolgeler/akcadag/levent/";"mahalle sayfası gövde metni";"Mahalle"
"melekbaba banyo tadilatı";"yerel";"3";"https://cbinsaat.com/bolgeler/yesilyurt/melekbaba/";"mahalle sayfası gövde metni";"Mahalle"
"melekbaba boya badana";"yerel";"3";"https://cbinsaat.com/bolgeler/yesilyurt/melekbaba/";"mahalle sayfası gövde metni";"Mahalle"
"melekbaba daire tadilatı";"yerel";"3";"https://cbinsaat.com/bolgeler/yesilyurt/melekbaba/";"mahalle sayfası gövde metni";"Mahalle"
"melekbaba elektrikçi";"yerel";"3";"https://cbinsaat.com/bolgeler/yesilyurt/melekbaba/";"mahalle sayfası gövde metni";"Mahalle"
"melekbaba ev tadilatı";"yerel";"3";"https://cbinsaat.com/bolgeler/yesilyurt/melekbaba/";"mahalle sayfası gövde metni";"Mahalle"
"melekbaba mahallesi tadilat";"yerel";"3";"https://cbinsaat.com/bolgeler/yesilyurt/melekbaba/";"mahalle sayfası";"Mahalle"
"melekbaba mutfak tadilatı";"yerel";"3";"https://cbinsaat.com/bolgeler/yesilyurt/melekbaba/";"mahalle sayfası gövde metni";"Mahalle"
"melekbaba su tesisatçısı";"yerel";"3";"https://cbinsaat.com/bolgeler/yesilyurt/melekbaba/";"mahalle sayfası gövde metni";"Mahalle"
"melekbaba tadilat";"yerel";"3";"https://cbinsaat.com/bolgeler/yesilyurt/melekbaba/";"mahalle sayfası gövde metni";"Mahalle"
"melekbaba tesisatçı";"yerel";"3";"https://cbinsaat.com/bolgeler/yesilyurt/melekbaba/";"mahalle sayfası gövde metni";"Mahalle"
"melekbaba usta";"yerel";"3";"https://cbinsaat.com/bolgeler/yesilyurt/melekbaba/";"mahalle sayfası gövde metni";"Mahalle"
"mermer osb banyo tadilatı";"yerel";"3";"https://cbinsaat.com/bolgeler/akcadag/mermer-osb/";"mahalle sayfası gövde metni";"Mahalle"
"mermer osb boya badana";"yerel";"3";"https://cbinsaat.com/bolgeler/akcadag/mermer-osb/";"mahalle sayfası gövde metni";"Mahalle"
"mermer osb daire tadilatı";"yerel";"3";"https://cbinsaat.com/bolgeler/akcadag/mermer-osb/";"mahalle sayfası gövde metni";"Mahalle"
"mermer osb elektrikçi";"yerel";"3";"https://cbinsaat.com/bolgeler/akcadag/mermer-osb/";"mahalle sayfası gövde metni";"Mahalle"
"mermer osb ev tadilatı";"yerel";"3";"https://cbinsaat.com/bolgeler/akcadag/mermer-osb/";"mahalle sayfası gövde metni";"Mahalle"
"mermer osb mahallesi tadilat";"yerel";"3";"https://cbinsaat.com/bolgeler/akcadag/mermer-osb/";"mahalle sayfası";"Mahalle"
"mermer osb mutfak tadilatı";"yerel";"3";"https://cbinsaat.com/bolgeler/akcadag/mermer-osb/";"mahalle sayfası gövde metni";"Mahalle"
"mermer osb su tesisatçısı";"yerel";"3";"https://cbinsaat.com/bolgeler/akcadag/mermer-osb/";"mahalle sayfası gövde metni";"Mahalle"
"mermer osb tadilat";"yerel";"3";"https://cbinsaat.com/bolgeler/akcadag/mermer-osb/";"mahalle sayfası gövde metni";"Mahalle"
"mermer osb tesisatçı";"yerel";"3";"https://cbinsaat.com/bolgeler/akcadag/mermer-osb/";"mahalle sayfası gövde metni";"Mahalle"
"mermer osb usta";"yerel";"3";"https://cbinsaat.com/bolgeler/akcadag/mermer-osb/";"mahalle sayfası gövde metni";"Mahalle"
"meydanbaşı banyo tadilatı";"yerel";"3";"https://cbinsaat.com/bolgeler/battalgazi/meydanbasi/";"mahalle sayfası gövde metni";"Mahalle"
"meydanbaşı boya badana";"yerel";"3";"https://cbinsaat.com/bolgeler/battalgazi/meydanbasi/";"mahalle sayfası gövde metni";"Mahalle"
"meydanbaşı daire tadilatı";"yerel";"3";"https://cbinsaat.com/bolgeler/battalgazi/meydanbasi/";"mahalle sayfası gövde metni";"Mahalle"
"meydanbaşı elektrikçi";"yerel";"3";"https://cbinsaat.com/bolgeler/battalgazi/meydanbasi/";"mahalle sayfası gövde metni";"Mahalle"
"meydanbaşı ev tadilatı";"yerel";"3";"https://cbinsaat.com/bolgeler/battalgazi/meydanbasi/";"mahalle sayfası gövde metni";"Mahalle"
"meydanbaşı mahallesi tadilat";"yerel";"3";"https://cbinsaat.com/bolgeler/battalgazi/meydanbasi/";"mahalle sayfası";"Mahalle"
"meydanbaşı mutfak tadilatı";"yerel";"3";"https://cbinsaat.com/bolgeler/battalgazi/meydanbasi/";"mahalle sayfası gövde metni";"Mahalle"
"meydanbaşı su tesisatçısı";"yerel";"3";"https://cbinsaat.com/bolgeler/battalgazi/meydanbasi/";"mahalle sayfası gövde metni";"Mahalle"
"meydanbaşı tadilat";"yerel";"3";"https://cbinsaat.com/bolgeler/battalgazi/meydanbasi/";"mahalle sayfası gövde metni";"Mahalle"
"meydanbaşı tesisatçı";"yerel";"3";"https://cbinsaat.com/bolgeler/battalgazi/meydanbasi/";"mahalle sayfası gövde metni";"Mahalle"
"meydanbaşı usta";"yerel";"3";"https://cbinsaat.com/bolgeler/battalgazi/meydanbasi/";"mahalle sayfası gövde metni";"Mahalle"
"morhamam banyo tadilatı";"yerel";"3";"https://cbinsaat.com/bolgeler/arguvan/morhamam/";"mahalle sayfası gövde metni";"Mahalle"
"morhamam boya badana";"yerel";"3";"https://cbinsaat.com/bolgeler/arguvan/morhamam/";"mahalle sayfası gövde metni";"Mahalle"
"morhamam daire tadilatı";"yerel";"3";"https://cbinsaat.com/bolgeler/arguvan/morhamam/";"mahalle sayfası gövde metni";"Mahalle"
"morhamam elektrikçi";"yerel";"3";"https://cbinsaat.com/bolgeler/arguvan/morhamam/";"mahalle sayfası gövde metni";"Mahalle"
"morhamam ev tadilatı";"yerel";"3";"https://cbinsaat.com/bolgeler/arguvan/morhamam/";"mahalle sayfası gövde metni";"Mahalle"
"morhamam mahallesi tadilat";"yerel";"3";"https://cbinsaat.com/bolgeler/arguvan/morhamam/";"mahalle sayfası";"Mahalle"
"morhamam mutfak tadilatı";"yerel";"3";"https://cbinsaat.com/bolgeler/arguvan/morhamam/";"mahalle sayfası gövde metni";"Mahalle"
"morhamam su tesisatçısı";"yerel";"3";"https://cbinsaat.com/bolgeler/arguvan/morhamam/";"mahalle sayfası gövde metni";"Mahalle"
"morhamam tadilat";"yerel";"3";"https://cbinsaat.com/bolgeler/arguvan/morhamam/";"mahalle sayfası gövde metni";"Mahalle"
"morhamam tesisatçı";"yerel";"3";"https://cbinsaat.com/bolgeler/arguvan/morhamam/";"mahalle sayfası gövde metni";"Mahalle"
"morhamam usta";"yerel";"3";"https://cbinsaat.com/bolgeler/arguvan/morhamam/";"mahalle sayfası gövde metni";"Mahalle"
"niyazi banyo tadilatı";"yerel";"3";"https://cbinsaat.com/bolgeler/battalgazi/niyazi/";"mahalle sayfası gövde metni";"Mahalle"
"niyazi boya badana";"yerel";"3";"https://cbinsaat.com/bolgeler/battalgazi/niyazi/";"mahalle sayfası gövde metni";"Mahalle"
"niyazi daire tadilatı";"yerel";"3";"https://cbinsaat.com/bolgeler/battalgazi/niyazi/";"mahalle sayfası gövde metni";"Mahalle"
"niyazi elektrikçi";"yerel";"3";"https://cbinsaat.com/bolgeler/battalgazi/niyazi/";"mahalle sayfası gövde metni";"Mahalle"
"niyazi ev tadilatı";"yerel";"3";"https://cbinsaat.com/bolgeler/battalgazi/niyazi/";"mahalle sayfası gövde metni";"Mahalle"
"niyazi mahallesi tadilat";"yerel";"3";"https://cbinsaat.com/bolgeler/battalgazi/niyazi/";"mahalle sayfası";"Mahalle"
"niyazi mutfak tadilatı";"yerel";"3";"https://cbinsaat.com/bolgeler/battalgazi/niyazi/";"mahalle sayfası gövde metni";"Mahalle"
"niyazi su tesisatçısı";"yerel";"3";"https://cbinsaat.com/bolgeler/battalgazi/niyazi/";"mahalle sayfası gövde metni";"Mahalle"
"niyazi tadilat";"yerel";"3";"https://cbinsaat.com/bolgeler/battalgazi/niyazi/";"mahalle sayfası gövde metni";"Mahalle"
"niyazi tesisatçı";"yerel";"3";"https://cbinsaat.com/bolgeler/battalgazi/niyazi/";"mahalle sayfası gövde metni";"Mahalle"
"niyazi usta";"yerel";"3";"https://cbinsaat.com/bolgeler/battalgazi/niyazi/";"mahalle sayfası gövde metni";"Mahalle"
"nohutlu banyo tadilatı";"yerel";"3";"https://cbinsaat.com/bolgeler/puturge/nohutlu/";"mahalle sayfası gövde metni";"Mahalle"
"nohutlu boya badana";"yerel";"3";"https://cbinsaat.com/bolgeler/puturge/nohutlu/";"mahalle sayfası gövde metni";"Mahalle"
"nohutlu daire tadilatı";"yerel";"3";"https://cbinsaat.com/bolgeler/puturge/nohutlu/";"mahalle sayfası gövde metni";"Mahalle"
"nohutlu elektrikçi";"yerel";"3";"https://cbinsaat.com/bolgeler/puturge/nohutlu/";"mahalle sayfası gövde metni";"Mahalle"
"nohutlu ev tadilatı";"yerel";"3";"https://cbinsaat.com/bolgeler/puturge/nohutlu/";"mahalle sayfası gövde metni";"Mahalle"
"nohutlu mahallesi tadilat";"yerel";"3";"https://cbinsaat.com/bolgeler/puturge/nohutlu/";"mahalle sayfası";"Mahalle"
"nohutlu mutfak tadilatı";"yerel";"3";"https://cbinsaat.com/bolgeler/puturge/nohutlu/";"mahalle sayfası gövde metni";"Mahalle"
"nohutlu su tesisatçısı";"yerel";"3";"https://cbinsaat.com/bolgeler/puturge/nohutlu/";"mahalle sayfası gövde metni";"Mahalle"
"nohutlu tadilat";"yerel";"3";"https://cbinsaat.com/bolgeler/puturge/nohutlu/";"mahalle sayfası gövde metni";"Mahalle"
"nohutlu tesisatçı";"yerel";"3";"https://cbinsaat.com/bolgeler/puturge/nohutlu/";"mahalle sayfası gövde metni";"Mahalle"
"nohutlu usta";"yerel";"3";"https://cbinsaat.com/bolgeler/puturge/nohutlu/";"mahalle sayfası gövde metni";"Mahalle"
"onar banyo tadilatı";"yerel";"3";"https://cbinsaat.com/bolgeler/arapgir/onar/";"mahalle sayfası gövde metni";"Mahalle"
"onar boya badana";"yerel";"3";"https://cbinsaat.com/bolgeler/arapgir/onar/";"mahalle sayfası gövde metni";"Mahalle"
"onar daire tadilatı";"yerel";"3";"https://cbinsaat.com/bolgeler/arapgir/onar/";"mahalle sayfası gövde metni";"Mahalle"
"onar elektrikçi";"yerel";"3";"https://cbinsaat.com/bolgeler/arapgir/onar/";"mahalle sayfası gövde metni";"Mahalle"
"onar ev tadilatı";"yerel";"3";"https://cbinsaat.com/bolgeler/arapgir/onar/";"mahalle sayfası gövde metni";"Mahalle"
"onar mahallesi tadilat";"yerel";"3";"https://cbinsaat.com/bolgeler/arapgir/onar/";"mahalle sayfası";"Mahalle"
"onar mutfak tadilatı";"yerel";"3";"https://cbinsaat.com/bolgeler/arapgir/onar/";"mahalle sayfası gövde metni";"Mahalle"
"onar su tesisatçısı";"yerel";"3";"https://cbinsaat.com/bolgeler/arapgir/onar/";"mahalle sayfası gövde metni";"Mahalle"
"onar tadilat";"yerel";"3";"https://cbinsaat.com/bolgeler/arapgir/onar/";"mahalle sayfası gövde metni";"Mahalle"
"onar tesisatçı";"yerel";"3";"https://cbinsaat.com/bolgeler/arapgir/onar/";"mahalle sayfası gövde metni";"Mahalle"
"onar usta";"yerel";"3";"https://cbinsaat.com/bolgeler/arapgir/onar/";"mahalle sayfası gövde metni";"Mahalle"
"orduzu banyo tadilatı";"yerel";"3";"https://cbinsaat.com/bolgeler/battalgazi/orduzu/";"mahalle sayfası gövde metni";"Mahalle"
"orduzu boya badana";"yerel";"3";"https://cbinsaat.com/bolgeler/battalgazi/orduzu/";"mahalle sayfası gövde metni";"Mahalle"
"orduzu daire tadilatı";"yerel";"3";"https://cbinsaat.com/bolgeler/battalgazi/orduzu/";"mahalle sayfası gövde metni";"Mahalle"
"orduzu elektrikçi";"yerel";"3";"https://cbinsaat.com/bolgeler/battalgazi/orduzu/";"mahalle sayfası gövde metni";"Mahalle"
"orduzu ev tadilatı";"yerel";"3";"https://cbinsaat.com/bolgeler/battalgazi/orduzu/";"mahalle sayfası gövde metni";"Mahalle"
"orduzu mahallesi tadilat";"yerel";"3";"https://cbinsaat.com/bolgeler/battalgazi/orduzu/";"mahalle sayfası";"Mahalle"
"orduzu mutfak tadilatı";"yerel";"3";"https://cbinsaat.com/bolgeler/battalgazi/orduzu/";"mahalle sayfası gövde metni";"Mahalle"
"orduzu su tesisatçısı";"yerel";"3";"https://cbinsaat.com/bolgeler/battalgazi/orduzu/";"mahalle sayfası gövde metni";"Mahalle"
"orduzu tadilat";"yerel";"3";"https://cbinsaat.com/bolgeler/battalgazi/orduzu/";"mahalle sayfası gövde metni";"Mahalle"
"orduzu tesisatçı";"yerel";"3";"https://cbinsaat.com/bolgeler/battalgazi/orduzu/";"mahalle sayfası gövde metni";"Mahalle"
"orduzu usta";"yerel";"3";"https://cbinsaat.com/bolgeler/battalgazi/orduzu/";"mahalle sayfası gövde metni";"Mahalle"
"ören banyo tadilatı";"yerel";"3";"https://cbinsaat.com/bolgeler/akcadag/oren/";"mahalle sayfası gövde metni";"Mahalle"
"ören boya badana";"yerel";"3";"https://cbinsaat.com/bolgeler/akcadag/oren/";"mahalle sayfası gövde metni";"Mahalle"
"ören daire tadilatı";"yerel";"3";"https://cbinsaat.com/bolgeler/akcadag/oren/";"mahalle sayfası gövde metni";"Mahalle"
"ören elektrikçi";"yerel";"3";"https://cbinsaat.com/bolgeler/akcadag/oren/";"mahalle sayfası gövde metni";"Mahalle"
"ören ev tadilatı";"yerel";"3";"https://cbinsaat.com/bolgeler/akcadag/oren/";"mahalle sayfası gövde metni";"Mahalle"
"ören mahallesi tadilat";"yerel";"3";"https://cbinsaat.com/bolgeler/akcadag/oren/";"mahalle sayfası";"Mahalle"
"ören mutfak tadilatı";"yerel";"3";"https://cbinsaat.com/bolgeler/akcadag/oren/";"mahalle sayfası gövde metni";"Mahalle"
"ören su tesisatçısı";"yerel";"3";"https://cbinsaat.com/bolgeler/akcadag/oren/";"mahalle sayfası gövde metni";"Mahalle"
"ören tadilat";"yerel";"3";"https://cbinsaat.com/bolgeler/akcadag/oren/";"mahalle sayfası gövde metni";"Mahalle"
"ören tesisatçı";"yerel";"3";"https://cbinsaat.com/bolgeler/akcadag/oren/";"mahalle sayfası gövde metni";"Mahalle"
"ören usta";"yerel";"3";"https://cbinsaat.com/bolgeler/akcadag/oren/";"mahalle sayfası gövde metni";"Mahalle"
"özalper banyo tadilatı";"yerel";"3";"https://cbinsaat.com/bolgeler/yesilyurt/ozalper/";"mahalle sayfası gövde metni";"Mahalle"
"özalper boya badana";"yerel";"3";"https://cbinsaat.com/bolgeler/yesilyurt/ozalper/";"mahalle sayfası gövde metni";"Mahalle"
"özalper daire tadilatı";"yerel";"3";"https://cbinsaat.com/bolgeler/yesilyurt/ozalper/";"mahalle sayfası gövde metni";"Mahalle"
"özalper elektrikçi";"yerel";"3";"https://cbinsaat.com/bolgeler/yesilyurt/ozalper/";"mahalle sayfası gövde metni";"Mahalle"
"özalper ev tadilatı";"yerel";"3";"https://cbinsaat.com/bolgeler/yesilyurt/ozalper/";"mahalle sayfası gövde metni";"Mahalle"
"özalper mahallesi tadilat";"yerel";"3";"https://cbinsaat.com/bolgeler/yesilyurt/ozalper/";"mahalle sayfası";"Mahalle"
"özalper mutfak tadilatı";"yerel";"3";"https://cbinsaat.com/bolgeler/yesilyurt/ozalper/";"mahalle sayfası gövde metni";"Mahalle"
"özalper su tesisatçısı";"yerel";"3";"https://cbinsaat.com/bolgeler/yesilyurt/ozalper/";"mahalle sayfası gövde metni";"Mahalle"
"özalper tadilat";"yerel";"3";"https://cbinsaat.com/bolgeler/yesilyurt/ozalper/";"mahalle sayfası gövde metni";"Mahalle"
"özalper tesisatçı";"yerel";"3";"https://cbinsaat.com/bolgeler/yesilyurt/ozalper/";"mahalle sayfası gövde metni";"Mahalle"
"özalper usta";"yerel";"3";"https://cbinsaat.com/bolgeler/yesilyurt/ozalper/";"mahalle sayfası gövde metni";"Mahalle"
"polat banyo tadilatı";"yerel";"3";"https://cbinsaat.com/bolgeler/dogansehir/polat/";"mahalle sayfası gövde metni";"Mahalle"
"polat boya badana";"yerel";"3";"https://cbinsaat.com/bolgeler/dogansehir/polat/";"mahalle sayfası gövde metni";"Mahalle"
"polat daire tadilatı";"yerel";"3";"https://cbinsaat.com/bolgeler/dogansehir/polat/";"mahalle sayfası gövde metni";"Mahalle"
"polat elektrikçi";"yerel";"3";"https://cbinsaat.com/bolgeler/dogansehir/polat/";"mahalle sayfası gövde metni";"Mahalle"
"polat ev tadilatı";"yerel";"3";"https://cbinsaat.com/bolgeler/dogansehir/polat/";"mahalle sayfası gövde metni";"Mahalle"
"polat mahallesi tadilat";"yerel";"3";"https://cbinsaat.com/bolgeler/dogansehir/polat/";"mahalle sayfası";"Mahalle"
"polat mutfak tadilatı";"yerel";"3";"https://cbinsaat.com/bolgeler/dogansehir/polat/";"mahalle sayfası gövde metni";"Mahalle"
"polat su tesisatçısı";"yerel";"3";"https://cbinsaat.com/bolgeler/dogansehir/polat/";"mahalle sayfası gövde metni";"Mahalle"
"polat tadilat";"yerel";"3";"https://cbinsaat.com/bolgeler/dogansehir/polat/";"mahalle sayfası gövde metni";"Mahalle"
"polat tesisatçı";"yerel";"3";"https://cbinsaat.com/bolgeler/dogansehir/polat/";"mahalle sayfası gövde metni";"Mahalle"
"polat usta";"yerel";"3";"https://cbinsaat.com/bolgeler/dogansehir/polat/";"mahalle sayfası gövde metni";"Mahalle"
"pütürge merkez banyo tadilatı";"yerel";"3";"https://cbinsaat.com/bolgeler/puturge/puturge-merkez/";"mahalle sayfası gövde metni";"Mahalle"
"pütürge merkez boya badana";"yerel";"3";"https://cbinsaat.com/bolgeler/puturge/puturge-merkez/";"mahalle sayfası gövde metni";"Mahalle"
"pütürge merkez daire tadilatı";"yerel";"3";"https://cbinsaat.com/bolgeler/puturge/puturge-merkez/";"mahalle sayfası gövde metni";"Mahalle"
"pütürge merkez elektrikçi";"yerel";"3";"https://cbinsaat.com/bolgeler/puturge/puturge-merkez/";"mahalle sayfası gövde metni";"Mahalle"
"pütürge merkez ev tadilatı";"yerel";"3";"https://cbinsaat.com/bolgeler/puturge/puturge-merkez/";"mahalle sayfası gövde metni";"Mahalle"
"pütürge merkez mahallesi tadilat";"yerel";"3";"https://cbinsaat.com/bolgeler/puturge/puturge-merkez/";"mahalle sayfası";"Mahalle"
"pütürge merkez mutfak tadilatı";"yerel";"3";"https://cbinsaat.com/bolgeler/puturge/puturge-merkez/";"mahalle sayfası gövde metni";"Mahalle"
"pütürge merkez su tesisatçısı";"yerel";"3";"https://cbinsaat.com/bolgeler/puturge/puturge-merkez/";"mahalle sayfası gövde metni";"Mahalle"
"pütürge merkez tadilat";"yerel";"3";"https://cbinsaat.com/bolgeler/puturge/puturge-merkez/";"mahalle sayfası gövde metni";"Mahalle"
"pütürge merkez tesisatçı";"yerel";"3";"https://cbinsaat.com/bolgeler/puturge/puturge-merkez/";"mahalle sayfası gövde metni";"Mahalle"
"pütürge merkez usta";"yerel";"3";"https://cbinsaat.com/bolgeler/puturge/puturge-merkez/";"mahalle sayfası gövde metni";"Mahalle"
"samanköy banyo tadilatı";"yerel";"3";"https://cbinsaat.com/bolgeler/yesilyurt/samankoy/";"mahalle sayfası gövde metni";"Mahalle"
"samanköy boya badana";"yerel";"3";"https://cbinsaat.com/bolgeler/yesilyurt/samankoy/";"mahalle sayfası gövde metni";"Mahalle"
"samanköy daire tadilatı";"yerel";"3";"https://cbinsaat.com/bolgeler/yesilyurt/samankoy/";"mahalle sayfası gövde metni";"Mahalle"
"samanköy elektrikçi";"yerel";"3";"https://cbinsaat.com/bolgeler/yesilyurt/samankoy/";"mahalle sayfası gövde metni";"Mahalle"
"samanköy ev tadilatı";"yerel";"3";"https://cbinsaat.com/bolgeler/yesilyurt/samankoy/";"mahalle sayfası gövde metni";"Mahalle"
"samanköy mahallesi tadilat";"yerel";"3";"https://cbinsaat.com/bolgeler/yesilyurt/samankoy/";"mahalle sayfası";"Mahalle"
"samanköy mutfak tadilatı";"yerel";"3";"https://cbinsaat.com/bolgeler/yesilyurt/samankoy/";"mahalle sayfası gövde metni";"Mahalle"
"samanköy su tesisatçısı";"yerel";"3";"https://cbinsaat.com/bolgeler/yesilyurt/samankoy/";"mahalle sayfası gövde metni";"Mahalle"
"samanköy tadilat";"yerel";"3";"https://cbinsaat.com/bolgeler/yesilyurt/samankoy/";"mahalle sayfası gövde metni";"Mahalle"
"samanköy tesisatçı";"yerel";"3";"https://cbinsaat.com/bolgeler/yesilyurt/samankoy/";"mahalle sayfası gövde metni";"Mahalle"
"samanköy usta";"yerel";"3";"https://cbinsaat.com/bolgeler/yesilyurt/samankoy/";"mahalle sayfası gövde metni";"Mahalle"
"sancaktar banyo tadilatı";"yerel";"3";"https://cbinsaat.com/bolgeler/battalgazi/sancaktar/";"mahalle sayfası gövde metni";"Mahalle"
"sancaktar boya badana";"yerel";"3";"https://cbinsaat.com/bolgeler/battalgazi/sancaktar/";"mahalle sayfası gövde metni";"Mahalle"
"sancaktar daire tadilatı";"yerel";"3";"https://cbinsaat.com/bolgeler/battalgazi/sancaktar/";"mahalle sayfası gövde metni";"Mahalle"
"sancaktar elektrikçi";"yerel";"3";"https://cbinsaat.com/bolgeler/battalgazi/sancaktar/";"mahalle sayfası gövde metni";"Mahalle"
"sancaktar ev tadilatı";"yerel";"3";"https://cbinsaat.com/bolgeler/battalgazi/sancaktar/";"mahalle sayfası gövde metni";"Mahalle"
"sancaktar mahallesi tadilat";"yerel";"3";"https://cbinsaat.com/bolgeler/battalgazi/sancaktar/";"mahalle sayfası";"Mahalle"
"sancaktar mutfak tadilatı";"yerel";"3";"https://cbinsaat.com/bolgeler/battalgazi/sancaktar/";"mahalle sayfası gövde metni";"Mahalle"
"sancaktar su tesisatçısı";"yerel";"3";"https://cbinsaat.com/bolgeler/battalgazi/sancaktar/";"mahalle sayfası gövde metni";"Mahalle"
"sancaktar tadilat";"yerel";"3";"https://cbinsaat.com/bolgeler/battalgazi/sancaktar/";"mahalle sayfası gövde metni";"Mahalle"
"sancaktar tesisatçı";"yerel";"3";"https://cbinsaat.com/bolgeler/battalgazi/sancaktar/";"mahalle sayfası gövde metni";"Mahalle"
"sancaktar usta";"yerel";"3";"https://cbinsaat.com/bolgeler/battalgazi/sancaktar/";"mahalle sayfası gövde metni";"Mahalle"
"saray banyo tadilatı";"yerel";"3";"https://cbinsaat.com/bolgeler/battalgazi/saray/";"mahalle sayfası gövde metni";"Mahalle"
"saray boya badana";"yerel";"3";"https://cbinsaat.com/bolgeler/battalgazi/saray/";"mahalle sayfası gövde metni";"Mahalle"
"saray daire tadilatı";"yerel";"3";"https://cbinsaat.com/bolgeler/battalgazi/saray/";"mahalle sayfası gövde metni";"Mahalle"
"saray elektrikçi";"yerel";"3";"https://cbinsaat.com/bolgeler/battalgazi/saray/";"mahalle sayfası gövde metni";"Mahalle"
"saray ev tadilatı";"yerel";"3";"https://cbinsaat.com/bolgeler/battalgazi/saray/";"mahalle sayfası gövde metni";"Mahalle"
"saray mahallesi tadilat";"yerel";"3";"https://cbinsaat.com/bolgeler/battalgazi/saray/";"mahalle sayfası";"Mahalle"
"saray mutfak tadilatı";"yerel";"3";"https://cbinsaat.com/bolgeler/battalgazi/saray/";"mahalle sayfası gövde metni";"Mahalle"
"saray su tesisatçısı";"yerel";"3";"https://cbinsaat.com/bolgeler/battalgazi/saray/";"mahalle sayfası gövde metni";"Mahalle"
"saray tadilat";"yerel";"3";"https://cbinsaat.com/bolgeler/battalgazi/saray/";"mahalle sayfası gövde metni";"Mahalle"
"saray tesisatçı";"yerel";"3";"https://cbinsaat.com/bolgeler/battalgazi/saray/";"mahalle sayfası gövde metni";"Mahalle"
"saray usta";"yerel";"3";"https://cbinsaat.com/bolgeler/battalgazi/saray/";"mahalle sayfası gövde metni";"Mahalle"
"sera osb banyo tadilatı";"yerel";"3";"https://cbinsaat.com/bolgeler/yazihan/sera-osb/";"mahalle sayfası gövde metni";"Mahalle"
"sera osb boya badana";"yerel";"3";"https://cbinsaat.com/bolgeler/yazihan/sera-osb/";"mahalle sayfası gövde metni";"Mahalle"
"sera osb daire tadilatı";"yerel";"3";"https://cbinsaat.com/bolgeler/yazihan/sera-osb/";"mahalle sayfası gövde metni";"Mahalle"
"sera osb elektrikçi";"yerel";"3";"https://cbinsaat.com/bolgeler/yazihan/sera-osb/";"mahalle sayfası gövde metni";"Mahalle"
"sera osb ev tadilatı";"yerel";"3";"https://cbinsaat.com/bolgeler/yazihan/sera-osb/";"mahalle sayfası gövde metni";"Mahalle"
"sera osb mahallesi tadilat";"yerel";"3";"https://cbinsaat.com/bolgeler/yazihan/sera-osb/";"mahalle sayfası";"Mahalle"
"sera osb mutfak tadilatı";"yerel";"3";"https://cbinsaat.com/bolgeler/yazihan/sera-osb/";"mahalle sayfası gövde metni";"Mahalle"
"sera osb su tesisatçısı";"yerel";"3";"https://cbinsaat.com/bolgeler/yazihan/sera-osb/";"mahalle sayfası gövde metni";"Mahalle"
"sera osb tadilat";"yerel";"3";"https://cbinsaat.com/bolgeler/yazihan/sera-osb/";"mahalle sayfası gövde metni";"Mahalle"
"sera osb tesisatçı";"yerel";"3";"https://cbinsaat.com/bolgeler/yazihan/sera-osb/";"mahalle sayfası gövde metni";"Mahalle"
"sera osb usta";"yerel";"3";"https://cbinsaat.com/bolgeler/yazihan/sera-osb/";"mahalle sayfası gövde metni";"Mahalle"
"sinik banyo tadilatı";"yerel";"3";"https://cbinsaat.com/bolgeler/arapgir/sinik/";"mahalle sayfası gövde metni";"Mahalle"
"sinik boya badana";"yerel";"3";"https://cbinsaat.com/bolgeler/arapgir/sinik/";"mahalle sayfası gövde metni";"Mahalle"
"sinik daire tadilatı";"yerel";"3";"https://cbinsaat.com/bolgeler/arapgir/sinik/";"mahalle sayfası gövde metni";"Mahalle"
"sinik elektrikçi";"yerel";"3";"https://cbinsaat.com/bolgeler/arapgir/sinik/";"mahalle sayfası gövde metni";"Mahalle"
"sinik ev tadilatı";"yerel";"3";"https://cbinsaat.com/bolgeler/arapgir/sinik/";"mahalle sayfası gövde metni";"Mahalle"
"sinik mahallesi tadilat";"yerel";"3";"https://cbinsaat.com/bolgeler/arapgir/sinik/";"mahalle sayfası";"Mahalle"
"sinik mutfak tadilatı";"yerel";"3";"https://cbinsaat.com/bolgeler/arapgir/sinik/";"mahalle sayfası gövde metni";"Mahalle"
"sinik su tesisatçısı";"yerel";"3";"https://cbinsaat.com/bolgeler/arapgir/sinik/";"mahalle sayfası gövde metni";"Mahalle"
"sinik tadilat";"yerel";"3";"https://cbinsaat.com/bolgeler/arapgir/sinik/";"mahalle sayfası gövde metni";"Mahalle"
"sinik tesisatçı";"yerel";"3";"https://cbinsaat.com/bolgeler/arapgir/sinik/";"mahalle sayfası gövde metni";"Mahalle"
"sinik usta";"yerel";"3";"https://cbinsaat.com/bolgeler/arapgir/sinik/";"mahalle sayfası gövde metni";"Mahalle"
"sofular banyo tadilatı";"yerel";"3";"https://cbinsaat.com/bolgeler/kuluncak/sofular/";"mahalle sayfası gövde metni";"Mahalle"
"sofular boya badana";"yerel";"3";"https://cbinsaat.com/bolgeler/kuluncak/sofular/";"mahalle sayfası gövde metni";"Mahalle"
"sofular daire tadilatı";"yerel";"3";"https://cbinsaat.com/bolgeler/kuluncak/sofular/";"mahalle sayfası gövde metni";"Mahalle"
"sofular elektrikçi";"yerel";"3";"https://cbinsaat.com/bolgeler/kuluncak/sofular/";"mahalle sayfası gövde metni";"Mahalle"
"sofular ev tadilatı";"yerel";"3";"https://cbinsaat.com/bolgeler/kuluncak/sofular/";"mahalle sayfası gövde metni";"Mahalle"
"sofular mahallesi tadilat";"yerel";"3";"https://cbinsaat.com/bolgeler/kuluncak/sofular/";"mahalle sayfası";"Mahalle"
"sofular mutfak tadilatı";"yerel";"3";"https://cbinsaat.com/bolgeler/kuluncak/sofular/";"mahalle sayfası gövde metni";"Mahalle"
"sofular su tesisatçısı";"yerel";"3";"https://cbinsaat.com/bolgeler/kuluncak/sofular/";"mahalle sayfası gövde metni";"Mahalle"
"sofular tadilat";"yerel";"3";"https://cbinsaat.com/bolgeler/kuluncak/sofular/";"mahalle sayfası gövde metni";"Mahalle"
"sofular tesisatçı";"yerel";"3";"https://cbinsaat.com/bolgeler/kuluncak/sofular/";"mahalle sayfası gövde metni";"Mahalle"
"sofular usta";"yerel";"3";"https://cbinsaat.com/bolgeler/kuluncak/sofular/";"mahalle sayfası gövde metni";"Mahalle"
"sürgü banyo tadilatı";"yerel";"3";"https://cbinsaat.com/bolgeler/dogansehir/surgu/";"mahalle sayfası gövde metni";"Mahalle"
"sürgü boya badana";"yerel";"3";"https://cbinsaat.com/bolgeler/dogansehir/surgu/";"mahalle sayfası gövde metni";"Mahalle"
"sürgü daire tadilatı";"yerel";"3";"https://cbinsaat.com/bolgeler/dogansehir/surgu/";"mahalle sayfası gövde metni";"Mahalle"
"sürgü elektrikçi";"yerel";"3";"https://cbinsaat.com/bolgeler/dogansehir/surgu/";"mahalle sayfası gövde metni";"Mahalle"
"sürgü ev tadilatı";"yerel";"3";"https://cbinsaat.com/bolgeler/dogansehir/surgu/";"mahalle sayfası gövde metni";"Mahalle"
"sürgü mahallesi tadilat";"yerel";"3";"https://cbinsaat.com/bolgeler/dogansehir/surgu/";"mahalle sayfası";"Mahalle"
"sürgü mutfak tadilatı";"yerel";"3";"https://cbinsaat.com/bolgeler/dogansehir/surgu/";"mahalle sayfası gövde metni";"Mahalle"
"sürgü su tesisatçısı";"yerel";"3";"https://cbinsaat.com/bolgeler/dogansehir/surgu/";"mahalle sayfası gövde metni";"Mahalle"
"sürgü tadilat";"yerel";"3";"https://cbinsaat.com/bolgeler/dogansehir/surgu/";"mahalle sayfası gövde metni";"Mahalle"
"sürgü tesisatçı";"yerel";"3";"https://cbinsaat.com/bolgeler/dogansehir/surgu/";"mahalle sayfası gövde metni";"Mahalle"
"sürgü usta";"yerel";"3";"https://cbinsaat.com/bolgeler/dogansehir/surgu/";"mahalle sayfası gövde metni";"Mahalle"
"sütlüce banyo tadilatı";"yerel";"3";"https://cbinsaat.com/bolgeler/yesilyurt/sutluce/";"mahalle sayfası gövde metni";"Mahalle"
"sütlüce boya badana";"yerel";"3";"https://cbinsaat.com/bolgeler/yesilyurt/sutluce/";"mahalle sayfası gövde metni";"Mahalle"
"sütlüce daire tadilatı";"yerel";"3";"https://cbinsaat.com/bolgeler/yesilyurt/sutluce/";"mahalle sayfası gövde metni";"Mahalle"
"sütlüce elektrikçi";"yerel";"3";"https://cbinsaat.com/bolgeler/yesilyurt/sutluce/";"mahalle sayfası gövde metni";"Mahalle"
"sütlüce ev tadilatı";"yerel";"3";"https://cbinsaat.com/bolgeler/yesilyurt/sutluce/";"mahalle sayfası gövde metni";"Mahalle"
"sütlüce mahallesi tadilat";"yerel";"3";"https://cbinsaat.com/bolgeler/yesilyurt/sutluce/";"mahalle sayfası";"Mahalle"
"sütlüce mutfak tadilatı";"yerel";"3";"https://cbinsaat.com/bolgeler/yesilyurt/sutluce/";"mahalle sayfası gövde metni";"Mahalle"
"sütlüce su tesisatçısı";"yerel";"3";"https://cbinsaat.com/bolgeler/yesilyurt/sutluce/";"mahalle sayfası gövde metni";"Mahalle"
"sütlüce tadilat";"yerel";"3";"https://cbinsaat.com/bolgeler/yesilyurt/sutluce/";"mahalle sayfası gövde metni";"Mahalle"
"sütlüce tesisatçı";"yerel";"3";"https://cbinsaat.com/bolgeler/yesilyurt/sutluce/";"mahalle sayfası gövde metni";"Mahalle"
"sütlüce usta";"yerel";"3";"https://cbinsaat.com/bolgeler/yesilyurt/sutluce/";"mahalle sayfası gövde metni";"Mahalle"
"şahnahan banyo tadilatı";"yerel";"3";"https://cbinsaat.com/bolgeler/yesilyurt/sahnahan/";"mahalle sayfası gövde metni";"Mahalle"
"şahnahan boya badana";"yerel";"3";"https://cbinsaat.com/bolgeler/yesilyurt/sahnahan/";"mahalle sayfası gövde metni";"Mahalle"
"şahnahan daire tadilatı";"yerel";"3";"https://cbinsaat.com/bolgeler/yesilyurt/sahnahan/";"mahalle sayfası gövde metni";"Mahalle"
"şahnahan elektrikçi";"yerel";"3";"https://cbinsaat.com/bolgeler/yesilyurt/sahnahan/";"mahalle sayfası gövde metni";"Mahalle"
"şahnahan ev tadilatı";"yerel";"3";"https://cbinsaat.com/bolgeler/yesilyurt/sahnahan/";"mahalle sayfası gövde metni";"Mahalle"
"şahnahan mahallesi tadilat";"yerel";"3";"https://cbinsaat.com/bolgeler/yesilyurt/sahnahan/";"mahalle sayfası";"Mahalle"
"şahnahan mutfak tadilatı";"yerel";"3";"https://cbinsaat.com/bolgeler/yesilyurt/sahnahan/";"mahalle sayfası gövde metni";"Mahalle"
"şahnahan su tesisatçısı";"yerel";"3";"https://cbinsaat.com/bolgeler/yesilyurt/sahnahan/";"mahalle sayfası gövde metni";"Mahalle"
"şahnahan tadilat";"yerel";"3";"https://cbinsaat.com/bolgeler/yesilyurt/sahnahan/";"mahalle sayfası gövde metni";"Mahalle"
"şahnahan tesisatçı";"yerel";"3";"https://cbinsaat.com/bolgeler/yesilyurt/sahnahan/";"mahalle sayfası gövde metni";"Mahalle"
"şahnahan usta";"yerel";"3";"https://cbinsaat.com/bolgeler/yesilyurt/sahnahan/";"mahalle sayfası gövde metni";"Mahalle"
"şehit fevzi banyo tadilatı";"yerel";"3";"https://cbinsaat.com/bolgeler/battalgazi/sehit-fevzi/";"mahalle sayfası gövde metni";"Mahalle"
"şehit fevzi boya badana";"yerel";"3";"https://cbinsaat.com/bolgeler/battalgazi/sehit-fevzi/";"mahalle sayfası gövde metni";"Mahalle"
"şehit fevzi daire tadilatı";"yerel";"3";"https://cbinsaat.com/bolgeler/battalgazi/sehit-fevzi/";"mahalle sayfası gövde metni";"Mahalle"
"şehit fevzi elektrikçi";"yerel";"3";"https://cbinsaat.com/bolgeler/battalgazi/sehit-fevzi/";"mahalle sayfası gövde metni";"Mahalle"
"şehit fevzi ev tadilatı";"yerel";"3";"https://cbinsaat.com/bolgeler/battalgazi/sehit-fevzi/";"mahalle sayfası gövde metni";"Mahalle"
"şehit fevzi mahallesi tadilat";"yerel";"3";"https://cbinsaat.com/bolgeler/battalgazi/sehit-fevzi/";"mahalle sayfası";"Mahalle"
"şehit fevzi mutfak tadilatı";"yerel";"3";"https://cbinsaat.com/bolgeler/battalgazi/sehit-fevzi/";"mahalle sayfası gövde metni";"Mahalle"
"şehit fevzi su tesisatçısı";"yerel";"3";"https://cbinsaat.com/bolgeler/battalgazi/sehit-fevzi/";"mahalle sayfası gövde metni";"Mahalle"
"şehit fevzi tadilat";"yerel";"3";"https://cbinsaat.com/bolgeler/battalgazi/sehit-fevzi/";"mahalle sayfası gövde metni";"Mahalle"
"şehit fevzi tesisatçı";"yerel";"3";"https://cbinsaat.com/bolgeler/battalgazi/sehit-fevzi/";"mahalle sayfası gövde metni";"Mahalle"
"şehit fevzi toki banyo tadilatı";"yerel";"3";"https://cbinsaat.com/bolgeler/battalgazi/sehit-fevzi-toki/";"mahalle sayfası gövde metni";"Mahalle"
"şehit fevzi toki boya badana";"yerel";"3";"https://cbinsaat.com/bolgeler/battalgazi/sehit-fevzi-toki/";"mahalle sayfası gövde metni";"Mahalle"
"şehit fevzi toki daire tadilatı";"yerel";"3";"https://cbinsaat.com/bolgeler/battalgazi/sehit-fevzi-toki/";"mahalle sayfası gövde metni";"Mahalle"
"şehit fevzi toki elektrikçi";"yerel";"3";"https://cbinsaat.com/bolgeler/battalgazi/sehit-fevzi-toki/";"mahalle sayfası gövde metni";"Mahalle"
"şehit fevzi toki ev tadilatı";"yerel";"3";"https://cbinsaat.com/bolgeler/battalgazi/sehit-fevzi-toki/";"mahalle sayfası gövde metni";"Mahalle"
"şehit fevzi toki mahallesi tadilat";"yerel";"3";"https://cbinsaat.com/bolgeler/battalgazi/sehit-fevzi-toki/";"mahalle sayfası";"Mahalle"
"şehit fevzi toki mutfak tadilatı";"yerel";"3";"https://cbinsaat.com/bolgeler/battalgazi/sehit-fevzi-toki/";"mahalle sayfası gövde metni";"Mahalle"
"şehit fevzi toki su tesisatçısı";"yerel";"3";"https://cbinsaat.com/bolgeler/battalgazi/sehit-fevzi-toki/";"mahalle sayfası gövde metni";"Mahalle"
"şehit fevzi toki tadilat";"yerel";"3";"https://cbinsaat.com/bolgeler/battalgazi/sehit-fevzi-toki/";"mahalle sayfası gövde metni";"Mahalle"
"şehit fevzi toki tesisatçı";"yerel";"3";"https://cbinsaat.com/bolgeler/battalgazi/sehit-fevzi-toki/";"mahalle sayfası gövde metni";"Mahalle"
"şehit fevzi toki usta";"yerel";"3";"https://cbinsaat.com/bolgeler/battalgazi/sehit-fevzi-toki/";"mahalle sayfası gövde metni";"Mahalle"
"şehit fevzi usta";"yerel";"3";"https://cbinsaat.com/bolgeler/battalgazi/sehit-fevzi/";"mahalle sayfası gövde metni";"Mahalle"
"şeyh bayram banyo tadilatı";"yerel";"3";"https://cbinsaat.com/bolgeler/yesilyurt/seyh-bayram/";"mahalle sayfası gövde metni";"Mahalle"
"şeyh bayram boya badana";"yerel";"3";"https://cbinsaat.com/bolgeler/yesilyurt/seyh-bayram/";"mahalle sayfası gövde metni";"Mahalle"
"şeyh bayram daire tadilatı";"yerel";"3";"https://cbinsaat.com/bolgeler/yesilyurt/seyh-bayram/";"mahalle sayfası gövde metni";"Mahalle"
"şeyh bayram elektrikçi";"yerel";"3";"https://cbinsaat.com/bolgeler/yesilyurt/seyh-bayram/";"mahalle sayfası gövde metni";"Mahalle"
"şeyh bayram ev tadilatı";"yerel";"3";"https://cbinsaat.com/bolgeler/yesilyurt/seyh-bayram/";"mahalle sayfası gövde metni";"Mahalle"
"şeyh bayram mahallesi tadilat";"yerel";"3";"https://cbinsaat.com/bolgeler/yesilyurt/seyh-bayram/";"mahalle sayfası";"Mahalle"
"şeyh bayram mutfak tadilatı";"yerel";"3";"https://cbinsaat.com/bolgeler/yesilyurt/seyh-bayram/";"mahalle sayfası gövde metni";"Mahalle"
"şeyh bayram su tesisatçısı";"yerel";"3";"https://cbinsaat.com/bolgeler/yesilyurt/seyh-bayram/";"mahalle sayfası gövde metni";"Mahalle"
"şeyh bayram tadilat";"yerel";"3";"https://cbinsaat.com/bolgeler/yesilyurt/seyh-bayram/";"mahalle sayfası gövde metni";"Mahalle"
"şeyh bayram tesisatçı";"yerel";"3";"https://cbinsaat.com/bolgeler/yesilyurt/seyh-bayram/";"mahalle sayfası gövde metni";"Mahalle"
"şeyh bayram usta";"yerel";"3";"https://cbinsaat.com/bolgeler/yesilyurt/seyh-bayram/";"mahalle sayfası gövde metni";"Mahalle"
"şifa banyo tadilatı";"yerel";"3";"https://cbinsaat.com/bolgeler/battalgazi/sifa/";"mahalle sayfası gövde metni";"Mahalle"
"şifa boya badana";"yerel";"3";"https://cbinsaat.com/bolgeler/battalgazi/sifa/";"mahalle sayfası gövde metni";"Mahalle"
"şifa daire tadilatı";"yerel";"3";"https://cbinsaat.com/bolgeler/battalgazi/sifa/";"mahalle sayfası gövde metni";"Mahalle"
"şifa elektrikçi";"yerel";"3";"https://cbinsaat.com/bolgeler/battalgazi/sifa/";"mahalle sayfası gövde metni";"Mahalle"
"şifa ev tadilatı";"yerel";"3";"https://cbinsaat.com/bolgeler/battalgazi/sifa/";"mahalle sayfası gövde metni";"Mahalle"
"şifa mahallesi tadilat";"yerel";"3";"https://cbinsaat.com/bolgeler/battalgazi/sifa/";"mahalle sayfası";"Mahalle"
"şifa mutfak tadilatı";"yerel";"3";"https://cbinsaat.com/bolgeler/battalgazi/sifa/";"mahalle sayfası gövde metni";"Mahalle"
"şifa su tesisatçısı";"yerel";"3";"https://cbinsaat.com/bolgeler/battalgazi/sifa/";"mahalle sayfası gövde metni";"Mahalle"
"şifa tadilat";"yerel";"3";"https://cbinsaat.com/bolgeler/battalgazi/sifa/";"mahalle sayfası gövde metni";"Mahalle"
"şifa tesisatçı";"yerel";"3";"https://cbinsaat.com/bolgeler/battalgazi/sifa/";"mahalle sayfası gövde metni";"Mahalle"
"şifa usta";"yerel";"3";"https://cbinsaat.com/bolgeler/battalgazi/sifa/";"mahalle sayfası gövde metni";"Mahalle"
"tecde banyo tadilatı";"yerel";"3";"https://cbinsaat.com/bolgeler/yesilyurt/tecde/";"mahalle sayfası gövde metni";"Mahalle"
"tecde boya badana";"yerel";"3";"https://cbinsaat.com/bolgeler/yesilyurt/tecde/";"mahalle sayfası gövde metni";"Mahalle"
"tecde daire tadilatı";"yerel";"3";"https://cbinsaat.com/bolgeler/yesilyurt/tecde/";"mahalle sayfası gövde metni";"Mahalle"
"tecde elektrikçi";"yerel";"3";"https://cbinsaat.com/bolgeler/yesilyurt/tecde/";"mahalle sayfası gövde metni";"Mahalle"
"tecde ev tadilatı";"yerel";"3";"https://cbinsaat.com/bolgeler/yesilyurt/tecde/";"mahalle sayfası gövde metni";"Mahalle"
"tecde mahallesi tadilat";"yerel";"3";"https://cbinsaat.com/bolgeler/yesilyurt/tecde/";"mahalle sayfası";"Mahalle"
"tecde mutfak tadilatı";"yerel";"3";"https://cbinsaat.com/bolgeler/yesilyurt/tecde/";"mahalle sayfası gövde metni";"Mahalle"
"tecde su tesisatçısı";"yerel";"3";"https://cbinsaat.com/bolgeler/yesilyurt/tecde/";"mahalle sayfası gövde metni";"Mahalle"
"tecde tadilat";"yerel";"3";"https://cbinsaat.com/bolgeler/yesilyurt/tecde/";"mahalle sayfası gövde metni";"Mahalle"
"tecde tesisatçı";"yerel";"3";"https://cbinsaat.com/bolgeler/yesilyurt/tecde/";"mahalle sayfası gövde metni";"Mahalle"
"tecde usta";"yerel";"3";"https://cbinsaat.com/bolgeler/yesilyurt/tecde/";"mahalle sayfası gövde metni";"Mahalle"
"tepehan banyo tadilatı";"yerel";"3";"https://cbinsaat.com/bolgeler/puturge/tepehan/";"mahalle sayfası gövde metni";"Mahalle"
"tepehan boya badana";"yerel";"3";"https://cbinsaat.com/bolgeler/puturge/tepehan/";"mahalle sayfası gövde metni";"Mahalle"
"tepehan daire tadilatı";"yerel";"3";"https://cbinsaat.com/bolgeler/puturge/tepehan/";"mahalle sayfası gövde metni";"Mahalle"
"tepehan elektrikçi";"yerel";"3";"https://cbinsaat.com/bolgeler/puturge/tepehan/";"mahalle sayfası gövde metni";"Mahalle"
"tepehan ev tadilatı";"yerel";"3";"https://cbinsaat.com/bolgeler/puturge/tepehan/";"mahalle sayfası gövde metni";"Mahalle"
"tepehan mahallesi tadilat";"yerel";"3";"https://cbinsaat.com/bolgeler/puturge/tepehan/";"mahalle sayfası";"Mahalle"
"tepehan mutfak tadilatı";"yerel";"3";"https://cbinsaat.com/bolgeler/puturge/tepehan/";"mahalle sayfası gövde metni";"Mahalle"
"tepehan su tesisatçısı";"yerel";"3";"https://cbinsaat.com/bolgeler/puturge/tepehan/";"mahalle sayfası gövde metni";"Mahalle"
"tepehan tadilat";"yerel";"3";"https://cbinsaat.com/bolgeler/puturge/tepehan/";"mahalle sayfası gövde metni";"Mahalle"
"tepehan tesisatçı";"yerel";"3";"https://cbinsaat.com/bolgeler/puturge/tepehan/";"mahalle sayfası gövde metni";"Mahalle"
"tepehan usta";"yerel";"3";"https://cbinsaat.com/bolgeler/puturge/tepehan/";"mahalle sayfası gövde metni";"Mahalle"
"topsöğüt banyo tadilatı";"yerel";"3";"https://cbinsaat.com/bolgeler/yesilyurt/topsogut/";"mahalle sayfası gövde metni";"Mahalle"
"topsöğüt boya badana";"yerel";"3";"https://cbinsaat.com/bolgeler/yesilyurt/topsogut/";"mahalle sayfası gövde metni";"Mahalle"
"topsöğüt daire tadilatı";"yerel";"3";"https://cbinsaat.com/bolgeler/yesilyurt/topsogut/";"mahalle sayfası gövde metni";"Mahalle"
"topsöğüt elektrikçi";"yerel";"3";"https://cbinsaat.com/bolgeler/yesilyurt/topsogut/";"mahalle sayfası gövde metni";"Mahalle"
"topsöğüt ev tadilatı";"yerel";"3";"https://cbinsaat.com/bolgeler/yesilyurt/topsogut/";"mahalle sayfası gövde metni";"Mahalle"
"topsöğüt mahallesi tadilat";"yerel";"3";"https://cbinsaat.com/bolgeler/yesilyurt/topsogut/";"mahalle sayfası";"Mahalle"
"topsöğüt mutfak tadilatı";"yerel";"3";"https://cbinsaat.com/bolgeler/yesilyurt/topsogut/";"mahalle sayfası gövde metni";"Mahalle"
"topsöğüt su tesisatçısı";"yerel";"3";"https://cbinsaat.com/bolgeler/yesilyurt/topsogut/";"mahalle sayfası gövde metni";"Mahalle"
"topsöğüt tadilat";"yerel";"3";"https://cbinsaat.com/bolgeler/yesilyurt/topsogut/";"mahalle sayfası gövde metni";"Mahalle"
"topsöğüt tesisatçı";"yerel";"3";"https://cbinsaat.com/bolgeler/yesilyurt/topsogut/";"mahalle sayfası gövde metni";"Mahalle"
"topsöğüt usta";"yerel";"3";"https://cbinsaat.com/bolgeler/yesilyurt/topsogut/";"mahalle sayfası gövde metni";"Mahalle"
"toygar banyo tadilatı";"yerel";"3";"https://cbinsaat.com/bolgeler/battalgazi/toygar/";"mahalle sayfası gövde metni";"Mahalle"
"toygar boya badana";"yerel";"3";"https://cbinsaat.com/bolgeler/battalgazi/toygar/";"mahalle sayfası gövde metni";"Mahalle"
"toygar daire tadilatı";"yerel";"3";"https://cbinsaat.com/bolgeler/battalgazi/toygar/";"mahalle sayfası gövde metni";"Mahalle"
"toygar elektrikçi";"yerel";"3";"https://cbinsaat.com/bolgeler/battalgazi/toygar/";"mahalle sayfası gövde metni";"Mahalle"
"toygar ev tadilatı";"yerel";"3";"https://cbinsaat.com/bolgeler/battalgazi/toygar/";"mahalle sayfası gövde metni";"Mahalle"
"toygar mahallesi tadilat";"yerel";"3";"https://cbinsaat.com/bolgeler/battalgazi/toygar/";"mahalle sayfası";"Mahalle"
"toygar mutfak tadilatı";"yerel";"3";"https://cbinsaat.com/bolgeler/battalgazi/toygar/";"mahalle sayfası gövde metni";"Mahalle"
"toygar su tesisatçısı";"yerel";"3";"https://cbinsaat.com/bolgeler/battalgazi/toygar/";"mahalle sayfası gövde metni";"Mahalle"
"toygar tadilat";"yerel";"3";"https://cbinsaat.com/bolgeler/battalgazi/toygar/";"mahalle sayfası gövde metni";"Mahalle"
"toygar tesisatçı";"yerel";"3";"https://cbinsaat.com/bolgeler/battalgazi/toygar/";"mahalle sayfası gövde metni";"Mahalle"
"toygar usta";"yerel";"3";"https://cbinsaat.com/bolgeler/battalgazi/toygar/";"mahalle sayfası gövde metni";"Mahalle"
"turgut özal banyo tadilatı";"yerel";"3";"https://cbinsaat.com/bolgeler/yesilyurt/turgut-ozal/";"mahalle sayfası gövde metni";"Mahalle"
"turgut özal boya badana";"yerel";"3";"https://cbinsaat.com/bolgeler/yesilyurt/turgut-ozal/";"mahalle sayfası gövde metni";"Mahalle"
"turgut özal daire tadilatı";"yerel";"3";"https://cbinsaat.com/bolgeler/yesilyurt/turgut-ozal/";"mahalle sayfası gövde metni";"Mahalle"
"turgut özal elektrikçi";"yerel";"3";"https://cbinsaat.com/bolgeler/yesilyurt/turgut-ozal/";"mahalle sayfası gövde metni";"Mahalle"
"turgut özal ev tadilatı";"yerel";"3";"https://cbinsaat.com/bolgeler/yesilyurt/turgut-ozal/";"mahalle sayfası gövde metni";"Mahalle"
"turgut özal mahallesi tadilat";"yerel";"3";"https://cbinsaat.com/bolgeler/yesilyurt/turgut-ozal/";"mahalle sayfası";"Mahalle"
"turgut özal mutfak tadilatı";"yerel";"3";"https://cbinsaat.com/bolgeler/yesilyurt/turgut-ozal/";"mahalle sayfası gövde metni";"Mahalle"
"turgut özal su tesisatçısı";"yerel";"3";"https://cbinsaat.com/bolgeler/yesilyurt/turgut-ozal/";"mahalle sayfası gövde metni";"Mahalle"
"turgut özal tadilat";"yerel";"3";"https://cbinsaat.com/bolgeler/yesilyurt/turgut-ozal/";"mahalle sayfası gövde metni";"Mahalle"
"turgut özal tesisatçı";"yerel";"3";"https://cbinsaat.com/bolgeler/yesilyurt/turgut-ozal/";"mahalle sayfası gövde metni";"Mahalle"
"turgut özal usta";"yerel";"3";"https://cbinsaat.com/bolgeler/yesilyurt/turgut-ozal/";"mahalle sayfası gövde metni";"Mahalle"
"uçbağlar banyo tadilatı";"yerel";"3";"https://cbinsaat.com/bolgeler/battalgazi/ucbaglar/";"mahalle sayfası gövde metni";"Mahalle"
"uçbağlar boya badana";"yerel";"3";"https://cbinsaat.com/bolgeler/battalgazi/ucbaglar/";"mahalle sayfası gövde metni";"Mahalle"
"uçbağlar daire tadilatı";"yerel";"3";"https://cbinsaat.com/bolgeler/battalgazi/ucbaglar/";"mahalle sayfası gövde metni";"Mahalle"
"uçbağlar elektrikçi";"yerel";"3";"https://cbinsaat.com/bolgeler/battalgazi/ucbaglar/";"mahalle sayfası gövde metni";"Mahalle"
"uçbağlar ev tadilatı";"yerel";"3";"https://cbinsaat.com/bolgeler/battalgazi/ucbaglar/";"mahalle sayfası gövde metni";"Mahalle"
"uçbağlar mahallesi tadilat";"yerel";"3";"https://cbinsaat.com/bolgeler/battalgazi/ucbaglar/";"mahalle sayfası";"Mahalle"
"uçbağlar mutfak tadilatı";"yerel";"3";"https://cbinsaat.com/bolgeler/battalgazi/ucbaglar/";"mahalle sayfası gövde metni";"Mahalle"
"uçbağlar su tesisatçısı";"yerel";"3";"https://cbinsaat.com/bolgeler/battalgazi/ucbaglar/";"mahalle sayfası gövde metni";"Mahalle"
"uçbağlar tadilat";"yerel";"3";"https://cbinsaat.com/bolgeler/battalgazi/ucbaglar/";"mahalle sayfası gövde metni";"Mahalle"
"uçbağlar tesisatçı";"yerel";"3";"https://cbinsaat.com/bolgeler/battalgazi/ucbaglar/";"mahalle sayfası gövde metni";"Mahalle"
"uçbağlar usta";"yerel";"3";"https://cbinsaat.com/bolgeler/battalgazi/ucbaglar/";"mahalle sayfası gövde metni";"Mahalle"
"yakınca banyo tadilatı";"yerel";"3";"https://cbinsaat.com/bolgeler/yesilyurt/yakinca/";"mahalle sayfası gövde metni";"Mahalle"
"yakınca boya badana";"yerel";"3";"https://cbinsaat.com/bolgeler/yesilyurt/yakinca/";"mahalle sayfası gövde metni";"Mahalle"
"yakınca daire tadilatı";"yerel";"3";"https://cbinsaat.com/bolgeler/yesilyurt/yakinca/";"mahalle sayfası gövde metni";"Mahalle"
"yakınca elektrikçi";"yerel";"3";"https://cbinsaat.com/bolgeler/yesilyurt/yakinca/";"mahalle sayfası gövde metni";"Mahalle"
"yakınca ev tadilatı";"yerel";"3";"https://cbinsaat.com/bolgeler/yesilyurt/yakinca/";"mahalle sayfası gövde metni";"Mahalle"
"yakınca mahallesi tadilat";"yerel";"3";"https://cbinsaat.com/bolgeler/yesilyurt/yakinca/";"mahalle sayfası";"Mahalle"
"yakınca mutfak tadilatı";"yerel";"3";"https://cbinsaat.com/bolgeler/yesilyurt/yakinca/";"mahalle sayfası gövde metni";"Mahalle"
"yakınca su tesisatçısı";"yerel";"3";"https://cbinsaat.com/bolgeler/yesilyurt/yakinca/";"mahalle sayfası gövde metni";"Mahalle"
"yakınca tadilat";"yerel";"3";"https://cbinsaat.com/bolgeler/yesilyurt/yakinca/";"mahalle sayfası gövde metni";"Mahalle"
"yakınca tesisatçı";"yerel";"3";"https://cbinsaat.com/bolgeler/yesilyurt/yakinca/";"mahalle sayfası gövde metni";"Mahalle"
"yakınca usta";"yerel";"3";"https://cbinsaat.com/bolgeler/yesilyurt/yakinca/";"mahalle sayfası gövde metni";"Mahalle"
"yaygın banyo tadilatı";"yerel";"3";"https://cbinsaat.com/bolgeler/battalgazi/yaygin/";"mahalle sayfası gövde metni";"Mahalle"
"yaygın boya badana";"yerel";"3";"https://cbinsaat.com/bolgeler/battalgazi/yaygin/";"mahalle sayfası gövde metni";"Mahalle"
"yaygın daire tadilatı";"yerel";"3";"https://cbinsaat.com/bolgeler/battalgazi/yaygin/";"mahalle sayfası gövde metni";"Mahalle"
"yaygın elektrikçi";"yerel";"3";"https://cbinsaat.com/bolgeler/battalgazi/yaygin/";"mahalle sayfası gövde metni";"Mahalle"
"yaygın ev tadilatı";"yerel";"3";"https://cbinsaat.com/bolgeler/battalgazi/yaygin/";"mahalle sayfası gövde metni";"Mahalle"
"yaygın mahallesi tadilat";"yerel";"3";"https://cbinsaat.com/bolgeler/battalgazi/yaygin/";"mahalle sayfası";"Mahalle"
"yaygın mutfak tadilatı";"yerel";"3";"https://cbinsaat.com/bolgeler/battalgazi/yaygin/";"mahalle sayfası gövde metni";"Mahalle"
"yaygın su tesisatçısı";"yerel";"3";"https://cbinsaat.com/bolgeler/battalgazi/yaygin/";"mahalle sayfası gövde metni";"Mahalle"
"yaygın tadilat";"yerel";"3";"https://cbinsaat.com/bolgeler/battalgazi/yaygin/";"mahalle sayfası gövde metni";"Mahalle"
"yaygın tesisatçı";"yerel";"3";"https://cbinsaat.com/bolgeler/battalgazi/yaygin/";"mahalle sayfası gövde metni";"Mahalle"
"yaygın usta";"yerel";"3";"https://cbinsaat.com/bolgeler/battalgazi/yaygin/";"mahalle sayfası gövde metni";"Mahalle"
"yazıhan merkez banyo tadilatı";"yerel";"3";"https://cbinsaat.com/bolgeler/yazihan/yazihan-merkez/";"mahalle sayfası gövde metni";"Mahalle"
"yazıhan merkez boya badana";"yerel";"3";"https://cbinsaat.com/bolgeler/yazihan/yazihan-merkez/";"mahalle sayfası gövde metni";"Mahalle"
"yazıhan merkez daire tadilatı";"yerel";"3";"https://cbinsaat.com/bolgeler/yazihan/yazihan-merkez/";"mahalle sayfası gövde metni";"Mahalle"
"yazıhan merkez elektrikçi";"yerel";"3";"https://cbinsaat.com/bolgeler/yazihan/yazihan-merkez/";"mahalle sayfası gövde metni";"Mahalle"
"yazıhan merkez ev tadilatı";"yerel";"3";"https://cbinsaat.com/bolgeler/yazihan/yazihan-merkez/";"mahalle sayfası gövde metni";"Mahalle"
"yazıhan merkez mahallesi tadilat";"yerel";"3";"https://cbinsaat.com/bolgeler/yazihan/yazihan-merkez/";"mahalle sayfası";"Mahalle"
"yazıhan merkez mutfak tadilatı";"yerel";"3";"https://cbinsaat.com/bolgeler/yazihan/yazihan-merkez/";"mahalle sayfası gövde metni";"Mahalle"
"yazıhan merkez su tesisatçısı";"yerel";"3";"https://cbinsaat.com/bolgeler/yazihan/yazihan-merkez/";"mahalle sayfası gövde metni";"Mahalle"
"yazıhan merkez tadilat";"yerel";"3";"https://cbinsaat.com/bolgeler/yazihan/yazihan-merkez/";"mahalle sayfası gövde metni";"Mahalle"
"yazıhan merkez tesisatçı";"yerel";"3";"https://cbinsaat.com/bolgeler/yazihan/yazihan-merkez/";"mahalle sayfası gövde metni";"Mahalle"
"yazıhan merkez usta";"yerel";"3";"https://cbinsaat.com/bolgeler/yazihan/yazihan-merkez/";"mahalle sayfası gövde metni";"Mahalle"
"yeşiltepe banyo tadilatı";"yerel";"3";"https://cbinsaat.com/bolgeler/yesilyurt/yesiltepe/";"mahalle sayfası gövde metni";"Mahalle"
"yeşiltepe boya badana";"yerel";"3";"https://cbinsaat.com/bolgeler/yesilyurt/yesiltepe/";"mahalle sayfası gövde metni";"Mahalle"
"yeşiltepe daire tadilatı";"yerel";"3";"https://cbinsaat.com/bolgeler/yesilyurt/yesiltepe/";"mahalle sayfası gövde metni";"Mahalle"
"yeşiltepe elektrikçi";"yerel";"3";"https://cbinsaat.com/bolgeler/yesilyurt/yesiltepe/";"mahalle sayfası gövde metni";"Mahalle"
"yeşiltepe ev tadilatı";"yerel";"3";"https://cbinsaat.com/bolgeler/yesilyurt/yesiltepe/";"mahalle sayfası gövde metni";"Mahalle"
"yeşiltepe mahallesi tadilat";"yerel";"3";"https://cbinsaat.com/bolgeler/yesilyurt/yesiltepe/";"mahalle sayfası";"Mahalle"
"yeşiltepe mutfak tadilatı";"yerel";"3";"https://cbinsaat.com/bolgeler/yesilyurt/yesiltepe/";"mahalle sayfası gövde metni";"Mahalle"
"yeşiltepe su tesisatçısı";"yerel";"3";"https://cbinsaat.com/bolgeler/yesilyurt/yesiltepe/";"mahalle sayfası gövde metni";"Mahalle"
"yeşiltepe tadilat";"yerel";"3";"https://cbinsaat.com/bolgeler/yesilyurt/yesiltepe/";"mahalle sayfası gövde metni";"Mahalle"
"yeşiltepe tesisatçı";"yerel";"3";"https://cbinsaat.com/bolgeler/yesilyurt/yesiltepe/";"mahalle sayfası gövde metni";"Mahalle"
"yeşiltepe toki banyo tadilatı";"yerel";"3";"https://cbinsaat.com/bolgeler/yesilyurt/yesiltepe-toki/";"mahalle sayfası gövde metni";"Mahalle"
"yeşiltepe toki boya badana";"yerel";"3";"https://cbinsaat.com/bolgeler/yesilyurt/yesiltepe-toki/";"mahalle sayfası gövde metni";"Mahalle"
"yeşiltepe toki daire tadilatı";"yerel";"3";"https://cbinsaat.com/bolgeler/yesilyurt/yesiltepe-toki/";"mahalle sayfası gövde metni";"Mahalle"
"yeşiltepe toki elektrikçi";"yerel";"3";"https://cbinsaat.com/bolgeler/yesilyurt/yesiltepe-toki/";"mahalle sayfası gövde metni";"Mahalle"
"yeşiltepe toki ev tadilatı";"yerel";"3";"https://cbinsaat.com/bolgeler/yesilyurt/yesiltepe-toki/";"mahalle sayfası gövde metni";"Mahalle"
"yeşiltepe toki mahallesi tadilat";"yerel";"3";"https://cbinsaat.com/bolgeler/yesilyurt/yesiltepe-toki/";"mahalle sayfası";"Mahalle"
"yeşiltepe toki mutfak tadilatı";"yerel";"3";"https://cbinsaat.com/bolgeler/yesilyurt/yesiltepe-toki/";"mahalle sayfası gövde metni";"Mahalle"
"yeşiltepe toki su tesisatçısı";"yerel";"3";"https://cbinsaat.com/bolgeler/yesilyurt/yesiltepe-toki/";"mahalle sayfası gövde metni";"Mahalle"
"yeşiltepe toki tadilat";"yerel";"3";"https://cbinsaat.com/bolgeler/yesilyurt/yesiltepe-toki/";"mahalle sayfası gövde metni";"Mahalle"
"yeşiltepe toki tesisatçı";"yerel";"3";"https://cbinsaat.com/bolgeler/yesilyurt/yesiltepe-toki/";"mahalle sayfası gövde metni";"Mahalle"
"yeşiltepe toki usta";"yerel";"3";"https://cbinsaat.com/bolgeler/yesilyurt/yesiltepe-toki/";"mahalle sayfası gövde metni";"Mahalle"
"yeşiltepe usta";"yerel";"3";"https://cbinsaat.com/bolgeler/yesilyurt/yesiltepe/";"mahalle sayfası gövde metni";"Mahalle"
"zafer banyo tadilatı";"yerel";"3";"https://cbinsaat.com/bolgeler/battalgazi/zafer/";"mahalle sayfası gövde metni";"Mahalle"
"zafer boya badana";"yerel";"3";"https://cbinsaat.com/bolgeler/battalgazi/zafer/";"mahalle sayfası gövde metni";"Mahalle"
"zafer daire tadilatı";"yerel";"3";"https://cbinsaat.com/bolgeler/battalgazi/zafer/";"mahalle sayfası gövde metni";"Mahalle"
"zafer elektrikçi";"yerel";"3";"https://cbinsaat.com/bolgeler/battalgazi/zafer/";"mahalle sayfası gövde metni";"Mahalle"
"zafer ev tadilatı";"yerel";"3";"https://cbinsaat.com/bolgeler/battalgazi/zafer/";"mahalle sayfası gövde metni";"Mahalle"
"zafer mahallesi tadilat";"yerel";"3";"https://cbinsaat.com/bolgeler/battalgazi/zafer/";"mahalle sayfası";"Mahalle"
"zafer mutfak tadilatı";"yerel";"3";"https://cbinsaat.com/bolgeler/battalgazi/zafer/";"mahalle sayfası gövde metni";"Mahalle"
"zafer su tesisatçısı";"yerel";"3";"https://cbinsaat.com/bolgeler/battalgazi/zafer/";"mahalle sayfası gövde metni";"Mahalle"
"zafer tadilat";"yerel";"3";"https://cbinsaat.com/bolgeler/battalgazi/zafer/";"mahalle sayfası gövde metni";"Mahalle"
"zafer tesisatçı";"yerel";"3";"https://cbinsaat.com/bolgeler/battalgazi/zafer/";"mahalle sayfası gövde metni";"Mahalle"
"zafer usta";"yerel";"3";"https://cbinsaat.com/bolgeler/battalgazi/zafer/";"mahalle sayfası gövde metni";"Mahalle"
"zaviye banyo tadilatı";"yerel";"3";"https://cbinsaat.com/bolgeler/darende/zaviye/";"mahalle sayfası gövde metni";"Mahalle"
"zaviye boya badana";"yerel";"3";"https://cbinsaat.com/bolgeler/darende/zaviye/";"mahalle sayfası gövde metni";"Mahalle"
"zaviye daire tadilatı";"yerel";"3";"https://cbinsaat.com/bolgeler/darende/zaviye/";"mahalle sayfası gövde metni";"Mahalle"
"zaviye elektrikçi";"yerel";"3";"https://cbinsaat.com/bolgeler/darende/zaviye/";"mahalle sayfası gövde metni";"Mahalle"
"zaviye ev tadilatı";"yerel";"3";"https://cbinsaat.com/bolgeler/darende/zaviye/";"mahalle sayfası gövde metni";"Mahalle"
"zaviye mahallesi tadilat";"yerel";"3";"https://cbinsaat.com/bolgeler/darende/zaviye/";"mahalle sayfası";"Mahalle"
"zaviye mutfak tadilatı";"yerel";"3";"https://cbinsaat.com/bolgeler/darende/zaviye/";"mahalle sayfası gövde metni";"Mahalle"
"zaviye su tesisatçısı";"yerel";"3";"https://cbinsaat.com/bolgeler/darende/zaviye/";"mahalle sayfası gövde metni";"Mahalle"
"zaviye tadilat";"yerel";"3";"https://cbinsaat.com/bolgeler/darende/zaviye/";"mahalle sayfası gövde metni";"Mahalle"
"zaviye tesisatçı";"yerel";"3";"https://cbinsaat.com/bolgeler/darende/zaviye/";"mahalle sayfası gövde metni";"Mahalle"
"zaviye usta";"yerel";"3";"https://cbinsaat.com/bolgeler/darende/zaviye/";"mahalle sayfası gövde metni";"Mahalle"
"asma klozet montajı yapıyor musunuz?";"bilgi";"3";"https://cbinsaat.com/hizmetler/vitrifiye-armatur-montaji/";"SSS bölümü";"Mutfak ve Banyo"
"duşakabini ben aldım, montajı yapar mısınız?";"bilgi";"3";"https://cbinsaat.com/hizmetler/dusakabin-montaji/";"SSS bölümü";"Mutfak ve Banyo"
"eski seramiğin üzerine yeni seramik döşenir mi?";"bilgi";"3";"https://cbinsaat.com/hizmetler/banyo-tadilati/";"SSS bölümü";"Mutfak ve Banyo"
"malatya akçadağ banyo tadilatı";"yerel";"3";"https://cbinsaat.com/hizmetler/banyo-tadilati/akcadag/";"giriş paragrafı";"Mutfak ve Banyo"
"malatya akçadağ duşakabin ve duş teknesi montajı";"yerel";"3";"https://cbinsaat.com/hizmetler/dusakabin-montaji/akcadag/";"giriş paragrafı";"Mutfak ve Banyo"
"malatya akçadağ mutfak tadilatı";"yerel";"3";"https://cbinsaat.com/hizmetler/mutfak-tadilati/akcadag/";"giriş paragrafı";"Mutfak ve Banyo"
"malatya akçadağ vitrifiye ve armatür montajı";"yerel";"3";"https://cbinsaat.com/hizmetler/vitrifiye-armatur-montaji/akcadag/";"giriş paragrafı";"Mutfak ve Banyo"
"malatya arapgir banyo tadilatı";"yerel";"3";"https://cbinsaat.com/hizmetler/banyo-tadilati/arapgir/";"giriş paragrafı";"Mutfak ve Banyo"
"malatya arapgir duşakabin ve duş teknesi montajı";"yerel";"3";"https://cbinsaat.com/hizmetler/dusakabin-montaji/arapgir/";"giriş paragrafı";"Mutfak ve Banyo"
"malatya arapgir mutfak tadilatı";"yerel";"3";"https://cbinsaat.com/hizmetler/mutfak-tadilati/arapgir/";"giriş paragrafı";"Mutfak ve Banyo"
"malatya arapgir vitrifiye ve armatür montajı";"yerel";"3";"https://cbinsaat.com/hizmetler/vitrifiye-armatur-montaji/arapgir/";"giriş paragrafı";"Mutfak ve Banyo"
"malatya arguvan banyo tadilatı";"yerel";"3";"https://cbinsaat.com/hizmetler/banyo-tadilati/arguvan/";"giriş paragrafı";"Mutfak ve Banyo"
"malatya arguvan duşakabin ve duş teknesi montajı";"yerel";"3";"https://cbinsaat.com/hizmetler/dusakabin-montaji/arguvan/";"giriş paragrafı";"Mutfak ve Banyo"
"malatya arguvan mutfak tadilatı";"yerel";"3";"https://cbinsaat.com/hizmetler/mutfak-tadilati/arguvan/";"giriş paragrafı";"Mutfak ve Banyo"
"malatya arguvan vitrifiye ve armatür montajı";"yerel";"3";"https://cbinsaat.com/hizmetler/vitrifiye-armatur-montaji/arguvan/";"giriş paragrafı";"Mutfak ve Banyo"
"malatya battalgazi banyo tadilatı";"yerel";"3";"https://cbinsaat.com/hizmetler/banyo-tadilati/battalgazi/";"giriş paragrafı";"Mutfak ve Banyo"
"malatya battalgazi duşakabin ve duş teknesi montajı";"yerel";"3";"https://cbinsaat.com/hizmetler/dusakabin-montaji/battalgazi/";"giriş paragrafı";"Mutfak ve Banyo"
"malatya battalgazi mutfak tadilatı";"yerel";"3";"https://cbinsaat.com/hizmetler/mutfak-tadilati/battalgazi/";"giriş paragrafı";"Mutfak ve Banyo"
"malatya battalgazi vitrifiye ve armatür montajı";"yerel";"3";"https://cbinsaat.com/hizmetler/vitrifiye-armatur-montaji/battalgazi/";"giriş paragrafı";"Mutfak ve Banyo"
"malatya darende banyo tadilatı";"yerel";"3";"https://cbinsaat.com/hizmetler/banyo-tadilati/darende/";"giriş paragrafı";"Mutfak ve Banyo"
"malatya darende duşakabin ve duş teknesi montajı";"yerel";"3";"https://cbinsaat.com/hizmetler/dusakabin-montaji/darende/";"giriş paragrafı";"Mutfak ve Banyo"
"malatya darende mutfak tadilatı";"yerel";"3";"https://cbinsaat.com/hizmetler/mutfak-tadilati/darende/";"giriş paragrafı";"Mutfak ve Banyo"
"malatya darende vitrifiye ve armatür montajı";"yerel";"3";"https://cbinsaat.com/hizmetler/vitrifiye-armatur-montaji/darende/";"giriş paragrafı";"Mutfak ve Banyo"
"malatya doğanşehir banyo tadilatı";"yerel";"3";"https://cbinsaat.com/hizmetler/banyo-tadilati/dogansehir/";"giriş paragrafı";"Mutfak ve Banyo"
"malatya doğanşehir duşakabin ve duş teknesi montajı";"yerel";"3";"https://cbinsaat.com/hizmetler/dusakabin-montaji/dogansehir/";"giriş paragrafı";"Mutfak ve Banyo"
"malatya doğanşehir mutfak tadilatı";"yerel";"3";"https://cbinsaat.com/hizmetler/mutfak-tadilati/dogansehir/";"giriş paragrafı";"Mutfak ve Banyo"
"malatya doğanşehir vitrifiye ve armatür montajı";"yerel";"3";"https://cbinsaat.com/hizmetler/vitrifiye-armatur-montaji/dogansehir/";"giriş paragrafı";"Mutfak ve Banyo"
"malatya doğanyol banyo tadilatı";"yerel";"3";"https://cbinsaat.com/hizmetler/banyo-tadilati/doganyol/";"giriş paragrafı";"Mutfak ve Banyo"
"malatya doğanyol duşakabin ve duş teknesi montajı";"yerel";"3";"https://cbinsaat.com/hizmetler/dusakabin-montaji/doganyol/";"giriş paragrafı";"Mutfak ve Banyo"
"malatya doğanyol mutfak tadilatı";"yerel";"3";"https://cbinsaat.com/hizmetler/mutfak-tadilati/doganyol/";"giriş paragrafı";"Mutfak ve Banyo"
"malatya doğanyol vitrifiye ve armatür montajı";"yerel";"3";"https://cbinsaat.com/hizmetler/vitrifiye-armatur-montaji/doganyol/";"giriş paragrafı";"Mutfak ve Banyo"
"malatya hekimhan banyo tadilatı";"yerel";"3";"https://cbinsaat.com/hizmetler/banyo-tadilati/hekimhan/";"giriş paragrafı";"Mutfak ve Banyo"
"malatya hekimhan duşakabin ve duş teknesi montajı";"yerel";"3";"https://cbinsaat.com/hizmetler/dusakabin-montaji/hekimhan/";"giriş paragrafı";"Mutfak ve Banyo"
"malatya hekimhan mutfak tadilatı";"yerel";"3";"https://cbinsaat.com/hizmetler/mutfak-tadilati/hekimhan/";"giriş paragrafı";"Mutfak ve Banyo"
"malatya hekimhan vitrifiye ve armatür montajı";"yerel";"3";"https://cbinsaat.com/hizmetler/vitrifiye-armatur-montaji/hekimhan/";"giriş paragrafı";"Mutfak ve Banyo"
"malatya kale banyo tadilatı";"yerel";"3";"https://cbinsaat.com/hizmetler/banyo-tadilati/kale/";"giriş paragrafı";"Mutfak ve Banyo"
"malatya kale duşakabin ve duş teknesi montajı";"yerel";"3";"https://cbinsaat.com/hizmetler/dusakabin-montaji/kale/";"giriş paragrafı";"Mutfak ve Banyo"
"malatya kale mutfak tadilatı";"yerel";"3";"https://cbinsaat.com/hizmetler/mutfak-tadilati/kale/";"giriş paragrafı";"Mutfak ve Banyo"
"malatya kale vitrifiye ve armatür montajı";"yerel";"3";"https://cbinsaat.com/hizmetler/vitrifiye-armatur-montaji/kale/";"giriş paragrafı";"Mutfak ve Banyo"
"malatya kuluncak banyo tadilatı";"yerel";"3";"https://cbinsaat.com/hizmetler/banyo-tadilati/kuluncak/";"giriş paragrafı";"Mutfak ve Banyo"
"malatya kuluncak duşakabin ve duş teknesi montajı";"yerel";"3";"https://cbinsaat.com/hizmetler/dusakabin-montaji/kuluncak/";"giriş paragrafı";"Mutfak ve Banyo"
"malatya kuluncak mutfak tadilatı";"yerel";"3";"https://cbinsaat.com/hizmetler/mutfak-tadilati/kuluncak/";"giriş paragrafı";"Mutfak ve Banyo"
"malatya kuluncak vitrifiye ve armatür montajı";"yerel";"3";"https://cbinsaat.com/hizmetler/vitrifiye-armatur-montaji/kuluncak/";"giriş paragrafı";"Mutfak ve Banyo"
"malatya pütürge banyo tadilatı";"yerel";"3";"https://cbinsaat.com/hizmetler/banyo-tadilati/puturge/";"giriş paragrafı";"Mutfak ve Banyo"
"malatya pütürge duşakabin ve duş teknesi montajı";"yerel";"3";"https://cbinsaat.com/hizmetler/dusakabin-montaji/puturge/";"giriş paragrafı";"Mutfak ve Banyo"
"malatya pütürge mutfak tadilatı";"yerel";"3";"https://cbinsaat.com/hizmetler/mutfak-tadilati/puturge/";"giriş paragrafı";"Mutfak ve Banyo"
"malatya pütürge vitrifiye ve armatür montajı";"yerel";"3";"https://cbinsaat.com/hizmetler/vitrifiye-armatur-montaji/puturge/";"giriş paragrafı";"Mutfak ve Banyo"
"malatya yazıhan banyo tadilatı";"yerel";"3";"https://cbinsaat.com/hizmetler/banyo-tadilati/yazihan/";"giriş paragrafı";"Mutfak ve Banyo"
"malatya yazıhan duşakabin ve duş teknesi montajı";"yerel";"3";"https://cbinsaat.com/hizmetler/dusakabin-montaji/yazihan/";"giriş paragrafı";"Mutfak ve Banyo"
"malatya yazıhan mutfak tadilatı";"yerel";"3";"https://cbinsaat.com/hizmetler/mutfak-tadilati/yazihan/";"giriş paragrafı";"Mutfak ve Banyo"
"malatya yazıhan vitrifiye ve armatür montajı";"yerel";"3";"https://cbinsaat.com/hizmetler/vitrifiye-armatur-montaji/yazihan/";"giriş paragrafı";"Mutfak ve Banyo"
"malatya yeşilyurt banyo tadilatı";"yerel";"3";"https://cbinsaat.com/hizmetler/banyo-tadilati/yesilyurt/";"giriş paragrafı";"Mutfak ve Banyo"
"malatya yeşilyurt duşakabin ve duş teknesi montajı";"yerel";"3";"https://cbinsaat.com/hizmetler/dusakabin-montaji/yesilyurt/";"giriş paragrafı";"Mutfak ve Banyo"
"malatya yeşilyurt mutfak tadilatı";"yerel";"3";"https://cbinsaat.com/hizmetler/mutfak-tadilati/yesilyurt/";"giriş paragrafı";"Mutfak ve Banyo"
"malatya yeşilyurt vitrifiye ve armatür montajı";"yerel";"3";"https://cbinsaat.com/hizmetler/vitrifiye-armatur-montaji/yesilyurt/";"giriş paragrafı";"Mutfak ve Banyo"
"montaj ne kadar sürer?";"bilgi";"3";"https://cbinsaat.com/hizmetler/dusakabin-montaji/";"SSS bölümü";"Mutfak ve Banyo"
"mutfak dolabını siz mi yapıyorsunuz?";"bilgi";"3";"https://cbinsaat.com/hizmetler/mutfak-tadilati/";"SSS bölümü";"Mutfak ve Banyo"
"sadece conta değişimi yapıyor musunuz?";"bilgi";"3";"https://cbinsaat.com/hizmetler/dusakabin-montaji/";"SSS bölümü";"Mutfak ve Banyo"
"su kesintisi olur mu?";"bilgi";"3";"https://cbinsaat.com/hizmetler/vitrifiye-armatur-montaji/";"SSS bölümü";"Mutfak ve Banyo"
"su yalıtımı olmadan olmaz mı?";"bilgi";"3";"https://cbinsaat.com/hizmetler/banyo-tadilati/";"SSS bölümü";"Mutfak ve Banyo"
"tek bir batarya değişimi için geliyor musunuz?";"bilgi";"3";"https://cbinsaat.com/hizmetler/vitrifiye-armatur-montaji/";"SSS bölümü";"Mutfak ve Banyo"
"teknesiz duşakabin montajı yapıyor musunuz?";"bilgi";"3";"https://cbinsaat.com/hizmetler/dusakabin-montaji/";"SSS bölümü";"Mutfak ve Banyo"
"tezgâh kesimini siz mi yapıyorsunuz?";"bilgi";"3";"https://cbinsaat.com/hizmetler/mutfak-tadilati/";"SSS bölümü";"Mutfak ve Banyo"
"ürünü ben alsam olur mu?";"bilgi";"3";"https://cbinsaat.com/hizmetler/vitrifiye-armatur-montaji/";"SSS bölümü";"Mutfak ve Banyo"
"akçadağ acil elektrikçi";"yerel";"3";"https://cbinsaat.com/acil-elektrikci/akcadag/";"title ve H1";"Niyet"
"akçadağ acil su kaçağı tespiti";"yerel";"3";"https://cbinsaat.com/acil-su-kacagi/akcadag/";"title ve H1";"Niyet"
"akçadağ acil tesisatçı";"yerel";"3";"https://cbinsaat.com/acil-tesisatci/akcadag/";"title ve H1";"Niyet"
"akçadağ en yakın elektrikçi";"yerel";"3";"https://cbinsaat.com/en-yakin-elektrikci/akcadag/";"title ve H1";"Niyet"
"akçadağ en yakın sulama ustası";"yerel";"3";"https://cbinsaat.com/en-yakin-sulama-ustasi/akcadag/";"title ve H1";"Niyet"
"akçadağ en yakın tesisatçı";"yerel";"3";"https://cbinsaat.com/en-yakin-tesisatci/akcadag/";"title ve H1";"Niyet"
"arapgir acil elektrikçi";"yerel";"3";"https://cbinsaat.com/acil-elektrikci/arapgir/";"title ve H1";"Niyet"
"arapgir acil su kaçağı tespiti";"yerel";"3";"https://cbinsaat.com/acil-su-kacagi/arapgir/";"title ve H1";"Niyet"
"arapgir acil tesisatçı";"yerel";"3";"https://cbinsaat.com/acil-tesisatci/arapgir/";"title ve H1";"Niyet"
"arapgir en yakın elektrikçi";"yerel";"3";"https://cbinsaat.com/en-yakin-elektrikci/arapgir/";"title ve H1";"Niyet"
"arapgir en yakın sulama ustası";"yerel";"3";"https://cbinsaat.com/en-yakin-sulama-ustasi/arapgir/";"title ve H1";"Niyet"
"arapgir en yakın tesisatçı";"yerel";"3";"https://cbinsaat.com/en-yakin-tesisatci/arapgir/";"title ve H1";"Niyet"
"arguvan acil elektrikçi";"yerel";"3";"https://cbinsaat.com/acil-elektrikci/arguvan/";"title ve H1";"Niyet"
"arguvan acil su kaçağı tespiti";"yerel";"3";"https://cbinsaat.com/acil-su-kacagi/arguvan/";"title ve H1";"Niyet"
"arguvan acil tesisatçı";"yerel";"3";"https://cbinsaat.com/acil-tesisatci/arguvan/";"title ve H1";"Niyet"
"arguvan en yakın elektrikçi";"yerel";"3";"https://cbinsaat.com/en-yakin-elektrikci/arguvan/";"title ve H1";"Niyet"
"arguvan en yakın sulama ustası";"yerel";"3";"https://cbinsaat.com/en-yakin-sulama-ustasi/arguvan/";"title ve H1";"Niyet"
"arguvan en yakın tesisatçı";"yerel";"3";"https://cbinsaat.com/en-yakin-tesisatci/arguvan/";"title ve H1";"Niyet"
"battalgazi acil elektrikçi";"yerel";"3";"https://cbinsaat.com/acil-elektrikci/battalgazi/";"title ve H1";"Niyet"
"battalgazi acil su kaçağı tespiti";"yerel";"3";"https://cbinsaat.com/acil-su-kacagi/battalgazi/";"title ve H1";"Niyet"
"battalgazi acil tesisatçı";"yerel";"3";"https://cbinsaat.com/acil-tesisatci/battalgazi/";"title ve H1";"Niyet"
"battalgazi en yakın elektrikçi";"yerel";"3";"https://cbinsaat.com/en-yakin-elektrikci/battalgazi/";"title ve H1";"Niyet"
"battalgazi en yakın sulama ustası";"yerel";"3";"https://cbinsaat.com/en-yakin-sulama-ustasi/battalgazi/";"title ve H1";"Niyet"
"battalgazi en yakın tesisatçı";"yerel";"3";"https://cbinsaat.com/en-yakin-tesisatci/battalgazi/";"title ve H1";"Niyet"
"darende acil elektrikçi";"yerel";"3";"https://cbinsaat.com/acil-elektrikci/darende/";"title ve H1";"Niyet"
"darende acil su kaçağı tespiti";"yerel";"3";"https://cbinsaat.com/acil-su-kacagi/darende/";"title ve H1";"Niyet"
"darende acil tesisatçı";"yerel";"3";"https://cbinsaat.com/acil-tesisatci/darende/";"title ve H1";"Niyet"
"darende en yakın elektrikçi";"yerel";"3";"https://cbinsaat.com/en-yakin-elektrikci/darende/";"title ve H1";"Niyet"
"darende en yakın sulama ustası";"yerel";"3";"https://cbinsaat.com/en-yakin-sulama-ustasi/darende/";"title ve H1";"Niyet"
"darende en yakın tesisatçı";"yerel";"3";"https://cbinsaat.com/en-yakin-tesisatci/darende/";"title ve H1";"Niyet"
"doğanşehir acil elektrikçi";"yerel";"3";"https://cbinsaat.com/acil-elektrikci/dogansehir/";"title ve H1";"Niyet"
"doğanşehir acil su kaçağı tespiti";"yerel";"3";"https://cbinsaat.com/acil-su-kacagi/dogansehir/";"title ve H1";"Niyet"
"doğanşehir acil tesisatçı";"yerel";"3";"https://cbinsaat.com/acil-tesisatci/dogansehir/";"title ve H1";"Niyet"
"doğanşehir en yakın elektrikçi";"yerel";"3";"https://cbinsaat.com/en-yakin-elektrikci/dogansehir/";"title ve H1";"Niyet"
"doğanşehir en yakın sulama ustası";"yerel";"3";"https://cbinsaat.com/en-yakin-sulama-ustasi/dogansehir/";"title ve H1";"Niyet"
"doğanşehir en yakın tesisatçı";"yerel";"3";"https://cbinsaat.com/en-yakin-tesisatci/dogansehir/";"title ve H1";"Niyet"
"doğanyol acil elektrikçi";"yerel";"3";"https://cbinsaat.com/acil-elektrikci/doganyol/";"title ve H1";"Niyet"
"doğanyol acil su kaçağı tespiti";"yerel";"3";"https://cbinsaat.com/acil-su-kacagi/doganyol/";"title ve H1";"Niyet"
"doğanyol acil tesisatçı";"yerel";"3";"https://cbinsaat.com/acil-tesisatci/doganyol/";"title ve H1";"Niyet"
"doğanyol en yakın elektrikçi";"yerel";"3";"https://cbinsaat.com/en-yakin-elektrikci/doganyol/";"title ve H1";"Niyet"
"doğanyol en yakın sulama ustası";"yerel";"3";"https://cbinsaat.com/en-yakin-sulama-ustasi/doganyol/";"title ve H1";"Niyet"
"doğanyol en yakın tesisatçı";"yerel";"3";"https://cbinsaat.com/en-yakin-tesisatci/doganyol/";"title ve H1";"Niyet"
"hekimhan acil elektrikçi";"yerel";"3";"https://cbinsaat.com/acil-elektrikci/hekimhan/";"title ve H1";"Niyet"
"hekimhan acil su kaçağı tespiti";"yerel";"3";"https://cbinsaat.com/acil-su-kacagi/hekimhan/";"title ve H1";"Niyet"
"hekimhan acil tesisatçı";"yerel";"3";"https://cbinsaat.com/acil-tesisatci/hekimhan/";"title ve H1";"Niyet"
"hekimhan en yakın elektrikçi";"yerel";"3";"https://cbinsaat.com/en-yakin-elektrikci/hekimhan/";"title ve H1";"Niyet"
"hekimhan en yakın sulama ustası";"yerel";"3";"https://cbinsaat.com/en-yakin-sulama-ustasi/hekimhan/";"title ve H1";"Niyet"
"hekimhan en yakın tesisatçı";"yerel";"3";"https://cbinsaat.com/en-yakin-tesisatci/hekimhan/";"title ve H1";"Niyet"
"kale acil elektrikçi";"yerel";"3";"https://cbinsaat.com/acil-elektrikci/kale/";"title ve H1";"Niyet"
"kale acil su kaçağı tespiti";"yerel";"3";"https://cbinsaat.com/acil-su-kacagi/kale/";"title ve H1";"Niyet"
"kale acil tesisatçı";"yerel";"3";"https://cbinsaat.com/acil-tesisatci/kale/";"title ve H1";"Niyet"
"kale en yakın elektrikçi";"yerel";"3";"https://cbinsaat.com/en-yakin-elektrikci/kale/";"title ve H1";"Niyet"
"kale en yakın sulama ustası";"yerel";"3";"https://cbinsaat.com/en-yakin-sulama-ustasi/kale/";"title ve H1";"Niyet"
"kale en yakın tesisatçı";"yerel";"3";"https://cbinsaat.com/en-yakin-tesisatci/kale/";"title ve H1";"Niyet"
"kuluncak acil elektrikçi";"yerel";"3";"https://cbinsaat.com/acil-elektrikci/kuluncak/";"title ve H1";"Niyet"
"kuluncak acil su kaçağı tespiti";"yerel";"3";"https://cbinsaat.com/acil-su-kacagi/kuluncak/";"title ve H1";"Niyet"
"kuluncak acil tesisatçı";"yerel";"3";"https://cbinsaat.com/acil-tesisatci/kuluncak/";"title ve H1";"Niyet"
"kuluncak en yakın elektrikçi";"yerel";"3";"https://cbinsaat.com/en-yakin-elektrikci/kuluncak/";"title ve H1";"Niyet"
"kuluncak en yakın sulama ustası";"yerel";"3";"https://cbinsaat.com/en-yakin-sulama-ustasi/kuluncak/";"title ve H1";"Niyet"
"kuluncak en yakın tesisatçı";"yerel";"3";"https://cbinsaat.com/en-yakin-tesisatci/kuluncak/";"title ve H1";"Niyet"
"pütürge acil elektrikçi";"yerel";"3";"https://cbinsaat.com/acil-elektrikci/puturge/";"title ve H1";"Niyet"
"pütürge acil su kaçağı tespiti";"yerel";"3";"https://cbinsaat.com/acil-su-kacagi/puturge/";"title ve H1";"Niyet"
"pütürge acil tesisatçı";"yerel";"3";"https://cbinsaat.com/acil-tesisatci/puturge/";"title ve H1";"Niyet"
"pütürge en yakın elektrikçi";"yerel";"3";"https://cbinsaat.com/en-yakin-elektrikci/puturge/";"title ve H1";"Niyet"
"pütürge en yakın sulama ustası";"yerel";"3";"https://cbinsaat.com/en-yakin-sulama-ustasi/puturge/";"title ve H1";"Niyet"
"pütürge en yakın tesisatçı";"yerel";"3";"https://cbinsaat.com/en-yakin-tesisatci/puturge/";"title ve H1";"Niyet"
"yazıhan acil elektrikçi";"yerel";"3";"https://cbinsaat.com/acil-elektrikci/yazihan/";"title ve H1";"Niyet"
"yazıhan acil su kaçağı tespiti";"yerel";"3";"https://cbinsaat.com/acil-su-kacagi/yazihan/";"title ve H1";"Niyet"
"yazıhan acil tesisatçı";"yerel";"3";"https://cbinsaat.com/acil-tesisatci/yazihan/";"title ve H1";"Niyet"
"yazıhan en yakın elektrikçi";"yerel";"3";"https://cbinsaat.com/en-yakin-elektrikci/yazihan/";"title ve H1";"Niyet"
"yazıhan en yakın sulama ustası";"yerel";"3";"https://cbinsaat.com/en-yakin-sulama-ustasi/yazihan/";"title ve H1";"Niyet"
"yazıhan en yakın tesisatçı";"yerel";"3";"https://cbinsaat.com/en-yakin-tesisatci/yazihan/";"title ve H1";"Niyet"
"yeşilyurt acil elektrikçi";"yerel";"3";"https://cbinsaat.com/acil-elektrikci/yesilyurt/";"title ve H1";"Niyet"
"yeşilyurt acil su kaçağı tespiti";"yerel";"3";"https://cbinsaat.com/acil-su-kacagi/yesilyurt/";"title ve H1";"Niyet"
"yeşilyurt acil tesisatçı";"yerel";"3";"https://cbinsaat.com/acil-tesisatci/yesilyurt/";"title ve H1";"Niyet"
"yeşilyurt en yakın elektrikçi";"yerel";"3";"https://cbinsaat.com/en-yakin-elektrikci/yesilyurt/";"title ve H1";"Niyet"
"yeşilyurt en yakın sulama ustası";"yerel";"3";"https://cbinsaat.com/en-yakin-sulama-ustasi/yesilyurt/";"title ve H1";"Niyet"
"yeşilyurt en yakın tesisatçı";"yerel";"3";"https://cbinsaat.com/en-yakin-tesisatci/yesilyurt/";"title ve H1";"Niyet"
"apartman hidroforu için bakım anlaşması yapıyor musunuz?";"bilgi";"3";"https://cbinsaat.com/hizmetler/hidrofor-tamiri/";"SSS bölümü";"Pompa ve Sulama"
"basınç tankı ne zaman değişir?";"bilgi";"3";"https://cbinsaat.com/hizmetler/hidrofor-tamiri/";"SSS bölümü";"Pompa ve Sulama"
"bodrum su basmasına karşı ne önerirsiniz?";"bilgi";"3";"https://cbinsaat.com/hizmetler/hidrofor-pompa-sistemleri/";"SSS bölümü";"Pompa ve Sulama"
"devlet desteği için proje hazırlıyor musunuz?";"bilgi";"3";"https://cbinsaat.com/hizmetler/anahtar-teslim-sulama-sistemi/";"SSS bölümü";"Pompa ve Sulama"
"devlet destekli sulama projelerine uygun mu?";"bilgi";"3";"https://cbinsaat.com/hizmetler/kayisi-bahcesi-sulama/";"SSS bölümü";"Pompa ve Sulama"
"frekans kontrollü hidrofor değer mi?";"bilgi";"3";"https://cbinsaat.com/hizmetler/hidrofor-tamiri/";"SSS bölümü";"Pompa ve Sulama"
"ısıtma sistemini de siz mi kuruyorsunuz?";"bilgi";"3";"https://cbinsaat.com/hizmetler/sera-elektrik-sulama/";"SSS bölümü";"Pompa ve Sulama"
"kaç dekardan itibaren otomasyon mantıklı?";"bilgi";"3";"https://cbinsaat.com/hizmetler/kayisi-bahcesi-sulama/";"SSS bölümü";"Pompa ve Sulama"
"kaç kişilik aile için ne kadar depo gerekir?";"bilgi";"3";"https://cbinsaat.com/hizmetler/gunes-enerjisi-su-sistemi/";"SSS bölümü";"Pompa ve Sulama"
"kayısı bahçesi için damlama mı uygun?";"bilgi";"3";"https://cbinsaat.com/hizmetler/tarimsal-sulama-sistemleri/";"SSS bölümü";"Pompa ve Sulama"
"kışın hiç çalışmaz mı?";"bilgi";"3";"https://cbinsaat.com/hizmetler/gunes-enerjisi-su-sistemi/";"SSS bölümü";"Pompa ve Sulama"
"kurulum ne kadar sürer?";"bilgi";"3";"https://cbinsaat.com/hizmetler/anahtar-teslim-sulama-sistemi/";"SSS bölümü";"Pompa ve Sulama"
"kuyu açma işini de yapıyor musunuz?";"bilgi";"3";"https://cbinsaat.com/hizmetler/anahtar-teslim-sulama-sistemi/";"SSS bölümü";"Pompa ve Sulama"
"kuyu pompası için kablo kesiti önemli mi?";"bilgi";"3";"https://cbinsaat.com/hizmetler/hidrofor-pompa-sistemleri/";"SSS bölümü";"Pompa ve Sulama"
"malatya akçadağ anahtar teslim sulama sistemi";"yerel";"3";"https://cbinsaat.com/hizmetler/anahtar-teslim-sulama-sistemi/akcadag/";"giriş paragrafı";"Pompa ve Sulama"
"malatya akçadağ bahçe sulama sistemleri";"yerel";"3";"https://cbinsaat.com/hizmetler/bahce-sulama/akcadag/";"giriş paragrafı";"Pompa ve Sulama"
"malatya akçadağ güneş enerjisi su sistemi";"yerel";"3";"https://cbinsaat.com/hizmetler/gunes-enerjisi-su-sistemi/akcadag/";"giriş paragrafı";"Pompa ve Sulama"
"malatya akçadağ hidrofor tamiri";"yerel";"3";"https://cbinsaat.com/hizmetler/hidrofor-tamiri/akcadag/";"giriş paragrafı";"Pompa ve Sulama"
"malatya akçadağ hidrofor ve pompa sistemleri";"yerel";"3";"https://cbinsaat.com/hizmetler/hidrofor-pompa-sistemleri/akcadag/";"giriş paragrafı";"Pompa ve Sulama"
"malatya akçadağ kayısı bahçesi sulama sistemi";"yerel";"3";"https://cbinsaat.com/hizmetler/kayisi-bahcesi-sulama/akcadag/";"giriş paragrafı";"Pompa ve Sulama"
"malatya akçadağ sera elektrik ve sulama sistemi";"yerel";"3";"https://cbinsaat.com/hizmetler/sera-elektrik-sulama/akcadag/";"giriş paragrafı";"Pompa ve Sulama"
"malatya akçadağ tarımsal sulama sistemleri";"yerel";"3";"https://cbinsaat.com/hizmetler/tarimsal-sulama-sistemleri/akcadag/";"giriş paragrafı";"Pompa ve Sulama"
"malatya arapgir anahtar teslim sulama sistemi";"yerel";"3";"https://cbinsaat.com/hizmetler/anahtar-teslim-sulama-sistemi/arapgir/";"giriş paragrafı";"Pompa ve Sulama"
"malatya arapgir bahçe sulama sistemleri";"yerel";"3";"https://cbinsaat.com/hizmetler/bahce-sulama/arapgir/";"giriş paragrafı";"Pompa ve Sulama"
"malatya arapgir güneş enerjisi su sistemi";"yerel";"3";"https://cbinsaat.com/hizmetler/gunes-enerjisi-su-sistemi/arapgir/";"giriş paragrafı";"Pompa ve Sulama"
"malatya arapgir hidrofor tamiri";"yerel";"3";"https://cbinsaat.com/hizmetler/hidrofor-tamiri/arapgir/";"giriş paragrafı";"Pompa ve Sulama"
"malatya arapgir hidrofor ve pompa sistemleri";"yerel";"3";"https://cbinsaat.com/hizmetler/hidrofor-pompa-sistemleri/arapgir/";"giriş paragrafı";"Pompa ve Sulama"
"malatya arapgir kayısı bahçesi sulama sistemi";"yerel";"3";"https://cbinsaat.com/hizmetler/kayisi-bahcesi-sulama/arapgir/";"giriş paragrafı";"Pompa ve Sulama"
"malatya arapgir sera elektrik ve sulama sistemi";"yerel";"3";"https://cbinsaat.com/hizmetler/sera-elektrik-sulama/arapgir/";"giriş paragrafı";"Pompa ve Sulama"
"malatya arapgir tarımsal sulama sistemleri";"yerel";"3";"https://cbinsaat.com/hizmetler/tarimsal-sulama-sistemleri/arapgir/";"giriş paragrafı";"Pompa ve Sulama"
"malatya arguvan anahtar teslim sulama sistemi";"yerel";"3";"https://cbinsaat.com/hizmetler/anahtar-teslim-sulama-sistemi/arguvan/";"giriş paragrafı";"Pompa ve Sulama"
"malatya arguvan bahçe sulama sistemleri";"yerel";"3";"https://cbinsaat.com/hizmetler/bahce-sulama/arguvan/";"giriş paragrafı";"Pompa ve Sulama"
"malatya arguvan güneş enerjisi su sistemi";"yerel";"3";"https://cbinsaat.com/hizmetler/gunes-enerjisi-su-sistemi/arguvan/";"giriş paragrafı";"Pompa ve Sulama"
"malatya arguvan hidrofor tamiri";"yerel";"3";"https://cbinsaat.com/hizmetler/hidrofor-tamiri/arguvan/";"giriş paragrafı";"Pompa ve Sulama"
"malatya arguvan hidrofor ve pompa sistemleri";"yerel";"3";"https://cbinsaat.com/hizmetler/hidrofor-pompa-sistemleri/arguvan/";"giriş paragrafı";"Pompa ve Sulama"
"malatya arguvan kayısı bahçesi sulama sistemi";"yerel";"3";"https://cbinsaat.com/hizmetler/kayisi-bahcesi-sulama/arguvan/";"giriş paragrafı";"Pompa ve Sulama"
"malatya arguvan sera elektrik ve sulama sistemi";"yerel";"3";"https://cbinsaat.com/hizmetler/sera-elektrik-sulama/arguvan/";"giriş paragrafı";"Pompa ve Sulama"
"malatya arguvan tarımsal sulama sistemleri";"yerel";"3";"https://cbinsaat.com/hizmetler/tarimsal-sulama-sistemleri/arguvan/";"giriş paragrafı";"Pompa ve Sulama"
"malatya battalgazi anahtar teslim sulama sistemi";"yerel";"3";"https://cbinsaat.com/hizmetler/anahtar-teslim-sulama-sistemi/battalgazi/";"giriş paragrafı";"Pompa ve Sulama"
"malatya battalgazi bahçe sulama sistemleri";"yerel";"3";"https://cbinsaat.com/hizmetler/bahce-sulama/battalgazi/";"giriş paragrafı";"Pompa ve Sulama"
"malatya battalgazi güneş enerjisi su sistemi";"yerel";"3";"https://cbinsaat.com/hizmetler/gunes-enerjisi-su-sistemi/battalgazi/";"giriş paragrafı";"Pompa ve Sulama"
"malatya battalgazi hidrofor tamiri";"yerel";"3";"https://cbinsaat.com/hizmetler/hidrofor-tamiri/battalgazi/";"giriş paragrafı";"Pompa ve Sulama"
"malatya battalgazi hidrofor ve pompa sistemleri";"yerel";"3";"https://cbinsaat.com/hizmetler/hidrofor-pompa-sistemleri/battalgazi/";"giriş paragrafı";"Pompa ve Sulama"
"malatya battalgazi kayısı bahçesi sulama sistemi";"yerel";"3";"https://cbinsaat.com/hizmetler/kayisi-bahcesi-sulama/battalgazi/";"giriş paragrafı";"Pompa ve Sulama"
"malatya battalgazi sera elektrik ve sulama sistemi";"yerel";"3";"https://cbinsaat.com/hizmetler/sera-elektrik-sulama/battalgazi/";"giriş paragrafı";"Pompa ve Sulama"
"malatya battalgazi tarımsal sulama sistemleri";"yerel";"3";"https://cbinsaat.com/hizmetler/tarimsal-sulama-sistemleri/battalgazi/";"giriş paragrafı";"Pompa ve Sulama"
"malatya darende anahtar teslim sulama sistemi";"yerel";"3";"https://cbinsaat.com/hizmetler/anahtar-teslim-sulama-sistemi/darende/";"giriş paragrafı";"Pompa ve Sulama"
"malatya darende bahçe sulama sistemleri";"yerel";"3";"https://cbinsaat.com/hizmetler/bahce-sulama/darende/";"giriş paragrafı";"Pompa ve Sulama"
"malatya darende güneş enerjisi su sistemi";"yerel";"3";"https://cbinsaat.com/hizmetler/gunes-enerjisi-su-sistemi/darende/";"giriş paragrafı";"Pompa ve Sulama"
"malatya darende hidrofor tamiri";"yerel";"3";"https://cbinsaat.com/hizmetler/hidrofor-tamiri/darende/";"giriş paragrafı";"Pompa ve Sulama"
"malatya darende hidrofor ve pompa sistemleri";"yerel";"3";"https://cbinsaat.com/hizmetler/hidrofor-pompa-sistemleri/darende/";"giriş paragrafı";"Pompa ve Sulama"
"malatya darende kayısı bahçesi sulama sistemi";"yerel";"3";"https://cbinsaat.com/hizmetler/kayisi-bahcesi-sulama/darende/";"giriş paragrafı";"Pompa ve Sulama"
"malatya darende sera elektrik ve sulama sistemi";"yerel";"3";"https://cbinsaat.com/hizmetler/sera-elektrik-sulama/darende/";"giriş paragrafı";"Pompa ve Sulama"
"malatya darende tarımsal sulama sistemleri";"yerel";"3";"https://cbinsaat.com/hizmetler/tarimsal-sulama-sistemleri/darende/";"giriş paragrafı";"Pompa ve Sulama"
"malatya doğanşehir anahtar teslim sulama sistemi";"yerel";"3";"https://cbinsaat.com/hizmetler/anahtar-teslim-sulama-sistemi/dogansehir/";"giriş paragrafı";"Pompa ve Sulama"
"malatya doğanşehir bahçe sulama sistemleri";"yerel";"3";"https://cbinsaat.com/hizmetler/bahce-sulama/dogansehir/";"giriş paragrafı";"Pompa ve Sulama"
"malatya doğanşehir güneş enerjisi su sistemi";"yerel";"3";"https://cbinsaat.com/hizmetler/gunes-enerjisi-su-sistemi/dogansehir/";"giriş paragrafı";"Pompa ve Sulama"
"malatya doğanşehir hidrofor tamiri";"yerel";"3";"https://cbinsaat.com/hizmetler/hidrofor-tamiri/dogansehir/";"giriş paragrafı";"Pompa ve Sulama"
"malatya doğanşehir hidrofor ve pompa sistemleri";"yerel";"3";"https://cbinsaat.com/hizmetler/hidrofor-pompa-sistemleri/dogansehir/";"giriş paragrafı";"Pompa ve Sulama"
"malatya doğanşehir kayısı bahçesi sulama sistemi";"yerel";"3";"https://cbinsaat.com/hizmetler/kayisi-bahcesi-sulama/dogansehir/";"giriş paragrafı";"Pompa ve Sulama"
"malatya doğanşehir sera elektrik ve sulama sistemi";"yerel";"3";"https://cbinsaat.com/hizmetler/sera-elektrik-sulama/dogansehir/";"giriş paragrafı";"Pompa ve Sulama"
"malatya doğanşehir tarımsal sulama sistemleri";"yerel";"3";"https://cbinsaat.com/hizmetler/tarimsal-sulama-sistemleri/dogansehir/";"giriş paragrafı";"Pompa ve Sulama"
"malatya doğanyol anahtar teslim sulama sistemi";"yerel";"3";"https://cbinsaat.com/hizmetler/anahtar-teslim-sulama-sistemi/doganyol/";"giriş paragrafı";"Pompa ve Sulama"
"malatya doğanyol bahçe sulama sistemleri";"yerel";"3";"https://cbinsaat.com/hizmetler/bahce-sulama/doganyol/";"giriş paragrafı";"Pompa ve Sulama"
"malatya doğanyol güneş enerjisi su sistemi";"yerel";"3";"https://cbinsaat.com/hizmetler/gunes-enerjisi-su-sistemi/doganyol/";"giriş paragrafı";"Pompa ve Sulama"
"malatya doğanyol hidrofor tamiri";"yerel";"3";"https://cbinsaat.com/hizmetler/hidrofor-tamiri/doganyol/";"giriş paragrafı";"Pompa ve Sulama"
"malatya doğanyol hidrofor ve pompa sistemleri";"yerel";"3";"https://cbinsaat.com/hizmetler/hidrofor-pompa-sistemleri/doganyol/";"giriş paragrafı";"Pompa ve Sulama"
"malatya doğanyol kayısı bahçesi sulama sistemi";"yerel";"3";"https://cbinsaat.com/hizmetler/kayisi-bahcesi-sulama/doganyol/";"giriş paragrafı";"Pompa ve Sulama"
"malatya doğanyol sera elektrik ve sulama sistemi";"yerel";"3";"https://cbinsaat.com/hizmetler/sera-elektrik-sulama/doganyol/";"giriş paragrafı";"Pompa ve Sulama"
"malatya doğanyol tarımsal sulama sistemleri";"yerel";"3";"https://cbinsaat.com/hizmetler/tarimsal-sulama-sistemleri/doganyol/";"giriş paragrafı";"Pompa ve Sulama"
"malatya hekimhan anahtar teslim sulama sistemi";"yerel";"3";"https://cbinsaat.com/hizmetler/anahtar-teslim-sulama-sistemi/hekimhan/";"giriş paragrafı";"Pompa ve Sulama"
"malatya hekimhan bahçe sulama sistemleri";"yerel";"3";"https://cbinsaat.com/hizmetler/bahce-sulama/hekimhan/";"giriş paragrafı";"Pompa ve Sulama"
"malatya hekimhan güneş enerjisi su sistemi";"yerel";"3";"https://cbinsaat.com/hizmetler/gunes-enerjisi-su-sistemi/hekimhan/";"giriş paragrafı";"Pompa ve Sulama"
"malatya hekimhan hidrofor tamiri";"yerel";"3";"https://cbinsaat.com/hizmetler/hidrofor-tamiri/hekimhan/";"giriş paragrafı";"Pompa ve Sulama"
"malatya hekimhan hidrofor ve pompa sistemleri";"yerel";"3";"https://cbinsaat.com/hizmetler/hidrofor-pompa-sistemleri/hekimhan/";"giriş paragrafı";"Pompa ve Sulama"
"malatya hekimhan kayısı bahçesi sulama sistemi";"yerel";"3";"https://cbinsaat.com/hizmetler/kayisi-bahcesi-sulama/hekimhan/";"giriş paragrafı";"Pompa ve Sulama"
"malatya hekimhan sera elektrik ve sulama sistemi";"yerel";"3";"https://cbinsaat.com/hizmetler/sera-elektrik-sulama/hekimhan/";"giriş paragrafı";"Pompa ve Sulama"
"malatya hekimhan tarımsal sulama sistemleri";"yerel";"3";"https://cbinsaat.com/hizmetler/tarimsal-sulama-sistemleri/hekimhan/";"giriş paragrafı";"Pompa ve Sulama"
"malatya kale anahtar teslim sulama sistemi";"yerel";"3";"https://cbinsaat.com/hizmetler/anahtar-teslim-sulama-sistemi/kale/";"giriş paragrafı";"Pompa ve Sulama"
"malatya kale bahçe sulama sistemleri";"yerel";"3";"https://cbinsaat.com/hizmetler/bahce-sulama/kale/";"giriş paragrafı";"Pompa ve Sulama"
"malatya kale güneş enerjisi su sistemi";"yerel";"3";"https://cbinsaat.com/hizmetler/gunes-enerjisi-su-sistemi/kale/";"giriş paragrafı";"Pompa ve Sulama"
"malatya kale hidrofor tamiri";"yerel";"3";"https://cbinsaat.com/hizmetler/hidrofor-tamiri/kale/";"giriş paragrafı";"Pompa ve Sulama"
"malatya kale hidrofor ve pompa sistemleri";"yerel";"3";"https://cbinsaat.com/hizmetler/hidrofor-pompa-sistemleri/kale/";"giriş paragrafı";"Pompa ve Sulama"
"malatya kale kayısı bahçesi sulama sistemi";"yerel";"3";"https://cbinsaat.com/hizmetler/kayisi-bahcesi-sulama/kale/";"giriş paragrafı";"Pompa ve Sulama"
"malatya kale sera elektrik ve sulama sistemi";"yerel";"3";"https://cbinsaat.com/hizmetler/sera-elektrik-sulama/kale/";"giriş paragrafı";"Pompa ve Sulama"
"malatya kale tarımsal sulama sistemleri";"yerel";"3";"https://cbinsaat.com/hizmetler/tarimsal-sulama-sistemleri/kale/";"giriş paragrafı";"Pompa ve Sulama"
"malatya kuluncak anahtar teslim sulama sistemi";"yerel";"3";"https://cbinsaat.com/hizmetler/anahtar-teslim-sulama-sistemi/kuluncak/";"giriş paragrafı";"Pompa ve Sulama"
"malatya kuluncak bahçe sulama sistemleri";"yerel";"3";"https://cbinsaat.com/hizmetler/bahce-sulama/kuluncak/";"giriş paragrafı";"Pompa ve Sulama"
"malatya kuluncak güneş enerjisi su sistemi";"yerel";"3";"https://cbinsaat.com/hizmetler/gunes-enerjisi-su-sistemi/kuluncak/";"giriş paragrafı";"Pompa ve Sulama"
"malatya kuluncak hidrofor tamiri";"yerel";"3";"https://cbinsaat.com/hizmetler/hidrofor-tamiri/kuluncak/";"giriş paragrafı";"Pompa ve Sulama"
"malatya kuluncak hidrofor ve pompa sistemleri";"yerel";"3";"https://cbinsaat.com/hizmetler/hidrofor-pompa-sistemleri/kuluncak/";"giriş paragrafı";"Pompa ve Sulama"
"malatya kuluncak kayısı bahçesi sulama sistemi";"yerel";"3";"https://cbinsaat.com/hizmetler/kayisi-bahcesi-sulama/kuluncak/";"giriş paragrafı";"Pompa ve Sulama"
"malatya kuluncak sera elektrik ve sulama sistemi";"yerel";"3";"https://cbinsaat.com/hizmetler/sera-elektrik-sulama/kuluncak/";"giriş paragrafı";"Pompa ve Sulama"
"malatya kuluncak tarımsal sulama sistemleri";"yerel";"3";"https://cbinsaat.com/hizmetler/tarimsal-sulama-sistemleri/kuluncak/";"giriş paragrafı";"Pompa ve Sulama"
"malatya pütürge anahtar teslim sulama sistemi";"yerel";"3";"https://cbinsaat.com/hizmetler/anahtar-teslim-sulama-sistemi/puturge/";"giriş paragrafı";"Pompa ve Sulama"
"malatya pütürge bahçe sulama sistemleri";"yerel";"3";"https://cbinsaat.com/hizmetler/bahce-sulama/puturge/";"giriş paragrafı";"Pompa ve Sulama"
"malatya pütürge güneş enerjisi su sistemi";"yerel";"3";"https://cbinsaat.com/hizmetler/gunes-enerjisi-su-sistemi/puturge/";"giriş paragrafı";"Pompa ve Sulama"
"malatya pütürge hidrofor tamiri";"yerel";"3";"https://cbinsaat.com/hizmetler/hidrofor-tamiri/puturge/";"giriş paragrafı";"Pompa ve Sulama"
"malatya pütürge hidrofor ve pompa sistemleri";"yerel";"3";"https://cbinsaat.com/hizmetler/hidrofor-pompa-sistemleri/puturge/";"giriş paragrafı";"Pompa ve Sulama"
"malatya pütürge kayısı bahçesi sulama sistemi";"yerel";"3";"https://cbinsaat.com/hizmetler/kayisi-bahcesi-sulama/puturge/";"giriş paragrafı";"Pompa ve Sulama"
"malatya pütürge sera elektrik ve sulama sistemi";"yerel";"3";"https://cbinsaat.com/hizmetler/sera-elektrik-sulama/puturge/";"giriş paragrafı";"Pompa ve Sulama"
"malatya pütürge tarımsal sulama sistemleri";"yerel";"3";"https://cbinsaat.com/hizmetler/tarimsal-sulama-sistemleri/puturge/";"giriş paragrafı";"Pompa ve Sulama"
"malatya yazıhan anahtar teslim sulama sistemi";"yerel";"3";"https://cbinsaat.com/hizmetler/anahtar-teslim-sulama-sistemi/yazihan/";"giriş paragrafı";"Pompa ve Sulama"
"malatya yazıhan bahçe sulama sistemleri";"yerel";"3";"https://cbinsaat.com/hizmetler/bahce-sulama/yazihan/";"giriş paragrafı";"Pompa ve Sulama"
"malatya yazıhan güneş enerjisi su sistemi";"yerel";"3";"https://cbinsaat.com/hizmetler/gunes-enerjisi-su-sistemi/yazihan/";"giriş paragrafı";"Pompa ve Sulama"
"malatya yazıhan hidrofor tamiri";"yerel";"3";"https://cbinsaat.com/hizmetler/hidrofor-tamiri/yazihan/";"giriş paragrafı";"Pompa ve Sulama"
"malatya yazıhan hidrofor ve pompa sistemleri";"yerel";"3";"https://cbinsaat.com/hizmetler/hidrofor-pompa-sistemleri/yazihan/";"giriş paragrafı";"Pompa ve Sulama"
"malatya yazıhan kayısı bahçesi sulama sistemi";"yerel";"3";"https://cbinsaat.com/hizmetler/kayisi-bahcesi-sulama/yazihan/";"giriş paragrafı";"Pompa ve Sulama"
"malatya yazıhan sera elektrik ve sulama sistemi";"yerel";"3";"https://cbinsaat.com/hizmetler/sera-elektrik-sulama/yazihan/";"giriş paragrafı";"Pompa ve Sulama"
"malatya yazıhan tarımsal sulama sistemleri";"yerel";"3";"https://cbinsaat.com/hizmetler/tarimsal-sulama-sistemleri/yazihan/";"giriş paragrafı";"Pompa ve Sulama"
"malatya yeşilyurt anahtar teslim sulama sistemi";"yerel";"3";"https://cbinsaat.com/hizmetler/anahtar-teslim-sulama-sistemi/yesilyurt/";"giriş paragrafı";"Pompa ve Sulama"
"malatya yeşilyurt bahçe sulama sistemleri";"yerel";"3";"https://cbinsaat.com/hizmetler/bahce-sulama/yesilyurt/";"giriş paragrafı";"Pompa ve Sulama"
"malatya yeşilyurt güneş enerjisi su sistemi";"yerel";"3";"https://cbinsaat.com/hizmetler/gunes-enerjisi-su-sistemi/yesilyurt/";"giriş paragrafı";"Pompa ve Sulama"
"malatya yeşilyurt hidrofor tamiri";"yerel";"3";"https://cbinsaat.com/hizmetler/hidrofor-tamiri/yesilyurt/";"giriş paragrafı";"Pompa ve Sulama"
"malatya yeşilyurt hidrofor ve pompa sistemleri";"yerel";"3";"https://cbinsaat.com/hizmetler/hidrofor-pompa-sistemleri/yesilyurt/";"giriş paragrafı";"Pompa ve Sulama"
"malatya yeşilyurt kayısı bahçesi sulama sistemi";"yerel";"3";"https://cbinsaat.com/hizmetler/kayisi-bahcesi-sulama/yesilyurt/";"giriş paragrafı";"Pompa ve Sulama"
"malatya yeşilyurt sera elektrik ve sulama sistemi";"yerel";"3";"https://cbinsaat.com/hizmetler/sera-elektrik-sulama/yesilyurt/";"giriş paragrafı";"Pompa ve Sulama"
"malatya yeşilyurt tarımsal sulama sistemleri";"yerel";"3";"https://cbinsaat.com/hizmetler/tarimsal-sulama-sistemleri/yesilyurt/";"giriş paragrafı";"Pompa ve Sulama"
"mevcut pompamı invertörle kontrol edebilir miyim?";"bilgi";"3";"https://cbinsaat.com/hizmetler/hidrofor-pompa-sistemleri/";"SSS bölümü";"Pompa ve Sulama"
"mevcut seraya otomasyon eklenebilir mi?";"bilgi";"3";"https://cbinsaat.com/hizmetler/sera-elektrik-sulama/";"SSS bölümü";"Pompa ve Sulama"
"mevcut sistemimi genişletebilir misiniz?";"bilgi";"3";"https://cbinsaat.com/hizmetler/anahtar-teslim-sulama-sistemi/";"SSS bölümü";"Pompa ve Sulama"
"mevcut sistemimi kombiye bağlayabilir misiniz?";"bilgi";"3";"https://cbinsaat.com/hizmetler/gunes-enerjisi-su-sistemi/";"SSS bölümü";"Pompa ve Sulama"
"otomasyon şart mı?";"bilgi";"3";"https://cbinsaat.com/hizmetler/tarimsal-sulama-sistemleri/";"SSS bölümü";"Pompa ve Sulama"
"pompayı büyük almak zararlı mı?";"bilgi";"3";"https://cbinsaat.com/hizmetler/hidrofor-pompa-sistemleri/";"SSS bölümü";"Pompa ve Sulama"
"salma sulamadan damlamaya geçersem ne kazanırım?";"bilgi";"3";"https://cbinsaat.com/hizmetler/kayisi-bahcesi-sulama/";"SSS bölümü";"Pompa ve Sulama"
"sera yapısını da kuruyor musunuz?";"bilgi";"3";"https://cbinsaat.com/hizmetler/sera-elektrik-sulama/";"SSS bölümü";"Pompa ve Sulama"
"sistem arızalandığında bakıyor musunuz?";"bilgi";"3";"https://cbinsaat.com/hizmetler/bahce-sulama/";"SSS bölümü";"Pompa ve Sulama"
"sistemi kışın nasıl korumalıyım?";"bilgi";"3";"https://cbinsaat.com/hizmetler/tarimsal-sulama-sistemleri/";"SSS bölümü";"Pompa ve Sulama"
"sistemi kışın ne yapmalıyım?";"bilgi";"3";"https://cbinsaat.com/hizmetler/kayisi-bahcesi-sulama/";"SSS bölümü";"Pompa ve Sulama"
"yağmur sensörü gerekli mi?";"bilgi";"3";"https://cbinsaat.com/hizmetler/bahce-sulama/";"SSS bölümü";"Pompa ve Sulama"
"yılda bir bakım şart mı?";"bilgi";"3";"https://cbinsaat.com/hizmetler/gunes-enerjisi-su-sistemi/";"SSS bölümü";"Pompa ve Sulama"
"iş programını görebiliyor muyum?";"bilgi";"3";"https://cbinsaat.com/hizmetler/proje-uygulama-yonetimi/";"SSS bölümü";"Proje Yönetimi"
"malatya akçadağ proje ve uygulama yönetimi";"yerel";"3";"https://cbinsaat.com/hizmetler/proje-uygulama-yonetimi/akcadag/";"giriş paragrafı";"Proje Yönetimi"
"malatya arapgir proje ve uygulama yönetimi";"yerel";"3";"https://cbinsaat.com/hizmetler/proje-uygulama-yonetimi/arapgir/";"giriş paragrafı";"Proje Yönetimi"
"malatya arguvan proje ve uygulama yönetimi";"yerel";"3";"https://cbinsaat.com/hizmetler/proje-uygulama-yonetimi/arguvan/";"giriş paragrafı";"Proje Yönetimi"
"malatya battalgazi proje ve uygulama yönetimi";"yerel";"3";"https://cbinsaat.com/hizmetler/proje-uygulama-yonetimi/battalgazi/";"giriş paragrafı";"Proje Yönetimi"
"malatya darende proje ve uygulama yönetimi";"yerel";"3";"https://cbinsaat.com/hizmetler/proje-uygulama-yonetimi/darende/";"giriş paragrafı";"Proje Yönetimi"
"malatya doğanşehir proje ve uygulama yönetimi";"yerel";"3";"https://cbinsaat.com/hizmetler/proje-uygulama-yonetimi/dogansehir/";"giriş paragrafı";"Proje Yönetimi"
"malatya doğanyol proje ve uygulama yönetimi";"yerel";"3";"https://cbinsaat.com/hizmetler/proje-uygulama-yonetimi/doganyol/";"giriş paragrafı";"Proje Yönetimi"
"malatya hekimhan proje ve uygulama yönetimi";"yerel";"3";"https://cbinsaat.com/hizmetler/proje-uygulama-yonetimi/hekimhan/";"giriş paragrafı";"Proje Yönetimi"
"malatya kale proje ve uygulama yönetimi";"yerel";"3";"https://cbinsaat.com/hizmetler/proje-uygulama-yonetimi/kale/";"giriş paragrafı";"Proje Yönetimi"
"malatya kuluncak proje ve uygulama yönetimi";"yerel";"3";"https://cbinsaat.com/hizmetler/proje-uygulama-yonetimi/kuluncak/";"giriş paragrafı";"Proje Yönetimi"
"malatya pütürge proje ve uygulama yönetimi";"yerel";"3";"https://cbinsaat.com/hizmetler/proje-uygulama-yonetimi/puturge/";"giriş paragrafı";"Proje Yönetimi"
"malatya yazıhan proje ve uygulama yönetimi";"yerel";"3";"https://cbinsaat.com/hizmetler/proje-uygulama-yonetimi/yazihan/";"giriş paragrafı";"Proje Yönetimi"
"malatya yeşilyurt proje ve uygulama yönetimi";"yerel";"3";"https://cbinsaat.com/hizmetler/proje-uygulama-yonetimi/yesilyurt/";"giriş paragrafı";"Proje Yönetimi"
"sadece proje yönetimi hizmeti alabilir miyim?";"bilgi";"3";"https://cbinsaat.com/hizmetler/proje-uygulama-yonetimi/";"SSS bölümü";"Proje Yönetimi"
"teslim sonrası destek ne kadar sürüyor?";"bilgi";"3";"https://cbinsaat.com/hizmetler/proje-uygulama-yonetimi/";"SSS bölümü";"Proje Yönetimi"
"yetkili proje ekipleriyle nasıl çalışıyorsunuz?";"bilgi";"3";"https://cbinsaat.com/hizmetler/proje-uygulama-yonetimi/";"SSS bölümü";"Proje Yönetimi"
"açılmazsa ücret alıyor musunuz?";"bilgi";"3";"https://cbinsaat.com/hizmetler/tikali-gider-acma/";"SSS bölümü";"Su ve Tesisat"
"alt kata sızan suyun kaynağı bende mi?";"bilgi";"3";"https://cbinsaat.com/hizmetler/su-kacagi-tespiti/";"SSS bölümü";"Su ve Tesisat"
"apartmanlarda yangın tesisatı gerekli mi?";"bilgi";"3";"https://cbinsaat.com/hizmetler/yangin-tesisati/";"SSS bölümü";"Su ve Tesisat"
"bir banyo tesisatı kaç günde yenilenir?";"bilgi";"3";"https://cbinsaat.com/hizmetler/sihhi-tesisat/";"SSS bölümü";"Su ve Tesisat"
"depo temizliği su faturasını etkiler mi?";"bilgi";"3";"https://cbinsaat.com/hizmetler/su-deposu-temizligi/";"SSS bölümü";"Su ve Tesisat"
"devreye alma raporu veriyor musunuz?";"bilgi";"3";"https://cbinsaat.com/hizmetler/mekanik-tesisat/";"SSS bölümü";"Su ve Tesisat"
"hangi dezenfektan kullanılıyor?";"bilgi";"3";"https://cbinsaat.com/hizmetler/su-deposu-temizligi/";"SSS bölümü";"Su ve Tesisat"
"ısıtma tesisatı kaçağını nasıl anlarım?";"bilgi";"3";"https://cbinsaat.com/hizmetler/su-kacagi-tespiti/";"SSS bölümü";"Su ve Tesisat"
"kaçak sigortası için rapor veriyor musunuz?";"bilgi";"3";"https://cbinsaat.com/hizmetler/sihhi-tesisat/";"SSS bölümü";"Su ve Tesisat"
"kimyasal açıcı kullandım, sorun olur mu?";"bilgi";"3";"https://cbinsaat.com/hizmetler/tikali-gider-acma/";"SSS bölümü";"Su ve Tesisat"
"kolektörlü sistem daha mı pahalı?";"bilgi";"3";"https://cbinsaat.com/hizmetler/sihhi-tesisat/";"SSS bölümü";"Su ve Tesisat"
"kombi basıncı ne olmalı?";"bilgi";"3";"https://cbinsaat.com/hizmetler/petek-temizligi/";"SSS bölümü";"Su ve Tesisat"
"malatya akçadağ mekanik tesisat";"yerel";"3";"https://cbinsaat.com/hizmetler/mekanik-tesisat/akcadag/";"giriş paragrafı";"Su ve Tesisat"
"malatya akçadağ petek temizliği";"yerel";"3";"https://cbinsaat.com/hizmetler/petek-temizligi/akcadag/";"giriş paragrafı";"Su ve Tesisat"
"malatya akçadağ sıhhi tesisat";"yerel";"3";"https://cbinsaat.com/hizmetler/sihhi-tesisat/akcadag/";"giriş paragrafı";"Su ve Tesisat"
"malatya akçadağ su deposu temizliği";"yerel";"3";"https://cbinsaat.com/hizmetler/su-deposu-temizligi/akcadag/";"giriş paragrafı";"Su ve Tesisat"
"malatya akçadağ su kaçağı tespiti";"yerel";"3";"https://cbinsaat.com/hizmetler/su-kacagi-tespiti/akcadag/";"giriş paragrafı";"Su ve Tesisat"
"malatya akçadağ tıkalı gider açma";"yerel";"3";"https://cbinsaat.com/hizmetler/tikali-gider-acma/akcadag/";"giriş paragrafı";"Su ve Tesisat"
"malatya akçadağ yangın tesisatı";"yerel";"3";"https://cbinsaat.com/hizmetler/yangin-tesisati/akcadag/";"giriş paragrafı";"Su ve Tesisat"
"malatya arapgir mekanik tesisat";"yerel";"3";"https://cbinsaat.com/hizmetler/mekanik-tesisat/arapgir/";"giriş paragrafı";"Su ve Tesisat"
"malatya arapgir petek temizliği";"yerel";"3";"https://cbinsaat.com/hizmetler/petek-temizligi/arapgir/";"giriş paragrafı";"Su ve Tesisat"
"malatya arapgir sıhhi tesisat";"yerel";"3";"https://cbinsaat.com/hizmetler/sihhi-tesisat/arapgir/";"giriş paragrafı";"Su ve Tesisat"
"malatya arapgir su deposu temizliği";"yerel";"3";"https://cbinsaat.com/hizmetler/su-deposu-temizligi/arapgir/";"giriş paragrafı";"Su ve Tesisat"
"malatya arapgir su kaçağı tespiti";"yerel";"3";"https://cbinsaat.com/hizmetler/su-kacagi-tespiti/arapgir/";"giriş paragrafı";"Su ve Tesisat"
"malatya arapgir tıkalı gider açma";"yerel";"3";"https://cbinsaat.com/hizmetler/tikali-gider-acma/arapgir/";"giriş paragrafı";"Su ve Tesisat"
"malatya arapgir yangın tesisatı";"yerel";"3";"https://cbinsaat.com/hizmetler/yangin-tesisati/arapgir/";"giriş paragrafı";"Su ve Tesisat"
"malatya arguvan mekanik tesisat";"yerel";"3";"https://cbinsaat.com/hizmetler/mekanik-tesisat/arguvan/";"giriş paragrafı";"Su ve Tesisat"
"malatya arguvan petek temizliği";"yerel";"3";"https://cbinsaat.com/hizmetler/petek-temizligi/arguvan/";"giriş paragrafı";"Su ve Tesisat"
"malatya arguvan sıhhi tesisat";"yerel";"3";"https://cbinsaat.com/hizmetler/sihhi-tesisat/arguvan/";"giriş paragrafı";"Su ve Tesisat"
"malatya arguvan su deposu temizliği";"yerel";"3";"https://cbinsaat.com/hizmetler/su-deposu-temizligi/arguvan/";"giriş paragrafı";"Su ve Tesisat"
"malatya arguvan su kaçağı tespiti";"yerel";"3";"https://cbinsaat.com/hizmetler/su-kacagi-tespiti/arguvan/";"giriş paragrafı";"Su ve Tesisat"
"malatya arguvan tıkalı gider açma";"yerel";"3";"https://cbinsaat.com/hizmetler/tikali-gider-acma/arguvan/";"giriş paragrafı";"Su ve Tesisat"
"malatya arguvan yangın tesisatı";"yerel";"3";"https://cbinsaat.com/hizmetler/yangin-tesisati/arguvan/";"giriş paragrafı";"Su ve Tesisat"
"malatya battalgazi mekanik tesisat";"yerel";"3";"https://cbinsaat.com/hizmetler/mekanik-tesisat/battalgazi/";"giriş paragrafı";"Su ve Tesisat"
"malatya battalgazi petek temizliği";"yerel";"3";"https://cbinsaat.com/hizmetler/petek-temizligi/battalgazi/";"giriş paragrafı";"Su ve Tesisat"
"malatya battalgazi sıhhi tesisat";"yerel";"3";"https://cbinsaat.com/hizmetler/sihhi-tesisat/battalgazi/";"giriş paragrafı";"Su ve Tesisat"
"malatya battalgazi su deposu temizliği";"yerel";"3";"https://cbinsaat.com/hizmetler/su-deposu-temizligi/battalgazi/";"giriş paragrafı";"Su ve Tesisat"
"malatya battalgazi su kaçağı tespiti";"yerel";"3";"https://cbinsaat.com/hizmetler/su-kacagi-tespiti/battalgazi/";"giriş paragrafı";"Su ve Tesisat"
"malatya battalgazi tıkalı gider açma";"yerel";"3";"https://cbinsaat.com/hizmetler/tikali-gider-acma/battalgazi/";"giriş paragrafı";"Su ve Tesisat"
"malatya battalgazi yangın tesisatı";"yerel";"3";"https://cbinsaat.com/hizmetler/yangin-tesisati/battalgazi/";"giriş paragrafı";"Su ve Tesisat"
"malatya darende mekanik tesisat";"yerel";"3";"https://cbinsaat.com/hizmetler/mekanik-tesisat/darende/";"giriş paragrafı";"Su ve Tesisat"
"malatya darende petek temizliği";"yerel";"3";"https://cbinsaat.com/hizmetler/petek-temizligi/darende/";"giriş paragrafı";"Su ve Tesisat"
"malatya darende sıhhi tesisat";"yerel";"3";"https://cbinsaat.com/hizmetler/sihhi-tesisat/darende/";"giriş paragrafı";"Su ve Tesisat"
"malatya darende su deposu temizliği";"yerel";"3";"https://cbinsaat.com/hizmetler/su-deposu-temizligi/darende/";"giriş paragrafı";"Su ve Tesisat"
"malatya darende su kaçağı tespiti";"yerel";"3";"https://cbinsaat.com/hizmetler/su-kacagi-tespiti/darende/";"giriş paragrafı";"Su ve Tesisat"
"malatya darende tıkalı gider açma";"yerel";"3";"https://cbinsaat.com/hizmetler/tikali-gider-acma/darende/";"giriş paragrafı";"Su ve Tesisat"
"malatya darende yangın tesisatı";"yerel";"3";"https://cbinsaat.com/hizmetler/yangin-tesisati/darende/";"giriş paragrafı";"Su ve Tesisat"
"malatya doğanşehir mekanik tesisat";"yerel";"3";"https://cbinsaat.com/hizmetler/mekanik-tesisat/dogansehir/";"giriş paragrafı";"Su ve Tesisat"
"malatya doğanşehir petek temizliği";"yerel";"3";"https://cbinsaat.com/hizmetler/petek-temizligi/dogansehir/";"giriş paragrafı";"Su ve Tesisat"
"malatya doğanşehir sıhhi tesisat";"yerel";"3";"https://cbinsaat.com/hizmetler/sihhi-tesisat/dogansehir/";"giriş paragrafı";"Su ve Tesisat"
"malatya doğanşehir su deposu temizliği";"yerel";"3";"https://cbinsaat.com/hizmetler/su-deposu-temizligi/dogansehir/";"giriş paragrafı";"Su ve Tesisat"
"malatya doğanşehir su kaçağı tespiti";"yerel";"3";"https://cbinsaat.com/hizmetler/su-kacagi-tespiti/dogansehir/";"giriş paragrafı";"Su ve Tesisat"
"malatya doğanşehir tıkalı gider açma";"yerel";"3";"https://cbinsaat.com/hizmetler/tikali-gider-acma/dogansehir/";"giriş paragrafı";"Su ve Tesisat"
"malatya doğanşehir yangın tesisatı";"yerel";"3";"https://cbinsaat.com/hizmetler/yangin-tesisati/dogansehir/";"giriş paragrafı";"Su ve Tesisat"
"malatya doğanyol mekanik tesisat";"yerel";"3";"https://cbinsaat.com/hizmetler/mekanik-tesisat/doganyol/";"giriş paragrafı";"Su ve Tesisat"
"malatya doğanyol petek temizliği";"yerel";"3";"https://cbinsaat.com/hizmetler/petek-temizligi/doganyol/";"giriş paragrafı";"Su ve Tesisat"
"malatya doğanyol sıhhi tesisat";"yerel";"3";"https://cbinsaat.com/hizmetler/sihhi-tesisat/doganyol/";"giriş paragrafı";"Su ve Tesisat"
"malatya doğanyol su deposu temizliği";"yerel";"3";"https://cbinsaat.com/hizmetler/su-deposu-temizligi/doganyol/";"giriş paragrafı";"Su ve Tesisat"
"malatya doğanyol su kaçağı tespiti";"yerel";"3";"https://cbinsaat.com/hizmetler/su-kacagi-tespiti/doganyol/";"giriş paragrafı";"Su ve Tesisat"
"malatya doğanyol tıkalı gider açma";"yerel";"3";"https://cbinsaat.com/hizmetler/tikali-gider-acma/doganyol/";"giriş paragrafı";"Su ve Tesisat"
"malatya doğanyol yangın tesisatı";"yerel";"3";"https://cbinsaat.com/hizmetler/yangin-tesisati/doganyol/";"giriş paragrafı";"Su ve Tesisat"
"malatya hekimhan mekanik tesisat";"yerel";"3";"https://cbinsaat.com/hizmetler/mekanik-tesisat/hekimhan/";"giriş paragrafı";"Su ve Tesisat"
"malatya hekimhan petek temizliği";"yerel";"3";"https://cbinsaat.com/hizmetler/petek-temizligi/hekimhan/";"giriş paragrafı";"Su ve Tesisat"
"malatya hekimhan sıhhi tesisat";"yerel";"3";"https://cbinsaat.com/hizmetler/sihhi-tesisat/hekimhan/";"giriş paragrafı";"Su ve Tesisat"
"malatya hekimhan su deposu temizliği";"yerel";"3";"https://cbinsaat.com/hizmetler/su-deposu-temizligi/hekimhan/";"giriş paragrafı";"Su ve Tesisat"
"malatya hekimhan su kaçağı tespiti";"yerel";"3";"https://cbinsaat.com/hizmetler/su-kacagi-tespiti/hekimhan/";"giriş paragrafı";"Su ve Tesisat"
"malatya hekimhan tıkalı gider açma";"yerel";"3";"https://cbinsaat.com/hizmetler/tikali-gider-acma/hekimhan/";"giriş paragrafı";"Su ve Tesisat"
"malatya hekimhan yangın tesisatı";"yerel";"3";"https://cbinsaat.com/hizmetler/yangin-tesisati/hekimhan/";"giriş paragrafı";"Su ve Tesisat"
"malatya kale mekanik tesisat";"yerel";"3";"https://cbinsaat.com/hizmetler/mekanik-tesisat/kale/";"giriş paragrafı";"Su ve Tesisat"
"malatya kale petek temizliği";"yerel";"3";"https://cbinsaat.com/hizmetler/petek-temizligi/kale/";"giriş paragrafı";"Su ve Tesisat"
"malatya kale sıhhi tesisat";"yerel";"3";"https://cbinsaat.com/hizmetler/sihhi-tesisat/kale/";"giriş paragrafı";"Su ve Tesisat"
"malatya kale su deposu temizliği";"yerel";"3";"https://cbinsaat.com/hizmetler/su-deposu-temizligi/kale/";"giriş paragrafı";"Su ve Tesisat"
"malatya kale su kaçağı tespiti";"yerel";"3";"https://cbinsaat.com/hizmetler/su-kacagi-tespiti/kale/";"giriş paragrafı";"Su ve Tesisat"
"malatya kale tıkalı gider açma";"yerel";"3";"https://cbinsaat.com/hizmetler/tikali-gider-acma/kale/";"giriş paragrafı";"Su ve Tesisat"
"malatya kale yangın tesisatı";"yerel";"3";"https://cbinsaat.com/hizmetler/yangin-tesisati/kale/";"giriş paragrafı";"Su ve Tesisat"
"malatya kuluncak mekanik tesisat";"yerel";"3";"https://cbinsaat.com/hizmetler/mekanik-tesisat/kuluncak/";"giriş paragrafı";"Su ve Tesisat"
"malatya kuluncak petek temizliği";"yerel";"3";"https://cbinsaat.com/hizmetler/petek-temizligi/kuluncak/";"giriş paragrafı";"Su ve Tesisat"
"malatya kuluncak sıhhi tesisat";"yerel";"3";"https://cbinsaat.com/hizmetler/sihhi-tesisat/kuluncak/";"giriş paragrafı";"Su ve Tesisat"
"malatya kuluncak su deposu temizliği";"yerel";"3";"https://cbinsaat.com/hizmetler/su-deposu-temizligi/kuluncak/";"giriş paragrafı";"Su ve Tesisat"
"malatya kuluncak su kaçağı tespiti";"yerel";"3";"https://cbinsaat.com/hizmetler/su-kacagi-tespiti/kuluncak/";"giriş paragrafı";"Su ve Tesisat"
"malatya kuluncak tıkalı gider açma";"yerel";"3";"https://cbinsaat.com/hizmetler/tikali-gider-acma/kuluncak/";"giriş paragrafı";"Su ve Tesisat"
"malatya kuluncak yangın tesisatı";"yerel";"3";"https://cbinsaat.com/hizmetler/yangin-tesisati/kuluncak/";"giriş paragrafı";"Su ve Tesisat"
"malatya pütürge mekanik tesisat";"yerel";"3";"https://cbinsaat.com/hizmetler/mekanik-tesisat/puturge/";"giriş paragrafı";"Su ve Tesisat"
"malatya pütürge petek temizliği";"yerel";"3";"https://cbinsaat.com/hizmetler/petek-temizligi/puturge/";"giriş paragrafı";"Su ve Tesisat"
"malatya pütürge sıhhi tesisat";"yerel";"3";"https://cbinsaat.com/hizmetler/sihhi-tesisat/puturge/";"giriş paragrafı";"Su ve Tesisat"
"malatya pütürge su deposu temizliği";"yerel";"3";"https://cbinsaat.com/hizmetler/su-deposu-temizligi/puturge/";"giriş paragrafı";"Su ve Tesisat"
"malatya pütürge su kaçağı tespiti";"yerel";"3";"https://cbinsaat.com/hizmetler/su-kacagi-tespiti/puturge/";"giriş paragrafı";"Su ve Tesisat"
"malatya pütürge tıkalı gider açma";"yerel";"3";"https://cbinsaat.com/hizmetler/tikali-gider-acma/puturge/";"giriş paragrafı";"Su ve Tesisat"
"malatya pütürge yangın tesisatı";"yerel";"3";"https://cbinsaat.com/hizmetler/yangin-tesisati/puturge/";"giriş paragrafı";"Su ve Tesisat"
"malatya yazıhan mekanik tesisat";"yerel";"3";"https://cbinsaat.com/hizmetler/mekanik-tesisat/yazihan/";"giriş paragrafı";"Su ve Tesisat"
"malatya yazıhan petek temizliği";"yerel";"3";"https://cbinsaat.com/hizmetler/petek-temizligi/yazihan/";"giriş paragrafı";"Su ve Tesisat"
"malatya yazıhan sıhhi tesisat";"yerel";"3";"https://cbinsaat.com/hizmetler/sihhi-tesisat/yazihan/";"giriş paragrafı";"Su ve Tesisat"
"malatya yazıhan su deposu temizliği";"yerel";"3";"https://cbinsaat.com/hizmetler/su-deposu-temizligi/yazihan/";"giriş paragrafı";"Su ve Tesisat"
"malatya yazıhan su kaçağı tespiti";"yerel";"3";"https://cbinsaat.com/hizmetler/su-kacagi-tespiti/yazihan/";"giriş paragrafı";"Su ve Tesisat"
"malatya yazıhan tıkalı gider açma";"yerel";"3";"https://cbinsaat.com/hizmetler/tikali-gider-acma/yazihan/";"giriş paragrafı";"Su ve Tesisat"
"malatya yazıhan yangın tesisatı";"yerel";"3";"https://cbinsaat.com/hizmetler/yangin-tesisati/yazihan/";"giriş paragrafı";"Su ve Tesisat"
"malatya yeşilyurt mekanik tesisat";"yerel";"3";"https://cbinsaat.com/hizmetler/mekanik-tesisat/yesilyurt/";"giriş paragrafı";"Su ve Tesisat"
"malatya yeşilyurt petek temizliği";"yerel";"3";"https://cbinsaat.com/hizmetler/petek-temizligi/yesilyurt/";"giriş paragrafı";"Su ve Tesisat"
"malatya yeşilyurt sıhhi tesisat";"yerel";"3";"https://cbinsaat.com/hizmetler/sihhi-tesisat/yesilyurt/";"giriş paragrafı";"Su ve Tesisat"
"malatya yeşilyurt su deposu temizliği";"yerel";"3";"https://cbinsaat.com/hizmetler/su-deposu-temizligi/yesilyurt/";"giriş paragrafı";"Su ve Tesisat"
"malatya yeşilyurt su kaçağı tespiti";"yerel";"3";"https://cbinsaat.com/hizmetler/su-kacagi-tespiti/yesilyurt/";"giriş paragrafı";"Su ve Tesisat"
"malatya yeşilyurt tıkalı gider açma";"yerel";"3";"https://cbinsaat.com/hizmetler/tikali-gider-acma/yesilyurt/";"giriş paragrafı";"Su ve Tesisat"
"malatya yeşilyurt yangın tesisatı";"yerel";"3";"https://cbinsaat.com/hizmetler/yangin-tesisati/yesilyurt/";"giriş paragrafı";"Su ve Tesisat"
"mekanik ve elektrik işini ayrı firmaya mı vermeliyim?";"bilgi";"3";"https://cbinsaat.com/hizmetler/mekanik-tesisat/";"SSS bölümü";"Su ve Tesisat"
"mevcut sistemin testini yapabilir misiniz?";"bilgi";"3";"https://cbinsaat.com/hizmetler/yangin-tesisati/";"SSS bölümü";"Su ve Tesisat"
"ne kadar sürede açılır?";"bilgi";"3";"https://cbinsaat.com/hizmetler/tikali-gider-acma/";"SSS bölümü";"Su ve Tesisat"
"ne sıklıkla yapılmalı?";"bilgi";"3";"https://cbinsaat.com/hizmetler/petek-temizligi/";"SSS bölümü";"Su ve Tesisat"
"peteğin altı soğuk ama temizlik yaptırdım, neden geçmedi?";"bilgi";"3";"https://cbinsaat.com/hizmetler/petek-temizligi/";"SSS bölümü";"Su ve Tesisat"
"petek temizliği kombiye zarar verir mi?";"bilgi";"3";"https://cbinsaat.com/hizmetler/petek-temizligi/";"SSS bölümü";"Su ve Tesisat"
"proje olmadan uygulama yapıyor musunuz?";"bilgi";"3";"https://cbinsaat.com/hizmetler/yangin-tesisati/";"SSS bölümü";"Su ve Tesisat"
"sayaç dönmüyorsa kaçak yok mudur?";"bilgi";"3";"https://cbinsaat.com/hizmetler/su-kacagi-tespiti/";"SSS bölümü";"Su ve Tesisat"
"sirkülasyon pompası ne zaman değişmeli?";"bilgi";"3";"https://cbinsaat.com/hizmetler/mekanik-tesisat/";"SSS bölümü";"Su ve Tesisat"
"yangın pompası jeneratöre bağlanmalı mı?";"bilgi";"3";"https://cbinsaat.com/hizmetler/yangin-tesisati/";"SSS bölümü";"Su ve Tesisat"
"yerden ısıtma tadilatta yapılabilir mi?";"bilgi";"3";"https://cbinsaat.com/hizmetler/mekanik-tesisat/";"SSS bölümü";"Su ve Tesisat"
"doğalgaz bağlantısı yapıyor musunuz?";"bilgi";"3";"https://cbinsaat.com/hizmetler/kafe-restoran-tadilati/";"SSS bölümü";"Ticari Tadilat"
"endüstriyel mutfak ekipmanını siz mi temin ediyorsunuz?";"bilgi";"3";"https://cbinsaat.com/hizmetler/kafe-restoran-tadilati/";"SSS bölümü";"Ticari Tadilat"
"klima montajı dahil mi?";"bilgi";"3";"https://cbinsaat.com/hizmetler/dukkan-ofis-tadilati/";"SSS bölümü";"Ticari Tadilat"
"malatya akçadağ anahtar teslim iş yeri";"yerel";"3";"https://cbinsaat.com/hizmetler/anahtar-teslim-is-yeri/akcadag/";"giriş paragrafı";"Ticari Tadilat"
"malatya akçadağ dükkan ve ofis tadilatı";"yerel";"3";"https://cbinsaat.com/hizmetler/dukkan-ofis-tadilati/akcadag/";"giriş paragrafı";"Ticari Tadilat"
"malatya akçadağ kafe ve restoran tadilatı";"yerel";"3";"https://cbinsaat.com/hizmetler/kafe-restoran-tadilati/akcadag/";"giriş paragrafı";"Ticari Tadilat"
"malatya arapgir anahtar teslim iş yeri";"yerel";"3";"https://cbinsaat.com/hizmetler/anahtar-teslim-is-yeri/arapgir/";"giriş paragrafı";"Ticari Tadilat"
"malatya arapgir dükkan ve ofis tadilatı";"yerel";"3";"https://cbinsaat.com/hizmetler/dukkan-ofis-tadilati/arapgir/";"giriş paragrafı";"Ticari Tadilat"
"malatya arapgir kafe ve restoran tadilatı";"yerel";"3";"https://cbinsaat.com/hizmetler/kafe-restoran-tadilati/arapgir/";"giriş paragrafı";"Ticari Tadilat"
"malatya arguvan anahtar teslim iş yeri";"yerel";"3";"https://cbinsaat.com/hizmetler/anahtar-teslim-is-yeri/arguvan/";"giriş paragrafı";"Ticari Tadilat"
"malatya arguvan dükkan ve ofis tadilatı";"yerel";"3";"https://cbinsaat.com/hizmetler/dukkan-ofis-tadilati/arguvan/";"giriş paragrafı";"Ticari Tadilat"
"malatya arguvan kafe ve restoran tadilatı";"yerel";"3";"https://cbinsaat.com/hizmetler/kafe-restoran-tadilati/arguvan/";"giriş paragrafı";"Ticari Tadilat"
"malatya battalgazi anahtar teslim iş yeri";"yerel";"3";"https://cbinsaat.com/hizmetler/anahtar-teslim-is-yeri/battalgazi/";"giriş paragrafı";"Ticari Tadilat"
"malatya battalgazi dükkan ve ofis tadilatı";"yerel";"3";"https://cbinsaat.com/hizmetler/dukkan-ofis-tadilati/battalgazi/";"giriş paragrafı";"Ticari Tadilat"
"malatya battalgazi kafe ve restoran tadilatı";"yerel";"3";"https://cbinsaat.com/hizmetler/kafe-restoran-tadilati/battalgazi/";"giriş paragrafı";"Ticari Tadilat"
"malatya darende anahtar teslim iş yeri";"yerel";"3";"https://cbinsaat.com/hizmetler/anahtar-teslim-is-yeri/darende/";"giriş paragrafı";"Ticari Tadilat"
"malatya darende dükkan ve ofis tadilatı";"yerel";"3";"https://cbinsaat.com/hizmetler/dukkan-ofis-tadilati/darende/";"giriş paragrafı";"Ticari Tadilat"
"malatya darende kafe ve restoran tadilatı";"yerel";"3";"https://cbinsaat.com/hizmetler/kafe-restoran-tadilati/darende/";"giriş paragrafı";"Ticari Tadilat"
"malatya doğanşehir anahtar teslim iş yeri";"yerel";"3";"https://cbinsaat.com/hizmetler/anahtar-teslim-is-yeri/dogansehir/";"giriş paragrafı";"Ticari Tadilat"
"malatya doğanşehir dükkan ve ofis tadilatı";"yerel";"3";"https://cbinsaat.com/hizmetler/dukkan-ofis-tadilati/dogansehir/";"giriş paragrafı";"Ticari Tadilat"
"malatya doğanşehir kafe ve restoran tadilatı";"yerel";"3";"https://cbinsaat.com/hizmetler/kafe-restoran-tadilati/dogansehir/";"giriş paragrafı";"Ticari Tadilat"
"malatya doğanyol anahtar teslim iş yeri";"yerel";"3";"https://cbinsaat.com/hizmetler/anahtar-teslim-is-yeri/doganyol/";"giriş paragrafı";"Ticari Tadilat"
"malatya doğanyol dükkan ve ofis tadilatı";"yerel";"3";"https://cbinsaat.com/hizmetler/dukkan-ofis-tadilati/doganyol/";"giriş paragrafı";"Ticari Tadilat"
"malatya doğanyol kafe ve restoran tadilatı";"yerel";"3";"https://cbinsaat.com/hizmetler/kafe-restoran-tadilati/doganyol/";"giriş paragrafı";"Ticari Tadilat"
"malatya hekimhan anahtar teslim iş yeri";"yerel";"3";"https://cbinsaat.com/hizmetler/anahtar-teslim-is-yeri/hekimhan/";"giriş paragrafı";"Ticari Tadilat"
"malatya hekimhan dükkan ve ofis tadilatı";"yerel";"3";"https://cbinsaat.com/hizmetler/dukkan-ofis-tadilati/hekimhan/";"giriş paragrafı";"Ticari Tadilat"
"malatya hekimhan kafe ve restoran tadilatı";"yerel";"3";"https://cbinsaat.com/hizmetler/kafe-restoran-tadilati/hekimhan/";"giriş paragrafı";"Ticari Tadilat"
"malatya kale anahtar teslim iş yeri";"yerel";"3";"https://cbinsaat.com/hizmetler/anahtar-teslim-is-yeri/kale/";"giriş paragrafı";"Ticari Tadilat"
"malatya kale dükkan ve ofis tadilatı";"yerel";"3";"https://cbinsaat.com/hizmetler/dukkan-ofis-tadilati/kale/";"giriş paragrafı";"Ticari Tadilat"
"malatya kale kafe ve restoran tadilatı";"yerel";"3";"https://cbinsaat.com/hizmetler/kafe-restoran-tadilati/kale/";"giriş paragrafı";"Ticari Tadilat"
"malatya kuluncak anahtar teslim iş yeri";"yerel";"3";"https://cbinsaat.com/hizmetler/anahtar-teslim-is-yeri/kuluncak/";"giriş paragrafı";"Ticari Tadilat"
"malatya kuluncak dükkan ve ofis tadilatı";"yerel";"3";"https://cbinsaat.com/hizmetler/dukkan-ofis-tadilati/kuluncak/";"giriş paragrafı";"Ticari Tadilat"
"malatya kuluncak kafe ve restoran tadilatı";"yerel";"3";"https://cbinsaat.com/hizmetler/kafe-restoran-tadilati/kuluncak/";"giriş paragrafı";"Ticari Tadilat"
"malatya pütürge anahtar teslim iş yeri";"yerel";"3";"https://cbinsaat.com/hizmetler/anahtar-teslim-is-yeri/puturge/";"giriş paragrafı";"Ticari Tadilat"
"malatya pütürge dükkan ve ofis tadilatı";"yerel";"3";"https://cbinsaat.com/hizmetler/dukkan-ofis-tadilati/puturge/";"giriş paragrafı";"Ticari Tadilat"
"malatya pütürge kafe ve restoran tadilatı";"yerel";"3";"https://cbinsaat.com/hizmetler/kafe-restoran-tadilati/puturge/";"giriş paragrafı";"Ticari Tadilat"
"malatya yazıhan anahtar teslim iş yeri";"yerel";"3";"https://cbinsaat.com/hizmetler/anahtar-teslim-is-yeri/yazihan/";"giriş paragrafı";"Ticari Tadilat"
"malatya yazıhan dükkan ve ofis tadilatı";"yerel";"3";"https://cbinsaat.com/hizmetler/dukkan-ofis-tadilati/yazihan/";"giriş paragrafı";"Ticari Tadilat"
"malatya yazıhan kafe ve restoran tadilatı";"yerel";"3";"https://cbinsaat.com/hizmetler/kafe-restoran-tadilati/yazihan/";"giriş paragrafı";"Ticari Tadilat"
"malatya yeşilyurt anahtar teslim iş yeri";"yerel";"3";"https://cbinsaat.com/hizmetler/anahtar-teslim-is-yeri/yesilyurt/";"giriş paragrafı";"Ticari Tadilat"
"malatya yeşilyurt dükkan ve ofis tadilatı";"yerel";"3";"https://cbinsaat.com/hizmetler/dukkan-ofis-tadilati/yesilyurt/";"giriş paragrafı";"Ticari Tadilat"
"malatya yeşilyurt kafe ve restoran tadilatı";"yerel";"3";"https://cbinsaat.com/hizmetler/kafe-restoran-tadilati/yesilyurt/";"giriş paragrafı";"Ticari Tadilat"
"mimari proje olmadan olur mu?";"bilgi";"3";"https://cbinsaat.com/hizmetler/anahtar-teslim-is-yeri/";"SSS bölümü";"Ticari Tadilat"
"ruhsat ve izin süreçlerini yürütüyor musunuz?";"bilgi";"3";"https://cbinsaat.com/hizmetler/kafe-restoran-tadilati/";"SSS bölümü";"Ticari Tadilat"
"sanayi sitesindeki dükkânımın gücü yetmiyor, ne yapmalıyım?";"bilgi";"3";"https://cbinsaat.com/hizmetler/anahtar-teslim-is-yeri/";"SSS bölümü";"Ticari Tadilat"
"1+1 daire tadilatı fiyatları";"ticari";"3";"https://cbinsaat.com/hizmetler/daire-tadilati/";"fiyatı ne belirler bölümü";"Yapı tipi"
"1+1 daire yenileme malatya";"ticari";"3";"https://cbinsaat.com/hizmetler/komple-ev-tadilati/";"gövde metni";"Yapı tipi"
"2+1 daire tadilatı fiyatları";"ticari";"3";"https://cbinsaat.com/hizmetler/daire-tadilati/";"fiyatı ne belirler bölümü";"Yapı tipi"
"2+1 daire yenileme malatya";"ticari";"3";"https://cbinsaat.com/hizmetler/komple-ev-tadilati/";"gövde metni";"Yapı tipi"
"3+1 daire tadilatı fiyatları";"ticari";"3";"https://cbinsaat.com/hizmetler/daire-tadilati/";"fiyatı ne belirler bölümü";"Yapı tipi"
"3+1 daire yenileme malatya";"ticari";"3";"https://cbinsaat.com/hizmetler/komple-ev-tadilati/";"gövde metni";"Yapı tipi"
"4+1 daire tadilatı fiyatları";"ticari";"3";"https://cbinsaat.com/hizmetler/daire-tadilati/";"fiyatı ne belirler bölümü";"Yapı tipi"
"4+1 daire yenileme malatya";"ticari";"3";"https://cbinsaat.com/hizmetler/komple-ev-tadilati/";"gövde metni";"Yapı tipi"
"bağ evi tadilatı fiyatları";"ticari";"3";"https://cbinsaat.com/hizmetler/daire-tadilati/";"fiyatı ne belirler bölümü";"Yapı tipi"
"bağ evi yenileme malatya";"ticari";"3";"https://cbinsaat.com/hizmetler/komple-ev-tadilati/";"gövde metni";"Yapı tipi"
"dubleks tadilatı fiyatları";"ticari";"3";"https://cbinsaat.com/hizmetler/daire-tadilati/";"fiyatı ne belirler bölümü";"Yapı tipi"
"dubleks yenileme malatya";"ticari";"3";"https://cbinsaat.com/hizmetler/komple-ev-tadilati/";"gövde metni";"Yapı tipi"
"müstakil ev tadilatı fiyatları";"ticari";"3";"https://cbinsaat.com/hizmetler/daire-tadilati/";"fiyatı ne belirler bölümü";"Yapı tipi"
"müstakil ev yenileme malatya";"ticari";"3";"https://cbinsaat.com/hizmetler/komple-ev-tadilati/";"gövde metni";"Yapı tipi"
"villa tadilatı fiyatları";"ticari";"3";"https://cbinsaat.com/hizmetler/daire-tadilati/";"fiyatı ne belirler bölümü";"Yapı tipi"
"yazlık tadilatı fiyatları";"ticari";"3";"https://cbinsaat.com/hizmetler/daire-tadilati/";"fiyatı ne belirler bölümü";"Yapı tipi"
"yazlık yenileme malatya";"ticari";"3";"https://cbinsaat.com/hizmetler/komple-ev-tadilati/";"gövde metni";"Yapı tipi"